country,hormuz_exposure_share_pct,gfw_pre_voyages,gfw_capacity_change_pct,observed_volume_change,observed_volume_source
Pakistan,100.0,15,-93.7,,
Bangladesh,85.2,14,-0.7,,
India,66.8,78,-22.0,-8% YoY (Mar-Apr26 vs prior yr; vs +5% pre-trend),PPAC/DGCIS real import volume
Taiwan,37.3,60,-34.7,,
China,13.4,112,-2.3,,
Thailand,6.8,28,3.8,,
South Korea,5.6,88,-37.0,,
Japan,5.1,155,-32.6,Gulf-src -27% YoY / -35% vs pre (total +14% YoY),"UN Comtrade 271111 by-partner (real, by-source)"
Kuwait,0.0,9,-67.9,,
