model,target,fold,train_start,train_end,test_start,test_end,n_train,n_test,n_scored,mae,rmse,mase,smape
seasonal_naive_7d,hormuz_tanker_transits,fold_01,2022-01-01,2022-12-31,2023-01-01,2023-01-30,365,30,7,6.714285714285714,8.008923594519874,0.7628417282495353,12.714504862416657
seasonal_naive_7d,hormuz_tanker_transits,fold_02,2022-01-01,2023-01-30,2023-01-31,2023-03-01,395,30,7,10.0,10.836446439150217,1.149970361588619,17.457840928298822
seasonal_naive_7d,hormuz_tanker_transits,fold_03,2022-01-01,2023-03-01,2023-03-02,2023-03-31,425,30,7,9.428571428571429,10.392304845413264,1.047897595624264,15.66517735840692
seasonal_naive_7d,hormuz_tanker_transits,fold_04,2022-01-01,2023-03-31,2023-04-01,2023-04-30,455,30,7,6.857142857142857,9.651054716602593,0.7651307596513076,11.935804437692505
seasonal_naive_7d,hormuz_tanker_transits,fold_05,2022-01-01,2023-04-30,2023-05-01,2023-05-30,485,30,7,4.571428571428571,6.0,0.5053521871283203,7.53369961580088
seasonal_naive_7d,hormuz_tanker_transits,fold_06,2022-01-01,2023-05-30,2023-05-31,2023-06-29,515,30,7,10.0,11.186726828829652,1.1021913647211978,15.661075692066781
seasonal_naive_7d,hormuz_tanker_transits,fold_07,2022-01-01,2023-06-29,2023-06-30,2023-07-29,545,30,7,11.714285714285714,12.994504332876375,1.2799118022513636,18.176311321533984
seasonal_naive_7d,hormuz_tanker_transits,fold_08,2022-01-01,2023-07-29,2023-07-30,2023-08-28,575,30,7,9.428571428571429,10.915257997081753,1.0332681017612524,14.519852359926269
seasonal_naive_7d,hormuz_tanker_transits,fold_09,2022-01-01,2023-08-28,2023-08-29,2023-09-27,605,30,7,13.142857142857142,15.892495983055293,1.444216937050454,21.616358296271994
seasonal_naive_7d,hormuz_tanker_transits,fold_10,2022-01-01,2023-09-27,2023-09-28,2023-10-27,635,30,7,8.428571428571429,10.399175791516226,0.917355781133944,12.58330135857879
seasonal_naive_7d,hormuz_tanker_transits,fold_11,2022-01-01,2023-10-27,2023-10-28,2023-11-26,665,30,7,12.142857142857142,14.545495129813512,1.3171777118364654,21.49445802689715
seasonal_naive_7d,hormuz_tanker_transits,fold_12,2022-01-01,2023-11-26,2023-11-27,2023-12-26,695,30,7,4.857142857142857,6.07100838882165,0.5132413278627378,9.178431080809053
seasonal_naive_7d,hormuz_tanker_transits,fold_13,2022-01-01,2023-12-26,2023-12-27,2024-01-25,725,30,7,5.857142857142857,7.201190377787748,0.6245067673639102,10.299368069183599
seasonal_naive_7d,hormuz_tanker_transits,fold_14,2022-01-01,2024-01-25,2024-01-26,2024-02-24,755,30,7,5.428571428571429,7.0710678118654755,0.5873819511892707,10.078448016312693
seasonal_naive_7d,hormuz_tanker_transits,fold_15,2022-01-01,2024-02-24,2024-02-25,2024-03-25,785,30,7,8.714285714285714,11.129112402035611,0.9484770964905267,17.22891202003971
seasonal_naive_7d,hormuz_tanker_transits,fold_16,2022-01-01,2024-03-25,2024-03-26,2024-04-24,815,30,7,7.857142857142857,10.191032472578177,0.848285866992441,13.078434124681207
seasonal_naive_7d,hormuz_tanker_transits,fold_17,2022-01-01,2024-04-24,2024-04-25,2024-05-24,845,30,7,13.285714285714286,15.075997953227319,1.4363860884309858,21.49478030958793
seasonal_naive_7d,hormuz_tanker_transits,fold_18,2022-01-01,2024-05-24,2024-05-25,2024-06-23,875,30,7,6.714285714285714,7.435436388384631,0.7273181080743791,10.719954221400533
seasonal_naive_7d,hormuz_tanker_transits,fold_19,2022-01-01,2024-06-23,2024-06-24,2024-07-23,905,30,7,8.142857142857142,10.481275822014362,0.8934855467113532,12.918847038674192
seasonal_naive_7d,hormuz_tanker_transits,fold_20,2022-01-01,2024-07-23,2024-07-24,2024-08-22,935,30,7,10.714285714285714,11.680264184879185,1.1832508797878307,18.525094877383367
seasonal_naive_7d,hormuz_tanker_transits,fold_21,2022-01-01,2024-08-22,2024-08-23,2024-09-21,965,30,7,18.0,20.989793438036223,1.986407095956687,29.574623070404293
seasonal_naive_7d,hormuz_tanker_transits,fold_22,2022-01-01,2024-09-21,2024-09-22,2024-10-21,995,30,7,7.571428571428571,9.312050564418437,0.8316366235210038,12.020350614455001
seasonal_naive_7d,hormuz_tanker_transits,fold_23,2022-01-01,2024-10-21,2024-10-22,2024-11-20,1025,30,7,8.0,9.456668093391638,0.878627683676772,14.83223068518758
seasonal_naive_7d,hormuz_tanker_transits,fold_24,2022-01-01,2024-11-20,2024-11-21,2024-12-20,1055,30,7,9.428571428571429,11.122692377040988,1.0355421145611883,17.709743990423
seasonal_naive_7d,hormuz_tanker_transits,fold_25,2022-01-01,2024-12-20,2024-12-21,2025-01-19,1085,30,7,11.285714285714286,12.403916432205712,1.2435858121230707,25.50713480423034
seasonal_naive_7d,hormuz_tanker_transits,fold_26,2022-01-01,2025-01-19,2025-01-20,2025-02-18,1115,30,7,12.142857142857142,12.529964086141668,1.3356781211442186,27.574740073392146
seasonal_naive_7d,hormuz_tanker_transits,fold_27,2022-01-01,2025-02-18,2025-02-19,2025-03-20,1145,30,7,5.571428571428571,6.813851438692469,0.6150243199423527,10.576041050698281
seasonal_naive_7d,hormuz_tanker_transits,fold_28,2022-01-01,2025-03-20,2025-03-21,2025-04-19,1175,30,7,15.571428571428571,18.727367292662514,1.7008723998343376,30.180629574224838
seasonal_naive_7d,hormuz_tanker_transits,fold_29,2022-01-01,2025-04-19,2025-04-20,2025-05-19,1205,30,7,17.714285714285715,20.156530313665453,1.912900151948286,31.184891434931792
seasonal_naive_7d,hormuz_tanker_transits,fold_30,2022-01-01,2025-05-19,2025-05-20,2025-06-18,1235,30,7,9.0,10.869354035215576,0.9655774943211602,14.97151518850841
seasonal_naive_7d,hormuz_tanker_transits,fold_31,2022-01-01,2025-06-18,2025-06-19,2025-07-18,1265,30,7,12.285714285714286,14.142135623730951,1.315915587179955,21.332727584081958
seasonal_naive_7d,hormuz_tanker_transits,fold_32,2022-01-01,2025-07-18,2025-07-19,2025-08-17,1295,30,7,7.285714285714286,8.693182879212227,0.7792725460886896,13.06598299883482
seasonal_naive_7d,hormuz_tanker_transits,fold_33,2022-01-01,2025-08-17,2025-08-18,2025-09-16,1325,30,7,9.142857142857142,10.099504938362077,0.9821734219810673,15.136995158412034
seasonal_naive_7d,hormuz_tanker_transits,fold_34,2022-01-01,2025-09-16,2025-09-17,2025-10-16,1355,30,7,10.428571428571429,13.974466511667423,1.116577782820833,19.494005873876002
seasonal_naive_7d,hormuz_tanker_transits,fold_35,2022-01-01,2025-10-16,2025-10-17,2025-11-15,1385,30,7,9.857142857142858,10.856202966836188,1.050188870971305,20.089504638313453
seasonal_naive_7d,hormuz_tanker_transits,fold_36,2022-01-01,2025-11-15,2025-11-16,2025-12-15,1415,30,7,6.0,7.596991885890475,0.6385487528344671,11.281788113499307
seasonal_naive_7d,hormuz_tanker_transits,fold_37,2022-01-01,2025-12-15,2025-12-16,2026-01-14,1445,30,7,4.285714285714286,5.7817446699565895,0.45738883352064286,12.574292875044755
seasonal_naive_7d,hormuz_tanker_transits,fold_38,2022-01-01,2026-01-14,2026-01-15,2026-02-13,1475,30,7,7.142857142857143,8.992059989632123,0.7651013707197583,18.566480723343467
seasonal_naive_7d,hormuz_tanker_capacity,fold_01,2022-01-01,2022-12-31,2023-01-01,2023-01-30,365,30,7,689199.7142857143,744838.5346428158,0.8361350567491581,26.78700165611925
seasonal_naive_7d,hormuz_tanker_capacity,fold_02,2022-01-01,2023-01-30,2023-01-31,2023-03-01,395,30,7,731044.4285714285,895805.2765323978,0.8937069925575037,24.841158561800842
seasonal_naive_7d,hormuz_tanker_capacity,fold_03,2022-01-01,2023-03-01,2023-03-02,2023-03-31,425,30,7,959458.8571428572,1141542.8528866412,1.1776519580512466,32.27360930318256
seasonal_naive_7d,hormuz_tanker_capacity,fold_04,2022-01-01,2023-03-31,2023-04-01,2023-04-30,455,30,7,452005.0,524593.699968298,0.5582031906658971,16.056257489174982
seasonal_naive_7d,hormuz_tanker_capacity,fold_05,2022-01-01,2023-04-30,2023-05-01,2023-05-30,485,30,7,1044771.0,1200696.675479401,1.310354943364193,36.51399367499724
seasonal_naive_7d,hormuz_tanker_capacity,fold_06,2022-01-01,2023-05-30,2023-05-31,2023-06-29,515,30,7,945291.5714285715,1246146.4585722429,1.160595556153086,28.581917473765344
seasonal_naive_7d,hormuz_tanker_capacity,fold_07,2022-01-01,2023-06-29,2023-06-30,2023-07-29,545,30,7,687900.0,909003.6610845651,0.8500417802808444,20.204588872923647
seasonal_naive_7d,hormuz_tanker_capacity,fold_08,2022-01-01,2023-07-29,2023-07-30,2023-08-28,575,30,7,363415.0,476915.0783643622,0.4541431000777182,12.136129435798868
seasonal_naive_7d,hormuz_tanker_capacity,fold_09,2022-01-01,2023-08-28,2023-08-29,2023-09-27,605,30,7,662696.2857142857,876363.1854574579,0.8419354167818054,27.39701766124919
seasonal_naive_7d,hormuz_tanker_capacity,fold_10,2022-01-01,2023-09-27,2023-09-28,2023-10-27,635,30,7,679812.2857142857,808867.0595887277,0.8710837873750498,23.61979527779113
seasonal_naive_7d,hormuz_tanker_capacity,fold_11,2022-01-01,2023-10-27,2023-10-28,2023-11-26,665,30,7,746424.0,863950.7659798345,0.9553492655470478,28.029462837848513
seasonal_naive_7d,hormuz_tanker_capacity,fold_12,2022-01-01,2023-11-26,2023-11-27,2023-12-26,695,30,7,947322.1428571428,1048687.2104778704,1.2127391819246915,40.28915569852825
seasonal_naive_7d,hormuz_tanker_capacity,fold_13,2022-01-01,2023-12-26,2023-12-27,2024-01-25,725,30,7,715718.8571428572,827359.0071524488,0.9186835120580972,28.112275216463168
seasonal_naive_7d,hormuz_tanker_capacity,fold_14,2022-01-01,2024-01-25,2024-01-26,2024-02-24,755,30,7,603584.2857142857,705199.5878665436,0.7763971642244996,25.342099704051652
seasonal_naive_7d,hormuz_tanker_capacity,fold_15,2022-01-01,2024-02-24,2024-02-25,2024-03-25,785,30,7,903428.2857142857,1117398.9162612045,1.1620584621536467,36.47141822149279
seasonal_naive_7d,hormuz_tanker_capacity,fold_16,2022-01-01,2024-03-25,2024-03-26,2024-04-24,815,30,7,1291315.5714285714,1364408.8046880022,1.6586694941210418,45.58780371501174
seasonal_naive_7d,hormuz_tanker_capacity,fold_17,2022-01-01,2024-04-24,2024-04-25,2024-05-24,845,30,7,736760.4285714285,961702.6923247715,0.9421985608517639,26.061651728912246
seasonal_naive_7d,hormuz_tanker_capacity,fold_18,2022-01-01,2024-05-24,2024-05-25,2024-06-23,875,30,7,721014.0,876101.904542747,0.910575676266832,25.25424511241612
seasonal_naive_7d,hormuz_tanker_capacity,fold_19,2022-01-01,2024-06-23,2024-06-24,2024-07-23,905,30,7,660129.7142857143,756457.591421451,0.8365692938571415,24.239045377796682
seasonal_naive_7d,hormuz_tanker_capacity,fold_20,2022-01-01,2024-07-23,2024-07-24,2024-08-22,935,30,7,1252082.2857142857,1280775.6462181143,1.590260695666146,43.14272678354701
seasonal_naive_7d,hormuz_tanker_capacity,fold_21,2022-01-01,2024-08-22,2024-08-23,2024-09-21,965,30,7,403735.85714285716,568366.3721168642,0.5130438491188215,13.718316342543707
seasonal_naive_7d,hormuz_tanker_capacity,fold_22,2022-01-01,2024-09-21,2024-09-22,2024-10-21,995,30,7,873648.7142857143,1121722.8532324093,1.1160765861952784,33.891552201510905
seasonal_naive_7d,hormuz_tanker_capacity,fold_23,2022-01-01,2024-10-21,2024-10-22,2024-11-20,1025,30,7,523225.71428571426,576187.353948101,0.668358951237324,22.600665599652007
seasonal_naive_7d,hormuz_tanker_capacity,fold_24,2022-01-01,2024-11-20,2024-11-21,2024-12-20,1055,30,7,689659.7142857143,858844.3517158891,0.88206627411642,28.24121476210119
seasonal_naive_7d,hormuz_tanker_capacity,fold_25,2022-01-01,2024-12-20,2024-12-21,2025-01-19,1085,30,7,429206.4285714286,489987.6725506178,0.5449365511527126,21.67410570516087
seasonal_naive_7d,hormuz_tanker_capacity,fold_26,2022-01-01,2025-01-19,2025-01-20,2025-02-18,1115,30,7,345990.28571428574,499473.6964331269,0.4414953240377098,16.21801699578174
seasonal_naive_7d,hormuz_tanker_capacity,fold_27,2022-01-01,2025-02-18,2025-02-19,2025-03-20,1145,30,7,761485.5714285715,832565.2787968898,0.9785434864574366,30.56511913523532
seasonal_naive_7d,hormuz_tanker_capacity,fold_28,2022-01-01,2025-03-20,2025-03-21,2025-04-19,1175,30,7,1190621.857142857,1543399.2988136378,1.5211710017236133,50.271575009414725
seasonal_naive_7d,hormuz_tanker_capacity,fold_29,2022-01-01,2025-04-19,2025-04-20,2025-05-19,1205,30,7,796203.4285714285,915446.6041495032,1.0125687517835924,31.597899955997438
seasonal_naive_7d,hormuz_tanker_capacity,fold_30,2022-01-01,2025-05-19,2025-05-20,2025-06-18,1235,30,7,533081.5714285715,683916.531822728,0.6789632843222008,19.906611550114082
seasonal_naive_7d,hormuz_tanker_capacity,fold_31,2022-01-01,2025-06-18,2025-06-19,2025-07-18,1265,30,7,410082.85714285716,495144.4579185236,0.5246853317500713,15.89974120761639
seasonal_naive_7d,hormuz_tanker_capacity,fold_32,2022-01-01,2025-07-18,2025-07-19,2025-08-17,1295,30,7,750866.0,909712.9583078076,0.9639393435357708,27.62036345556903
seasonal_naive_7d,hormuz_tanker_capacity,fold_33,2022-01-01,2025-08-17,2025-08-18,2025-09-16,1325,30,7,728030.8571428572,820714.6731943882,0.9369021150197083,24.816420269876872
seasonal_naive_7d,hormuz_tanker_capacity,fold_34,2022-01-01,2025-09-16,2025-09-17,2025-10-16,1355,30,7,243904.57142857142,295635.8319361363,0.31571681144764036,9.436194209099687
seasonal_naive_7d,hormuz_tanker_capacity,fold_35,2022-01-01,2025-10-16,2025-10-17,2025-11-15,1385,30,7,775104.0,963680.4547578444,1.004094101118446,31.28943575156549
seasonal_naive_7d,hormuz_tanker_capacity,fold_36,2022-01-01,2025-11-15,2025-11-16,2025-12-15,1415,30,7,502199.14285714284,657950.1918914531,0.652085320649742,18.630863430100725
seasonal_naive_7d,hormuz_tanker_capacity,fold_37,2022-01-01,2025-12-15,2025-12-16,2026-01-14,1445,30,7,700423.5714285715,905821.8084062828,0.910797566537887,38.31841451083336
seasonal_naive_7d,hormuz_tanker_capacity,fold_38,2022-01-01,2026-01-14,2026-01-15,2026-02-13,1475,30,7,901505.0,1102304.1380000997,1.1730700501699036,41.96189635862965
