imo,sample_period,event_id,project_id,terminal_name,terminal_lat,terminal_lon,end,destination_event_id,destination_project_id,destination_terminal_name,destination_terminal_lat,destination_terminal_lon,destination_start,destination_terminal_role,endpoint_status
9337705,pre,0cdd49b2cac8e3224c2d1bf73d5b6a6b,T100000130594,QatarEnergy LNG (N),25.908412,51.557708,2025-03-04 04:31:18+00:00,b21bfdac2b8aaf5828e19bf1f252f99a,T100000130291,Pengerang Johor LNG Terminal,1.341382,104.182089,2025-03-29 01:25:48+00:00,regasification,resolved_liquefaction_to_regasification
9337705,pre,24abf5c624f176f6c2ce3453aea23044,T100000130594,QatarEnergy LNG (N),25.908412,51.557708,2025-04-13 19:17:09+00:00,8e3992e9b8988b0d292d64ac5e4ffb54,T100000130384,Guangdong Dapeng LNG Terminal,22.5796,114.4345,2025-05-05 02:19:16+00:00,regasification,resolved_liquefaction_to_regasification
9337705,pre,72100eed9b53a3c2312b0f6628b242bb,T100000130594,QatarEnergy LNG (N),25.908412,51.557708,2025-05-23 04:52:53+00:00,,,,,,,,right_censored
9337717,pre,1e401f8e6415a0eebaf31a9ed0048562,T100000130594,QatarEnergy LNG (N),25.908412,51.557708,2025-03-08 04:42:58+00:00,0fe22ea9726fcc493b162adef3eab5c5,T100000130392,Rudong LNG Terminal (PetroChina),32.528814,121.428128,2025-03-28 03:18:16+00:00,regasification,resolved_liquefaction_to_regasification
9337717,pre,ce89659ad36398695a2f7147696d0aad,T100000130594,QatarEnergy LNG (N),25.908412,51.557708,2025-04-17 20:51:30+00:00,2554d9f098753185fb6c38fa19b411fa,T100000130466,Adriatic LNG Terminal,45.091667,12.586111,2025-05-25 15:44:05+00:00,regasification,resolved_liquefaction_to_regasification
9337729,post,a1b3c3732cccfb280edc4322102ad28a,T100000130593,Oman Qalhat LNG Terminal,22.6586,59.40748,2026-05-04 19:42:12+00:00,dfd6ea7f77c6ea1fa26e706f13d17afa,T100000130467,Futtsu LNG Terminal,35.3451724,139.8213313,2026-05-21 23:03:53+00:00,regasification,resolved_liquefaction_to_regasification
9337729,pre,f4797f18beb9c5cea0e7c1a6b6e83cc1,T100000130594,QatarEnergy LNG (N),25.908412,51.557708,2025-04-05 22:59:32+00:00,f563c94dc4aca023521dc3e8e3bef2ce,T100000130312,Incheon LNG Terminal,37.35124,126.602,2025-04-25 03:10:05+00:00,regasification,resolved_liquefaction_to_regasification
9337729,pre,1c128a664c7576d315dc7e9831c0b63f,T100000130594,QatarEnergy LNG (N),25.908412,51.557708,2025-05-15 15:59:26+00:00,,,,,,,,right_censored
9337731,pre,17dc56f7d22e4e88ec04bad36cf71816,T100000130594,QatarEnergy LNG (N),25.908412,51.557708,2025-03-27 19:07:15+00:00,bfa585213d62e0d36c8c2f8edaa50ec4,T100000130557,South Hook LNG Terminal,51.7152,-5.07627,2025-04-28 23:30:18+00:00,regasification,resolved_liquefaction_to_regasification
9337731,pre,541ce029e666b13bc419b86bcdefe3be,T100000130594,QatarEnergy LNG (N),25.908412,51.557708,2025-06-03 03:52:15+00:00,,,,,,,,right_censored
9337743,pre,01684d5bf8a70cd75f343427df164b2d,T100000130594,QatarEnergy LNG (N),25.908412,51.557708,2025-04-11 00:33:36+00:00,f09b360b00332f181fbef261bb3cd3f7,T100000130794,Huizhou LNG Terminal,22.611927,114.742272,2025-04-28 07:02:35+00:00,regasification,resolved_liquefaction_to_regasification
9337743,pre,668d631225cd4d3d56868245517a19b9,T100000130594,QatarEnergy LNG (N),25.908412,51.557708,2025-05-15 20:48:46+00:00,,,,,,,,right_censored
9337951,pre,2c695e5b2b8b23ed9968278b5d768548,T100000130594,QatarEnergy LNG (N),25.908412,51.557708,2025-03-29 05:17:00+00:00,,,,,,,,right_censored
9337963,post,4c5a46b9ad6a444b29fde2ce7a3004af,T100000130214,Cameron LNG Terminal,30.035379,-93.3383732,2026-05-24 08:30:03+00:00,,,,,,,,right_censored
9337963,pre,7e918b0fd85a39b711e24584b5f066cc,T100000130594,QatarEnergy LNG (N),25.908412,51.557708,2025-03-02 04:00:00+00:00,a5c5e980dfb87994162318a8112aace7,T100000130384,Guangdong Dapeng LNG Terminal,22.5796,114.4345,2025-03-22 05:50:51+00:00,regasification,resolved_liquefaction_to_regasification
9337963,pre,0b9de58355c193a771ad328708beb33b,T100000130594,QatarEnergy LNG (N),25.908412,51.557708,2025-04-10 21:57:08+00:00,,,,,,,,right_censored
9337975,pre,ed66d872b8f3d928154c9680c7d690cc,T100000130594,QatarEnergy LNG (N),25.908412,51.557708,2025-04-01 03:49:30+00:00,9cc4c2c9b6004d2146800594ba19e30e,T100000130671,Al Zour LNG Terminal,28.7183683,48.3973631,2025-04-07 04:04:13+00:00,regasification,resolved_liquefaction_to_regasification
9337975,pre,7c5b9f617786462967aed0bd4e4221d7,T100000130594,QatarEnergy LNG (N),25.908412,51.557708,2025-04-10 10:05:49+00:00,ae4bb28b78015426607f1eb48d1c6774,T100000130427,Dahej LNG Terminal,21.6746,72.536,2025-04-14 22:35:16+00:00,regasification,resolved_liquefaction_to_regasification
9337975,pre,6c95eec1b93647c9a5a9e35859dd045a,T100000130594,QatarEnergy LNG (N),25.908412,51.557708,2025-04-22 09:25:34+00:00,da3d3f2e5b1862e19ccbde145dbb8ab1,T100000130466,Adriatic LNG Terminal,45.091667,12.586111,2025-05-30 08:29:10+00:00,regasification,resolved_liquefaction_to_regasification
9338266,pre,e3eab1e35793f7d9239c35714cf39fc3,T100000130594,QatarEnergy LNG (N),25.908412,51.557708,2025-04-29 18:08:36+00:00,5328c622c36b729abe89b897ff92d0cd,T100000130671,Al Zour LNG Terminal,28.7183683,48.3973631,2025-05-03 04:16:34+00:00,regasification,resolved_liquefaction_to_regasification
9338266,pre,ce5e394b2770f5400ff95f48dc8c02ed,T100000130594,QatarEnergy LNG (N),25.908412,51.557708,2025-05-06 12:15:50+00:00,,,,,,,,right_censored
9360790,pre,17040abddff5e3e9ee6ceec2b66e7692,T100000130594,QatarEnergy LNG (N),25.908412,51.557708,2025-03-16 10:50:30+00:00,77af1084e72d1ea0c90d6803bdde13e0,T100000130671,Al Zour LNG Terminal,28.7183683,48.3973631,2025-03-22 03:53:17+00:00,regasification,resolved_liquefaction_to_regasification
9360790,pre,46cee54ae32cbf326ba39acb0c985446,T100000130594,QatarEnergy LNG (N),25.908412,51.557708,2025-03-26 17:06:05+00:00,d1e2e800fcf6cbf05b760a850fb95d47,T100000130498,Świnoujście Polskie LNG Terminal,53.909167,14.294722,2025-05-02 05:22:10+00:00,regasification,resolved_liquefaction_to_regasification
9360805,pre,18c7c04ebcb85330b8610a7be2f3a316,T100000130594,QatarEnergy LNG (N),25.908412,51.557708,2025-03-09 18:25:33+00:00,d36dbb991dccb693c0b09dfb2e93bb64,T100000130272,Summit FSRU,21.562987,91.821147,2025-03-22 01:51:20+00:00,regasification,resolved_liquefaction_to_regasification
9360805,pre,6449fc449f3d70ac07009f5b84f8e689,T100000130594,QatarEnergy LNG (N),25.908412,51.557708,2025-04-02 15:35:05+00:00,e3f126ed831912b32c29ce459fc09be2,T100000130411,Tianjin LNG Terminal (Sinopec),38.749154,117.714895,2025-04-25 01:28:19+00:00,regasification,resolved_liquefaction_to_regasification
9360805,pre,fa28881274a805ed99c46fec7223a76c,T100000130594,QatarEnergy LNG (N),25.908412,51.557708,2025-05-18 18:34:05+00:00,,,,,,,,right_censored
9360817,pre,4d221b4c024b51eed6fc2c55feb3cfcc,T100000130594,QatarEnergy LNG (N),25.908412,51.557708,2025-03-15 07:48:20+00:00,c03b3d67267c48f1c85365a06d5a6c89,T100000130498,Świnoujście Polskie LNG Terminal,53.909167,14.294722,2025-04-19 05:20:52+00:00,regasification,resolved_liquefaction_to_regasification
9360817,pre,338df16d34620b93762aaa217f0d6665,T100000130594,QatarEnergy LNG (N),25.908412,51.557708,2025-05-23 10:00:44+00:00,,,,,,,,right_censored
9360829,post,e7fc0a14683ffd68dcd9188c3d3f389a,T100000130594,QatarEnergy LNG (N),25.908412,51.557708,2026-05-15 03:01:04+00:00,,,,,,,,right_censored
9360829,pre,d0a5fbf64a7ece85d1c3b52bb178a36f,T100000130594,QatarEnergy LNG (N),25.908412,51.557708,2025-04-25 05:06:40+00:00,c6c4adc089234ec13cc5dec638a854e9,T100000130299,GasPort FSRU,24.7749916,67.288333,2025-04-30 03:48:08+00:00,regasification,resolved_liquefaction_to_regasification
9360829,pre,a0559154c4e56262b53c199af7392597,T100000130594,QatarEnergy LNG (N),25.908412,51.557708,2025-05-05 20:24:35+00:00,0830d96f55f84ad2b4afe2b2f0ad0386,T100000130481,Himeji Joint LNG Terminal,34.816667,134.683333,2025-05-27 00:53:54+00:00,regasification,resolved_liquefaction_to_regasification
9360831,pre,9aa5d51f31d618c7d76442dfd7e4dcbd,T100000130594,QatarEnergy LNG (N),25.908412,51.557708,2025-05-04 05:24:46+00:00,2e99a3965c71184a050360f3c4d9b38f,T100000130321,Map Ta Phut LNG Terminal 1,12.651686,101.159533,2025-05-17 22:59:44+00:00,regasification,resolved_liquefaction_to_regasification
9360831,pre,d013878c723f77931b9f6f9869989372,T100000130594,QatarEnergy LNG (N),25.908412,51.557708,2025-06-01 21:46:53+00:00,,,,,,,,right_censored
9360843,pre,0886c6b5063efb3a5a99ce88bcb7aa2d,T100000130594,QatarEnergy LNG (N),25.908412,51.557708,2025-03-07 20:34:41+00:00,c3bc40f9e3010aa2153f40afde9ea6f8,T100000130466,Adriatic LNG Terminal,45.091667,12.586111,2025-04-13 06:10:07+00:00,regasification,resolved_liquefaction_to_regasification
9360843,pre,ac74d523e1225afbc91e77b2d85d25c5,T100000130594,QatarEnergy LNG (N),25.908412,51.557708,2025-06-05 11:58:10+00:00,,,,,,,,right_censored
9360855,post,085ea5816753b5e0a2d6bd068de4147a,T100000130594,QatarEnergy LNG (N),25.908412,51.557708,2026-03-31 10:46:20+00:00,,,,,,,,right_censored
9360855,pre,e9f006f6c52790a199b199b6ba61c40d,T100000130594,QatarEnergy LNG (N),25.908412,51.557708,2025-04-12 06:12:31+00:00,fd7666b35284527d33005c7190340168,T100000130466,Adriatic LNG Terminal,45.091667,12.586111,2025-05-20 16:40:30+00:00,regasification,resolved_liquefaction_to_regasification
9360867,pre,f8b8a4b5ab948d7b57097601ff70b488,T100000130594,QatarEnergy LNG (N),25.908412,51.557708,2025-03-04 13:57:53+00:00,575aa0de8c49fb9429613c80bc98aa99,T100000130312,Incheon LNG Terminal,37.35124,126.602,2025-03-24 00:05:23+00:00,regasification,resolved_liquefaction_to_regasification
9360867,pre,e1c9ef64b90ec43e3d79252d64e385e9,T100000130594,QatarEnergy LNG (N),25.908412,51.557708,2025-04-16 06:32:34+00:00,83008c84d080852febdea81634c4f092,T100000130557,South Hook LNG Terminal,51.7152,-5.07627,2025-05-18 23:36:00+00:00,regasification,resolved_liquefaction_to_regasification
9360879,pre,8c3cfc9e85ed2c723b9ae1affc408e43,T100000130594,QatarEnergy LNG (N),25.908412,51.557708,2025-03-13 07:50:03+00:00,d3c54463d6847edc296b90047e0f4204,T100000130811,Tangshan LNG Terminal (Xintian),38.938745,118.541145,2025-05-14 21:56:59+00:00,regasification,resolved_liquefaction_to_regasification
9360881,pre,b9e7fae3f8ba537b802dc3d29d600e09,T100000130594,QatarEnergy LNG (N),25.908412,51.557708,2025-03-19 11:46:03+00:00,23c49f41f2e4bcfb3368b3ae31f3a1d8,T100000130466,Adriatic LNG Terminal,45.091667,12.586111,2025-04-26 06:38:58+00:00,regasification,resolved_liquefaction_to_regasification
9360881,pre,278fa5c33d4dc26982427a14717054be,T100000130594,QatarEnergy LNG (N),25.908412,51.557708,2025-06-02 07:21:48+00:00,,,,,,,,right_censored
9360893,pre,6c5286d8800b2770da3fb79781f26564,T100000130594,QatarEnergy LNG (N),25.908412,51.557708,2025-05-01 11:43:04+00:00,,,,,,,,right_censored
9397286,post,b286a213d5f9746cb56cc73c8e0d1b0c,T100000130594,QatarEnergy LNG (N),25.908412,51.557708,2026-02-28 09:58:14+00:00,,,,,,,,right_censored
9397327,post,d5624a7d94d3ee71934602a42a74bb30,T100000130594,QatarEnergy LNG (N),25.908412,51.557708,2026-02-28 09:30:57+00:00,f8c4f16f695865ebf121fcf3a41df017,T100000130671,Al Zour LNG Terminal,28.7183683,48.3973631,2026-04-20 04:52:09+00:00,regasification,resolved_liquefaction_to_regasification
9397327,post,97afdb43fef9070615455247ba10a69f,T100000130594,QatarEnergy LNG (N),25.908412,51.557708,2026-04-24 03:25:33+00:00,5eee771fa5a62935b1269b9e608712ee,T100000130299,GasPort FSRU,24.7749916,67.288333,2026-05-13 01:58:07+00:00,regasification,resolved_liquefaction_to_regasification
9397327,pre,77af9884590ae23acd81950407039a6d,T100000130594,QatarEnergy LNG (N),25.908412,51.557708,2025-03-27 18:05:04+00:00,9359ca7111207f8c6687107c56864a07,T100000130466,Adriatic LNG Terminal,45.091667,12.586111,2025-04-30 14:50:08+00:00,regasification,resolved_liquefaction_to_regasification
9397339,pre,02ab59ac943f1d4d0a02369f89619fab,T100000130594,QatarEnergy LNG (N),25.908412,51.557708,2025-03-15 14:06:35+00:00,a74005dc1f4417ded82a23a1e4d25a07,T100000130466,Adriatic LNG Terminal,45.091667,12.586111,2025-04-21 05:13:25+00:00,regasification,resolved_liquefaction_to_regasification
9397339,pre,01249195eab04ebdffe47e02de62a00e,T100000130594,QatarEnergy LNG (N),25.908412,51.557708,2025-06-02 04:05:53+00:00,,,,,,,,right_censored
9397341,pre,d0bc6267f53b9606fa0306111bcba72a,T100000130594,QatarEnergy LNG (N),25.908412,51.557708,2025-04-02 11:45:04+00:00,0fc21f8a2d0b822e8411a0163f295f70,T100000130313,Pyeongtaek LNG Terminal,37.0057,126.7841,2025-04-20 08:20:49+00:00,regasification,resolved_liquefaction_to_regasification
9397341,pre,541d258ab13cc3ea3ab6ef7767882884,T100000130594,QatarEnergy LNG (N),25.908412,51.557708,2025-05-12 08:18:39+00:00,9fddae08378720dc8e3a578b3043b3c0,T100000130321,Map Ta Phut LNG Terminal 1,12.651686,101.159533,2025-05-27 23:01:02+00:00,regasification,resolved_liquefaction_to_regasification
9397353,pre,6e2dfb3af2a275c7917a516e2bc24b9e,T100000130594,QatarEnergy LNG (N),25.908412,51.557708,2025-03-22 02:20:07+00:00,9b8e7472a1ca6b3804061770faeeb55d,T100000130299,GasPort FSRU,24.7749916,67.288333,2025-03-26 02:38:12+00:00,regasification,resolved_liquefaction_to_regasification
9397353,pre,8450600115c8ab9d764b08d98eb88593,T100000130594,QatarEnergy LNG (N),25.908412,51.557708,2025-04-01 11:43:31+00:00,ecc41702f489bbdd17b300fe7f14a4b1,T100000130671,Al Zour LNG Terminal,28.7183683,48.3973631,2025-04-03 04:05:13+00:00,regasification,resolved_liquefaction_to_regasification
9397353,pre,7aacbe69934c9b8e769187c6d4934db2,T100000130594,QatarEnergy LNG (N),25.908412,51.557708,2025-04-06 17:19:54+00:00,ae8fb518e104b2c755a8253bc6ffcedf,T100000130411,Tianjin LNG Terminal (Sinopec),38.749154,117.714895,2025-04-26 23:30:30+00:00,regasification,resolved_liquefaction_to_regasification
9397353,pre,83236a97c9322aa485119c1ac88fd536,T100000130594,QatarEnergy LNG (N),25.908412,51.557708,2025-05-18 10:42:05+00:00,0084cb96aca2aeb8c8e0fa9e64f01f76,T100000130455,Mundra LNG Terminal,22.7374322,69.6668651,2025-05-23 00:49:53+00:00,regasification,resolved_liquefaction_to_regasification
9397353,pre,409a4fada7c4b58b1ec0937a21d4f55f,T100000130594,QatarEnergy LNG (N),25.908412,51.557708,2025-05-29 03:30:08+00:00,,,,,,,,right_censored
9431111,pre,5187844a9fbaa4bf22434f2b57c990bb,T100000130594,QatarEnergy LNG (N),25.908412,51.557708,2025-03-03 04:12:38+00:00,8b01acb6678b1643a87c5cde0ccd3b1b,T100000130811,Tangshan LNG Terminal (Xintian),38.938745,118.541145,2025-03-22 23:20:06+00:00,regasification,resolved_liquefaction_to_regasification
9431111,pre,0351122f6b7da2b2a5eeea2a2fbf4982,T100000130594,QatarEnergy LNG (N),25.908412,51.557708,2025-04-13 09:14:16+00:00,83fffd94de2269689b7dd224a9e5446c,T100000130272,Summit FSRU,21.562987,91.821147,2025-04-25 08:11:20+00:00,regasification,resolved_liquefaction_to_regasification
9431111,pre,bf01731612d5b8a4e6e62c94d30561dd,T100000130594,QatarEnergy LNG (N),25.908412,51.557708,2025-05-07 22:06:54+00:00,216b6cd84a889c90e317da0ef0ce953b,T100000130291,Pengerang Johor LNG Terminal,1.341382,104.182089,2025-06-01 14:08:53+00:00,regasification,resolved_liquefaction_to_regasification
9431123,pre,58d9a461d00e4a33a53a9242577ba521,T100000130594,QatarEnergy LNG (N),25.908412,51.557708,2025-03-30 13:10:50+00:00,707ea020e87cf76d649bcd82f6d62dc0,T100000130466,Adriatic LNG Terminal,45.091667,12.586111,2025-05-06 08:27:57+00:00,regasification,resolved_liquefaction_to_regasification
9431135,post,95ed23e1e1b0ede5e4f6f94245eb0ab2,T100000130217,Cove Point LNG Terminal,38.38544418456382,-76.4097200524101,2026-05-12 18:25:06+00:00,,,,,,,,right_censored
9431135,pre,6818ed23ec085b8ce08ea22b16f3953c,T100000130594,QatarEnergy LNG (N),25.908412,51.557708,2025-03-19 10:21:06+00:00,6ed2aedec3fcf58c6f9c13be92fa8c51,T100000130321,Map Ta Phut LNG Terminal 1,12.651686,101.159533,2025-04-05 10:39:02+00:00,regasification,resolved_liquefaction_to_regasification
9431135,pre,577e32a5111db4781f49953cd18dacfc,T100000130594,QatarEnergy LNG (N),25.908412,51.557708,2025-04-20 02:01:37+00:00,537bcc1e0b48222498fa957904df9c7e,T100000130299,GasPort FSRU,24.7749916,67.288333,2025-04-25 02:15:45+00:00,regasification,resolved_liquefaction_to_regasification
9431135,pre,f5a3b0e79e883ec521a20e93ff9d5e7a,T100000130594,QatarEnergy LNG (N),25.908412,51.557708,2025-05-04 19:44:01+00:00,955224cc077e033ab1c9dc9d42fb2309,T100000130411,Tianjin LNG Terminal (Sinopec),38.749154,117.714895,2025-05-26 01:29:20+00:00,regasification,resolved_liquefaction_to_regasification
9431147,pre,042b1d5f47a153f2a742f84a9db88fbe,T100000130594,QatarEnergy LNG (N),25.908412,51.557708,2025-03-11 04:17:01+00:00,64e6e7b9f73b81d12412ae2e65246b95,T100000130291,Pengerang Johor LNG Terminal,1.341382,104.182089,2025-04-08 00:24:35+00:00,regasification,resolved_liquefaction_to_regasification
9431147,pre,b956fce1a67c2291726e78531ab7aff5,T100000130594,QatarEnergy LNG (N),25.908412,51.557708,2025-04-21 01:12:46+00:00,e94a5d4fd2bbbb45dce8492d377ebaa7,T100000130404,Shandong LNG Terminal,35.58624,119.759685,2025-05-09 23:33:55+00:00,regasification,resolved_liquefaction_to_regasification
9431147,pre,16c6cfc1da6f9432ee2f58e0a667b6b2,T100000130594,QatarEnergy LNG (N),25.908412,51.557708,2025-05-30 17:49:54+00:00,,,,,,,,right_censored
