unit,unit_type,month,outcome,value,unit_of_measure,source,snapshot_sha256,post_treatment
EU27,aggregate_comparator,2016-01,y1_gulf_share,0.37936943111720356,ratio,Eurostat nrg_ti_gasm,7becf4ef1b67bd6f30dbf1bec81aef56b4d05e62ede3c05367f34284778c2cc5,False
EU27,aggregate_comparator,2016-02,y1_gulf_share,0.40561031084154664,ratio,Eurostat nrg_ti_gasm,7becf4ef1b67bd6f30dbf1bec81aef56b4d05e62ede3c05367f34284778c2cc5,False
EU27,aggregate_comparator,2016-03,y1_gulf_share,0.328696925329429,ratio,Eurostat nrg_ti_gasm,7becf4ef1b67bd6f30dbf1bec81aef56b4d05e62ede3c05367f34284778c2cc5,False
EU27,aggregate_comparator,2016-04,y1_gulf_share,0.32817233254796363,ratio,Eurostat nrg_ti_gasm,7becf4ef1b67bd6f30dbf1bec81aef56b4d05e62ede3c05367f34284778c2cc5,False
EU27,aggregate_comparator,2016-05,y1_gulf_share,0.391987431264729,ratio,Eurostat nrg_ti_gasm,7becf4ef1b67bd6f30dbf1bec81aef56b4d05e62ede3c05367f34284778c2cc5,False
EU27,aggregate_comparator,2016-06,y1_gulf_share,0.3448456305599163,ratio,Eurostat nrg_ti_gasm,7becf4ef1b67bd6f30dbf1bec81aef56b4d05e62ede3c05367f34284778c2cc5,False
EU27,aggregate_comparator,2016-07,y1_gulf_share,0.34425697598961713,ratio,Eurostat nrg_ti_gasm,7becf4ef1b67bd6f30dbf1bec81aef56b4d05e62ede3c05367f34284778c2cc5,False
EU27,aggregate_comparator,2016-08,y1_gulf_share,0.35172704296545915,ratio,Eurostat nrg_ti_gasm,7becf4ef1b67bd6f30dbf1bec81aef56b4d05e62ede3c05367f34284778c2cc5,False
EU27,aggregate_comparator,2016-09,y1_gulf_share,0.4002646377770427,ratio,Eurostat nrg_ti_gasm,7becf4ef1b67bd6f30dbf1bec81aef56b4d05e62ede3c05367f34284778c2cc5,False
EU27,aggregate_comparator,2016-10,y1_gulf_share,0.3497490589711418,ratio,Eurostat nrg_ti_gasm,7becf4ef1b67bd6f30dbf1bec81aef56b4d05e62ede3c05367f34284778c2cc5,False
EU27,aggregate_comparator,2016-11,y1_gulf_share,0.32982673267326734,ratio,Eurostat nrg_ti_gasm,7becf4ef1b67bd6f30dbf1bec81aef56b4d05e62ede3c05367f34284778c2cc5,False
EU27,aggregate_comparator,2016-12,y1_gulf_share,0.2674897119341564,ratio,Eurostat nrg_ti_gasm,7becf4ef1b67bd6f30dbf1bec81aef56b4d05e62ede3c05367f34284778c2cc5,False
EU27,aggregate_comparator,2017-01,y1_gulf_share,0.3497844298783694,ratio,Eurostat nrg_ti_gasm,7becf4ef1b67bd6f30dbf1bec81aef56b4d05e62ede3c05367f34284778c2cc5,False
EU27,aggregate_comparator,2017-02,y1_gulf_share,0.33213372972409116,ratio,Eurostat nrg_ti_gasm,7becf4ef1b67bd6f30dbf1bec81aef56b4d05e62ede3c05367f34284778c2cc5,False
EU27,aggregate_comparator,2017-03,y1_gulf_share,0.31376881287203345,ratio,Eurostat nrg_ti_gasm,7becf4ef1b67bd6f30dbf1bec81aef56b4d05e62ede3c05367f34284778c2cc5,False
EU27,aggregate_comparator,2017-04,y1_gulf_share,0.4578619909502262,ratio,Eurostat nrg_ti_gasm,7becf4ef1b67bd6f30dbf1bec81aef56b4d05e62ede3c05367f34284778c2cc5,False
EU27,aggregate_comparator,2017-05,y1_gulf_share,0.404020247250073,ratio,Eurostat nrg_ti_gasm,7becf4ef1b67bd6f30dbf1bec81aef56b4d05e62ede3c05367f34284778c2cc5,False
EU27,aggregate_comparator,2017-06,y1_gulf_share,0.2729226361031518,ratio,Eurostat nrg_ti_gasm,7becf4ef1b67bd6f30dbf1bec81aef56b4d05e62ede3c05367f34284778c2cc5,False
EU27,aggregate_comparator,2017-07,y1_gulf_share,0.32897309375290945,ratio,Eurostat nrg_ti_gasm,7becf4ef1b67bd6f30dbf1bec81aef56b4d05e62ede3c05367f34284778c2cc5,False
EU27,aggregate_comparator,2017-08,y1_gulf_share,0.45368171021377673,ratio,Eurostat nrg_ti_gasm,7becf4ef1b67bd6f30dbf1bec81aef56b4d05e62ede3c05367f34284778c2cc5,False
EU27,aggregate_comparator,2017-09,y1_gulf_share,0.33400838998987414,ratio,Eurostat nrg_ti_gasm,7becf4ef1b67bd6f30dbf1bec81aef56b4d05e62ede3c05367f34284778c2cc5,False
EU27,aggregate_comparator,2017-10,y1_gulf_share,0.29576617753187395,ratio,Eurostat nrg_ti_gasm,7becf4ef1b67bd6f30dbf1bec81aef56b4d05e62ede3c05367f34284778c2cc5,False
EU27,aggregate_comparator,2017-11,y1_gulf_share,0.3685173886516168,ratio,Eurostat nrg_ti_gasm,7becf4ef1b67bd6f30dbf1bec81aef56b4d05e62ede3c05367f34284778c2cc5,False
EU27,aggregate_comparator,2017-12,y1_gulf_share,0.3289360481789504,ratio,Eurostat nrg_ti_gasm,7becf4ef1b67bd6f30dbf1bec81aef56b4d05e62ede3c05367f34284778c2cc5,False
EU27,aggregate_comparator,2018-01,y1_gulf_share,0.3067283163265306,ratio,Eurostat nrg_ti_gasm,7becf4ef1b67bd6f30dbf1bec81aef56b4d05e62ede3c05367f34284778c2cc5,False
EU27,aggregate_comparator,2018-02,y1_gulf_share,0.28817708512912454,ratio,Eurostat nrg_ti_gasm,7becf4ef1b67bd6f30dbf1bec81aef56b4d05e62ede3c05367f34284778c2cc5,False
EU27,aggregate_comparator,2018-03,y1_gulf_share,0.3677156016437298,ratio,Eurostat nrg_ti_gasm,7becf4ef1b67bd6f30dbf1bec81aef56b4d05e62ede3c05367f34284778c2cc5,False
EU27,aggregate_comparator,2018-04,y1_gulf_share,0.3552621379292525,ratio,Eurostat nrg_ti_gasm,7becf4ef1b67bd6f30dbf1bec81aef56b4d05e62ede3c05367f34284778c2cc5,False
EU27,aggregate_comparator,2018-05,y1_gulf_share,0.3930717493516625,ratio,Eurostat nrg_ti_gasm,7becf4ef1b67bd6f30dbf1bec81aef56b4d05e62ede3c05367f34284778c2cc5,False
EU27,aggregate_comparator,2018-06,y1_gulf_share,0.35058336469702667,ratio,Eurostat nrg_ti_gasm,7becf4ef1b67bd6f30dbf1bec81aef56b4d05e62ede3c05367f34284778c2cc5,False
EU27,aggregate_comparator,2018-07,y1_gulf_share,0.4260273616988136,ratio,Eurostat nrg_ti_gasm,7becf4ef1b67bd6f30dbf1bec81aef56b4d05e62ede3c05367f34284778c2cc5,False
EU27,aggregate_comparator,2018-08,y1_gulf_share,0.41788842115449754,ratio,Eurostat nrg_ti_gasm,7becf4ef1b67bd6f30dbf1bec81aef56b4d05e62ede3c05367f34284778c2cc5,False
EU27,aggregate_comparator,2018-09,y1_gulf_share,0.3112138348546355,ratio,Eurostat nrg_ti_gasm,7becf4ef1b67bd6f30dbf1bec81aef56b4d05e62ede3c05367f34284778c2cc5,False
EU27,aggregate_comparator,2018-10,y1_gulf_share,0.33984467361452136,ratio,Eurostat nrg_ti_gasm,7becf4ef1b67bd6f30dbf1bec81aef56b4d05e62ede3c05367f34284778c2cc5,False
EU27,aggregate_comparator,2018-11,y1_gulf_share,0.21983954790857257,ratio,Eurostat nrg_ti_gasm,7becf4ef1b67bd6f30dbf1bec81aef56b4d05e62ede3c05367f34284778c2cc5,False
EU27,aggregate_comparator,2018-12,y1_gulf_share,0.2438588578169454,ratio,Eurostat nrg_ti_gasm,7becf4ef1b67bd6f30dbf1bec81aef56b4d05e62ede3c05367f34284778c2cc5,False
EU27,aggregate_comparator,2021-01,y1_gulf_share,0.1917163197685888,ratio,Eurostat nrg_ti_gasm,7becf4ef1b67bd6f30dbf1bec81aef56b4d05e62ede3c05367f34284778c2cc5,False
EU27,aggregate_comparator,2021-02,y1_gulf_share,0.16557321602971548,ratio,Eurostat nrg_ti_gasm,7becf4ef1b67bd6f30dbf1bec81aef56b4d05e62ede3c05367f34284778c2cc5,False
EU27,aggregate_comparator,2021-03,y1_gulf_share,0.15259348676839424,ratio,Eurostat nrg_ti_gasm,7becf4ef1b67bd6f30dbf1bec81aef56b4d05e62ede3c05367f34284778c2cc5,False
EU27,aggregate_comparator,2021-04,y1_gulf_share,0.1975372012682483,ratio,Eurostat nrg_ti_gasm,7becf4ef1b67bd6f30dbf1bec81aef56b4d05e62ede3c05367f34284778c2cc5,False
EU27,aggregate_comparator,2021-05,y1_gulf_share,0.17977227496085693,ratio,Eurostat nrg_ti_gasm,7becf4ef1b67bd6f30dbf1bec81aef56b4d05e62ede3c05367f34284778c2cc5,False
EU27,aggregate_comparator,2021-06,y1_gulf_share,0.2310750823545934,ratio,Eurostat nrg_ti_gasm,7becf4ef1b67bd6f30dbf1bec81aef56b4d05e62ede3c05367f34284778c2cc5,False
EU27,aggregate_comparator,2021-07,y1_gulf_share,0.2617535954616021,ratio,Eurostat nrg_ti_gasm,7becf4ef1b67bd6f30dbf1bec81aef56b4d05e62ede3c05367f34284778c2cc5,False
EU27,aggregate_comparator,2021-08,y1_gulf_share,0.2233775743740725,ratio,Eurostat nrg_ti_gasm,7becf4ef1b67bd6f30dbf1bec81aef56b4d05e62ede3c05367f34284778c2cc5,False
EU27,aggregate_comparator,2021-09,y1_gulf_share,0.30067576569356674,ratio,Eurostat nrg_ti_gasm,7becf4ef1b67bd6f30dbf1bec81aef56b4d05e62ede3c05367f34284778c2cc5,False
EU27,aggregate_comparator,2021-10,y1_gulf_share,0.2142595916104166,ratio,Eurostat nrg_ti_gasm,7becf4ef1b67bd6f30dbf1bec81aef56b4d05e62ede3c05367f34284778c2cc5,False
EU27,aggregate_comparator,2021-11,y1_gulf_share,0.23900551776615747,ratio,Eurostat nrg_ti_gasm,7becf4ef1b67bd6f30dbf1bec81aef56b4d05e62ede3c05367f34284778c2cc5,False
EU27,aggregate_comparator,2021-12,y1_gulf_share,0.1694841754843907,ratio,Eurostat nrg_ti_gasm,7becf4ef1b67bd6f30dbf1bec81aef56b4d05e62ede3c05367f34284778c2cc5,False
EU27,aggregate_comparator,2022-01,y1_gulf_share,0.11912623110079777,ratio,Eurostat nrg_ti_gasm,7becf4ef1b67bd6f30dbf1bec81aef56b4d05e62ede3c05367f34284778c2cc5,False
EU27,aggregate_comparator,2022-02,y1_gulf_share,0.110091441238237,ratio,Eurostat nrg_ti_gasm,7becf4ef1b67bd6f30dbf1bec81aef56b4d05e62ede3c05367f34284778c2cc5,False
EU27,aggregate_comparator,2022-03,y1_gulf_share,0.08099267180942263,ratio,Eurostat nrg_ti_gasm,7becf4ef1b67bd6f30dbf1bec81aef56b4d05e62ede3c05367f34284778c2cc5,False
EU27,aggregate_comparator,2022-04,y1_gulf_share,0.16392087975359224,ratio,Eurostat nrg_ti_gasm,7becf4ef1b67bd6f30dbf1bec81aef56b4d05e62ede3c05367f34284778c2cc5,False
EU27,aggregate_comparator,2022-05,y1_gulf_share,0.23633648318019326,ratio,Eurostat nrg_ti_gasm,7becf4ef1b67bd6f30dbf1bec81aef56b4d05e62ede3c05367f34284778c2cc5,False
EU27,aggregate_comparator,2022-06,y1_gulf_share,0.1642787200387748,ratio,Eurostat nrg_ti_gasm,7becf4ef1b67bd6f30dbf1bec81aef56b4d05e62ede3c05367f34284778c2cc5,False
EU27,aggregate_comparator,2022-07,y1_gulf_share,0.2969637127070576,ratio,Eurostat nrg_ti_gasm,7becf4ef1b67bd6f30dbf1bec81aef56b4d05e62ede3c05367f34284778c2cc5,False
EU27,aggregate_comparator,2022-08,y1_gulf_share,0.24994993645298072,ratio,Eurostat nrg_ti_gasm,7becf4ef1b67bd6f30dbf1bec81aef56b4d05e62ede3c05367f34284778c2cc5,False
EU27,aggregate_comparator,2022-09,y1_gulf_share,0.20771658200037926,ratio,Eurostat nrg_ti_gasm,7becf4ef1b67bd6f30dbf1bec81aef56b4d05e62ede3c05367f34284778c2cc5,False
EU27,aggregate_comparator,2022-10,y1_gulf_share,0.2510880361063166,ratio,Eurostat nrg_ti_gasm,7becf4ef1b67bd6f30dbf1bec81aef56b4d05e62ede3c05367f34284778c2cc5,False
EU27,aggregate_comparator,2022-11,y1_gulf_share,0.20716259325184813,ratio,Eurostat nrg_ti_gasm,7becf4ef1b67bd6f30dbf1bec81aef56b4d05e62ede3c05367f34284778c2cc5,False
EU27,aggregate_comparator,2022-12,y1_gulf_share,0.17533819196574554,ratio,Eurostat nrg_ti_gasm,7becf4ef1b67bd6f30dbf1bec81aef56b4d05e62ede3c05367f34284778c2cc5,False
EU27,aggregate_comparator,2023-01,y1_gulf_share,0.15583239027267468,ratio,Eurostat nrg_ti_gasm,7becf4ef1b67bd6f30dbf1bec81aef56b4d05e62ede3c05367f34284778c2cc5,False
EU27,aggregate_comparator,2023-02,y1_gulf_share,0.16738538393887578,ratio,Eurostat nrg_ti_gasm,7becf4ef1b67bd6f30dbf1bec81aef56b4d05e62ede3c05367f34284778c2cc5,False
EU27,aggregate_comparator,2023-03,y1_gulf_share,0.10996047862940272,ratio,Eurostat nrg_ti_gasm,7becf4ef1b67bd6f30dbf1bec81aef56b4d05e62ede3c05367f34284778c2cc5,False
EU27,aggregate_comparator,2023-04,y1_gulf_share,0.18741215182143195,ratio,Eurostat nrg_ti_gasm,7becf4ef1b67bd6f30dbf1bec81aef56b4d05e62ede3c05367f34284778c2cc5,False
EU27,aggregate_comparator,2023-05,y1_gulf_share,0.19816096667983074,ratio,Eurostat nrg_ti_gasm,7becf4ef1b67bd6f30dbf1bec81aef56b4d05e62ede3c05367f34284778c2cc5,False
EU27,aggregate_comparator,2023-06,y1_gulf_share,0.17137656450324645,ratio,Eurostat nrg_ti_gasm,7becf4ef1b67bd6f30dbf1bec81aef56b4d05e62ede3c05367f34284778c2cc5,False
EU27,aggregate_comparator,2023-07,y1_gulf_share,0.20451124682490662,ratio,Eurostat nrg_ti_gasm,7becf4ef1b67bd6f30dbf1bec81aef56b4d05e62ede3c05367f34284778c2cc5,False
EU27,aggregate_comparator,2023-08,y1_gulf_share,0.2090631918281742,ratio,Eurostat nrg_ti_gasm,7becf4ef1b67bd6f30dbf1bec81aef56b4d05e62ede3c05367f34284778c2cc5,False
EU27,aggregate_comparator,2023-09,y1_gulf_share,0.11674562574007737,ratio,Eurostat nrg_ti_gasm,7becf4ef1b67bd6f30dbf1bec81aef56b4d05e62ede3c05367f34284778c2cc5,False
EU27,aggregate_comparator,2023-10,y1_gulf_share,0.12713544238756175,ratio,Eurostat nrg_ti_gasm,7becf4ef1b67bd6f30dbf1bec81aef56b4d05e62ede3c05367f34284778c2cc5,False
EU27,aggregate_comparator,2023-11,y1_gulf_share,0.11674689467495392,ratio,Eurostat nrg_ti_gasm,7becf4ef1b67bd6f30dbf1bec81aef56b4d05e62ede3c05367f34284778c2cc5,False
EU27,aggregate_comparator,2023-12,y1_gulf_share,0.17956508833489226,ratio,Eurostat nrg_ti_gasm,7becf4ef1b67bd6f30dbf1bec81aef56b4d05e62ede3c05367f34284778c2cc5,False
EU27,aggregate_comparator,2024-01,y1_gulf_share,0.08087892803471557,ratio,Eurostat nrg_ti_gasm,7becf4ef1b67bd6f30dbf1bec81aef56b4d05e62ede3c05367f34284778c2cc5,False
EU27,aggregate_comparator,2024-02,y1_gulf_share,0.06901620718438578,ratio,Eurostat nrg_ti_gasm,7becf4ef1b67bd6f30dbf1bec81aef56b4d05e62ede3c05367f34284778c2cc5,False
EU27,aggregate_comparator,2024-03,y1_gulf_share,0.0,ratio,Eurostat nrg_ti_gasm,7becf4ef1b67bd6f30dbf1bec81aef56b4d05e62ede3c05367f34284778c2cc5,False
EU27,aggregate_comparator,2024-04,y1_gulf_share,0.06714641860386689,ratio,Eurostat nrg_ti_gasm,7becf4ef1b67bd6f30dbf1bec81aef56b4d05e62ede3c05367f34284778c2cc5,False
EU27,aggregate_comparator,2024-05,y1_gulf_share,0.10658692746106059,ratio,Eurostat nrg_ti_gasm,7becf4ef1b67bd6f30dbf1bec81aef56b4d05e62ede3c05367f34284778c2cc5,False
EU27,aggregate_comparator,2024-06,y1_gulf_share,0.14840454898064645,ratio,Eurostat nrg_ti_gasm,7becf4ef1b67bd6f30dbf1bec81aef56b4d05e62ede3c05367f34284778c2cc5,False
EU27,aggregate_comparator,2024-07,y1_gulf_share,0.10256923709058036,ratio,Eurostat nrg_ti_gasm,7becf4ef1b67bd6f30dbf1bec81aef56b4d05e62ede3c05367f34284778c2cc5,False
EU27,aggregate_comparator,2024-08,y1_gulf_share,0.14073745880977256,ratio,Eurostat nrg_ti_gasm,7becf4ef1b67bd6f30dbf1bec81aef56b4d05e62ede3c05367f34284778c2cc5,False
EU27,aggregate_comparator,2024-09,y1_gulf_share,0.09734913498843804,ratio,Eurostat nrg_ti_gasm,7becf4ef1b67bd6f30dbf1bec81aef56b4d05e62ede3c05367f34284778c2cc5,False
EU27,aggregate_comparator,2024-10,y1_gulf_share,0.09207079502809251,ratio,Eurostat nrg_ti_gasm,7becf4ef1b67bd6f30dbf1bec81aef56b4d05e62ede3c05367f34284778c2cc5,False
EU27,aggregate_comparator,2024-11,y1_gulf_share,0.09528364821322853,ratio,Eurostat nrg_ti_gasm,7becf4ef1b67bd6f30dbf1bec81aef56b4d05e62ede3c05367f34284778c2cc5,False
EU27,aggregate_comparator,2024-12,y1_gulf_share,0.1153874219296947,ratio,Eurostat nrg_ti_gasm,7becf4ef1b67bd6f30dbf1bec81aef56b4d05e62ede3c05367f34284778c2cc5,False
EU27,aggregate_comparator,2025-01,y1_gulf_share,0.06986559468017445,ratio,Eurostat nrg_ti_gasm,7becf4ef1b67bd6f30dbf1bec81aef56b4d05e62ede3c05367f34284778c2cc5,False
EU27,aggregate_comparator,2025-02,y1_gulf_share,0.10403912526136204,ratio,Eurostat nrg_ti_gasm,7becf4ef1b67bd6f30dbf1bec81aef56b4d05e62ede3c05367f34284778c2cc5,False
EU27,aggregate_comparator,2025-03,y1_gulf_share,0.08408654756570826,ratio,Eurostat nrg_ti_gasm,7becf4ef1b67bd6f30dbf1bec81aef56b4d05e62ede3c05367f34284778c2cc5,False
EU27,aggregate_comparator,2025-04,y1_gulf_share,0.08086935124834765,ratio,Eurostat nrg_ti_gasm,7becf4ef1b67bd6f30dbf1bec81aef56b4d05e62ede3c05367f34284778c2cc5,False
EU27,aggregate_comparator,2025-05,y1_gulf_share,0.08083897211379086,ratio,Eurostat nrg_ti_gasm,7becf4ef1b67bd6f30dbf1bec81aef56b4d05e62ede3c05367f34284778c2cc5,False
EU27,aggregate_comparator,2025-06,y1_gulf_share,0.047402702894638764,ratio,Eurostat nrg_ti_gasm,7becf4ef1b67bd6f30dbf1bec81aef56b4d05e62ede3c05367f34284778c2cc5,False
EU27,aggregate_comparator,2025-07,y1_gulf_share,0.04837742063233542,ratio,Eurostat nrg_ti_gasm,7becf4ef1b67bd6f30dbf1bec81aef56b4d05e62ede3c05367f34284778c2cc5,False
EU27,aggregate_comparator,2025-08,y1_gulf_share,0.014893992866313249,ratio,Eurostat nrg_ti_gasm,7becf4ef1b67bd6f30dbf1bec81aef56b4d05e62ede3c05367f34284778c2cc5,False
EU27,aggregate_comparator,2025-09,y1_gulf_share,0.054893756035183816,ratio,Eurostat nrg_ti_gasm,7becf4ef1b67bd6f30dbf1bec81aef56b4d05e62ede3c05367f34284778c2cc5,False
EU27,aggregate_comparator,2025-10,y1_gulf_share,0.07475013803230678,ratio,Eurostat nrg_ti_gasm,7becf4ef1b67bd6f30dbf1bec81aef56b4d05e62ede3c05367f34284778c2cc5,False
EU27,aggregate_comparator,2025-11,y1_gulf_share,0.05576651249920984,ratio,Eurostat nrg_ti_gasm,7becf4ef1b67bd6f30dbf1bec81aef56b4d05e62ede3c05367f34284778c2cc5,False
EU27,aggregate_comparator,2025-12,y1_gulf_share,0.06906502564192457,ratio,Eurostat nrg_ti_gasm,7becf4ef1b67bd6f30dbf1bec81aef56b4d05e62ede3c05367f34284778c2cc5,False
EU27,aggregate_comparator,2026-01,y1_gulf_share,0.03680776444157011,ratio,Eurostat nrg_ti_gasm,7becf4ef1b67bd6f30dbf1bec81aef56b4d05e62ede3c05367f34284778c2cc5,False
EU27,aggregate_comparator,2026-02,y1_gulf_share,0.05274490776708719,ratio,Eurostat nrg_ti_gasm,7becf4ef1b67bd6f30dbf1bec81aef56b4d05e62ede3c05367f34284778c2cc5,False
EU27,aggregate_comparator,2026-03,y1_gulf_share,0.06398837433196208,ratio,Eurostat nrg_ti_gasm,7becf4ef1b67bd6f30dbf1bec81aef56b4d05e62ede3c05367f34284778c2cc5,True
EU27,aggregate_comparator,2026-04,y1_gulf_share,0.0,ratio,Eurostat nrg_ti_gasm,7becf4ef1b67bd6f30dbf1bec81aef56b4d05e62ede3c05367f34284778c2cc5,True
EU27,aggregate_comparator,2016-01,y1_gulf_volume,1107.0,MIO_M3,Eurostat nrg_ti_gasm,7becf4ef1b67bd6f30dbf1bec81aef56b4d05e62ede3c05367f34284778c2cc5,False
EU27,aggregate_comparator,2016-02,y1_gulf_volume,1070.0,MIO_M3,Eurostat nrg_ti_gasm,7becf4ef1b67bd6f30dbf1bec81aef56b4d05e62ede3c05367f34284778c2cc5,False
EU27,aggregate_comparator,2016-03,y1_gulf_volume,898.0,MIO_M3,Eurostat nrg_ti_gasm,7becf4ef1b67bd6f30dbf1bec81aef56b4d05e62ede3c05367f34284778c2cc5,False
EU27,aggregate_comparator,2016-04,y1_gulf_volume,975.0,MIO_M3,Eurostat nrg_ti_gasm,7becf4ef1b67bd6f30dbf1bec81aef56b4d05e62ede3c05367f34284778c2cc5,False
EU27,aggregate_comparator,2016-05,y1_gulf_volume,998.0,MIO_M3,Eurostat nrg_ti_gasm,7becf4ef1b67bd6f30dbf1bec81aef56b4d05e62ede3c05367f34284778c2cc5,False
EU27,aggregate_comparator,2016-06,y1_gulf_volume,1318.0,MIO_M3,Eurostat nrg_ti_gasm,7becf4ef1b67bd6f30dbf1bec81aef56b4d05e62ede3c05367f34284778c2cc5,False
EU27,aggregate_comparator,2016-07,y1_gulf_volume,1061.0,MIO_M3,Eurostat nrg_ti_gasm,7becf4ef1b67bd6f30dbf1bec81aef56b4d05e62ede3c05367f34284778c2cc5,False
EU27,aggregate_comparator,2016-08,y1_gulf_volume,835.0,MIO_M3,Eurostat nrg_ti_gasm,7becf4ef1b67bd6f30dbf1bec81aef56b4d05e62ede3c05367f34284778c2cc5,False
EU27,aggregate_comparator,2016-09,y1_gulf_volume,1210.0,MIO_M3,Eurostat nrg_ti_gasm,7becf4ef1b67bd6f30dbf1bec81aef56b4d05e62ede3c05367f34284778c2cc5,False
EU27,aggregate_comparator,2016-10,y1_gulf_volume,1115.0,MIO_M3,Eurostat nrg_ti_gasm,7becf4ef1b67bd6f30dbf1bec81aef56b4d05e62ede3c05367f34284778c2cc5,False
EU27,aggregate_comparator,2016-11,y1_gulf_volume,1066.0,MIO_M3,Eurostat nrg_ti_gasm,7becf4ef1b67bd6f30dbf1bec81aef56b4d05e62ede3c05367f34284778c2cc5,False
EU27,aggregate_comparator,2016-12,y1_gulf_volume,910.0,MIO_M3,Eurostat nrg_ti_gasm,7becf4ef1b67bd6f30dbf1bec81aef56b4d05e62ede3c05367f34284778c2cc5,False
EU27,aggregate_comparator,2017-01,y1_gulf_volume,997.9,MIO_M3,Eurostat nrg_ti_gasm,7becf4ef1b67bd6f30dbf1bec81aef56b4d05e62ede3c05367f34284778c2cc5,False
EU27,aggregate_comparator,2017-02,y1_gulf_volume,1273.6,MIO_M3,Eurostat nrg_ti_gasm,7becf4ef1b67bd6f30dbf1bec81aef56b4d05e62ede3c05367f34284778c2cc5,False
EU27,aggregate_comparator,2017-03,y1_gulf_volume,1207.1,MIO_M3,Eurostat nrg_ti_gasm,7becf4ef1b67bd6f30dbf1bec81aef56b4d05e62ede3c05367f34284778c2cc5,False
EU27,aggregate_comparator,2017-04,y1_gulf_volume,1619.0,MIO_M3,Eurostat nrg_ti_gasm,7becf4ef1b67bd6f30dbf1bec81aef56b4d05e62ede3c05367f34284778c2cc5,False
EU27,aggregate_comparator,2017-05,y1_gulf_volume,1660.2,MIO_M3,Eurostat nrg_ti_gasm,7becf4ef1b67bd6f30dbf1bec81aef56b4d05e62ede3c05367f34284778c2cc5,False
EU27,aggregate_comparator,2017-06,y1_gulf_volume,1066.8,MIO_M3,Eurostat nrg_ti_gasm,7becf4ef1b67bd6f30dbf1bec81aef56b4d05e62ede3c05367f34284778c2cc5,False
EU27,aggregate_comparator,2017-07,y1_gulf_volume,1413.4,MIO_M3,Eurostat nrg_ti_gasm,7becf4ef1b67bd6f30dbf1bec81aef56b4d05e62ede3c05367f34284778c2cc5,False
EU27,aggregate_comparator,2017-08,y1_gulf_volume,2043.7,MIO_M3,Eurostat nrg_ti_gasm,7becf4ef1b67bd6f30dbf1bec81aef56b4d05e62ede3c05367f34284778c2cc5,False
EU27,aggregate_comparator,2017-09,y1_gulf_volume,1154.5,MIO_M3,Eurostat nrg_ti_gasm,7becf4ef1b67bd6f30dbf1bec81aef56b4d05e62ede3c05367f34284778c2cc5,False
EU27,aggregate_comparator,2017-10,y1_gulf_volume,983.6,MIO_M3,Eurostat nrg_ti_gasm,7becf4ef1b67bd6f30dbf1bec81aef56b4d05e62ede3c05367f34284778c2cc5,False
EU27,aggregate_comparator,2017-11,y1_gulf_volume,1328.8,MIO_M3,Eurostat nrg_ti_gasm,7becf4ef1b67bd6f30dbf1bec81aef56b4d05e62ede3c05367f34284778c2cc5,False
EU27,aggregate_comparator,2017-12,y1_gulf_volume,1147.0,MIO_M3,Eurostat nrg_ti_gasm,7becf4ef1b67bd6f30dbf1bec81aef56b4d05e62ede3c05367f34284778c2cc5,False
EU27,aggregate_comparator,2018-01,y1_gulf_volume,961.9,MIO_M3,Eurostat nrg_ti_gasm,7becf4ef1b67bd6f30dbf1bec81aef56b4d05e62ede3c05367f34284778c2cc5,False
EU27,aggregate_comparator,2018-02,y1_gulf_volume,835.8,MIO_M3,Eurostat nrg_ti_gasm,7becf4ef1b67bd6f30dbf1bec81aef56b4d05e62ede3c05367f34284778c2cc5,False
EU27,aggregate_comparator,2018-03,y1_gulf_volume,1333.3,MIO_M3,Eurostat nrg_ti_gasm,7becf4ef1b67bd6f30dbf1bec81aef56b4d05e62ede3c05367f34284778c2cc5,False
EU27,aggregate_comparator,2018-04,y1_gulf_volume,1374.9,MIO_M3,Eurostat nrg_ti_gasm,7becf4ef1b67bd6f30dbf1bec81aef56b4d05e62ede3c05367f34284778c2cc5,False
EU27,aggregate_comparator,2018-05,y1_gulf_volume,1864.3,MIO_M3,Eurostat nrg_ti_gasm,7becf4ef1b67bd6f30dbf1bec81aef56b4d05e62ede3c05367f34284778c2cc5,False
EU27,aggregate_comparator,2018-06,y1_gulf_volume,1304.1,MIO_M3,Eurostat nrg_ti_gasm,7becf4ef1b67bd6f30dbf1bec81aef56b4d05e62ede3c05367f34284778c2cc5,False
EU27,aggregate_comparator,2018-07,y1_gulf_volume,1641.1,MIO_M3,Eurostat nrg_ti_gasm,7becf4ef1b67bd6f30dbf1bec81aef56b4d05e62ede3c05367f34284778c2cc5,False
EU27,aggregate_comparator,2018-08,y1_gulf_volume,1727.3,MIO_M3,Eurostat nrg_ti_gasm,7becf4ef1b67bd6f30dbf1bec81aef56b4d05e62ede3c05367f34284778c2cc5,False
EU27,aggregate_comparator,2018-09,y1_gulf_volume,1326.3,MIO_M3,Eurostat nrg_ti_gasm,7becf4ef1b67bd6f30dbf1bec81aef56b4d05e62ede3c05367f34284778c2cc5,False
EU27,aggregate_comparator,2018-10,y1_gulf_volume,1868.5,MIO_M3,Eurostat nrg_ti_gasm,7becf4ef1b67bd6f30dbf1bec81aef56b4d05e62ede3c05367f34284778c2cc5,False
EU27,aggregate_comparator,2018-11,y1_gulf_volume,1307.1,MIO_M3,Eurostat nrg_ti_gasm,7becf4ef1b67bd6f30dbf1bec81aef56b4d05e62ede3c05367f34284778c2cc5,False
EU27,aggregate_comparator,2018-12,y1_gulf_volume,1405.7,MIO_M3,Eurostat nrg_ti_gasm,7becf4ef1b67bd6f30dbf1bec81aef56b4d05e62ede3c05367f34284778c2cc5,False
EU27,aggregate_comparator,2021-01,y1_gulf_volume,856.17,MIO_M3,Eurostat nrg_ti_gasm,7becf4ef1b67bd6f30dbf1bec81aef56b4d05e62ede3c05367f34284778c2cc5,False
EU27,aggregate_comparator,2021-02,y1_gulf_volume,827.323,MIO_M3,Eurostat nrg_ti_gasm,7becf4ef1b67bd6f30dbf1bec81aef56b4d05e62ede3c05367f34284778c2cc5,False
EU27,aggregate_comparator,2021-03,y1_gulf_volume,1293.168,MIO_M3,Eurostat nrg_ti_gasm,7becf4ef1b67bd6f30dbf1bec81aef56b4d05e62ede3c05367f34284778c2cc5,False
EU27,aggregate_comparator,2021-04,y1_gulf_volume,1836.051,MIO_M3,Eurostat nrg_ti_gasm,7becf4ef1b67bd6f30dbf1bec81aef56b4d05e62ede3c05367f34284778c2cc5,False
EU27,aggregate_comparator,2021-05,y1_gulf_volume,1440.041,MIO_M3,Eurostat nrg_ti_gasm,7becf4ef1b67bd6f30dbf1bec81aef56b4d05e62ede3c05367f34284778c2cc5,False
EU27,aggregate_comparator,2021-06,y1_gulf_volume,1513.759,MIO_M3,Eurostat nrg_ti_gasm,7becf4ef1b67bd6f30dbf1bec81aef56b4d05e62ede3c05367f34284778c2cc5,False
EU27,aggregate_comparator,2021-07,y1_gulf_volume,1390.483,MIO_M3,Eurostat nrg_ti_gasm,7becf4ef1b67bd6f30dbf1bec81aef56b4d05e62ede3c05367f34284778c2cc5,False
EU27,aggregate_comparator,2021-08,y1_gulf_volume,1215.925,MIO_M3,Eurostat nrg_ti_gasm,7becf4ef1b67bd6f30dbf1bec81aef56b4d05e62ede3c05367f34284778c2cc5,False
EU27,aggregate_comparator,2021-09,y1_gulf_volume,1613.667,MIO_M3,Eurostat nrg_ti_gasm,7becf4ef1b67bd6f30dbf1bec81aef56b4d05e62ede3c05367f34284778c2cc5,False
EU27,aggregate_comparator,2021-10,y1_gulf_volume,1542.572,MIO_M3,Eurostat nrg_ti_gasm,7becf4ef1b67bd6f30dbf1bec81aef56b4d05e62ede3c05367f34284778c2cc5,False
EU27,aggregate_comparator,2021-11,y1_gulf_volume,1730.676,MIO_M3,Eurostat nrg_ti_gasm,7becf4ef1b67bd6f30dbf1bec81aef56b4d05e62ede3c05367f34284778c2cc5,False
EU27,aggregate_comparator,2021-12,y1_gulf_volume,1373.394,MIO_M3,Eurostat nrg_ti_gasm,7becf4ef1b67bd6f30dbf1bec81aef56b4d05e62ede3c05367f34284778c2cc5,False
EU27,aggregate_comparator,2022-01,y1_gulf_volume,1201.579,MIO_M3,Eurostat nrg_ti_gasm,7becf4ef1b67bd6f30dbf1bec81aef56b4d05e62ede3c05367f34284778c2cc5,False
EU27,aggregate_comparator,2022-02,y1_gulf_volume,1013.757,MIO_M3,Eurostat nrg_ti_gasm,7becf4ef1b67bd6f30dbf1bec81aef56b4d05e62ede3c05367f34284778c2cc5,False
EU27,aggregate_comparator,2022-03,y1_gulf_volume,889.791,MIO_M3,Eurostat nrg_ti_gasm,7becf4ef1b67bd6f30dbf1bec81aef56b4d05e62ede3c05367f34284778c2cc5,False
EU27,aggregate_comparator,2022-04,y1_gulf_volume,1844.85,MIO_M3,Eurostat nrg_ti_gasm,7becf4ef1b67bd6f30dbf1bec81aef56b4d05e62ede3c05367f34284778c2cc5,False
EU27,aggregate_comparator,2022-05,y1_gulf_volume,2769.398,MIO_M3,Eurostat nrg_ti_gasm,7becf4ef1b67bd6f30dbf1bec81aef56b4d05e62ede3c05367f34284778c2cc5,False
EU27,aggregate_comparator,2022-06,y1_gulf_volume,1856.031,MIO_M3,Eurostat nrg_ti_gasm,7becf4ef1b67bd6f30dbf1bec81aef56b4d05e62ede3c05367f34284778c2cc5,False
EU27,aggregate_comparator,2022-07,y1_gulf_volume,3369.026,MIO_M3,Eurostat nrg_ti_gasm,7becf4ef1b67bd6f30dbf1bec81aef56b4d05e62ede3c05367f34284778c2cc5,False
EU27,aggregate_comparator,2022-08,y1_gulf_volume,2689.792,MIO_M3,Eurostat nrg_ti_gasm,7becf4ef1b67bd6f30dbf1bec81aef56b4d05e62ede3c05367f34284778c2cc5,False
EU27,aggregate_comparator,2022-09,y1_gulf_volume,2075.744,MIO_M3,Eurostat nrg_ti_gasm,7becf4ef1b67bd6f30dbf1bec81aef56b4d05e62ede3c05367f34284778c2cc5,False
EU27,aggregate_comparator,2022-10,y1_gulf_volume,2868.551,MIO_M3,Eurostat nrg_ti_gasm,7becf4ef1b67bd6f30dbf1bec81aef56b4d05e62ede3c05367f34284778c2cc5,False
EU27,aggregate_comparator,2022-11,y1_gulf_volume,2452.912,MIO_M3,Eurostat nrg_ti_gasm,7becf4ef1b67bd6f30dbf1bec81aef56b4d05e62ede3c05367f34284778c2cc5,False
EU27,aggregate_comparator,2022-12,y1_gulf_volume,2227.903,MIO_M3,Eurostat nrg_ti_gasm,7becf4ef1b67bd6f30dbf1bec81aef56b4d05e62ede3c05367f34284778c2cc5,False
EU27,aggregate_comparator,2023-01,y1_gulf_volume,1785.981,MIO_M3,Eurostat nrg_ti_gasm,7becf4ef1b67bd6f30dbf1bec81aef56b4d05e62ede3c05367f34284778c2cc5,False
EU27,aggregate_comparator,2023-02,y1_gulf_volume,1791.93,MIO_M3,Eurostat nrg_ti_gasm,7becf4ef1b67bd6f30dbf1bec81aef56b4d05e62ede3c05367f34284778c2cc5,False
EU27,aggregate_comparator,2023-03,y1_gulf_volume,1261.302,MIO_M3,Eurostat nrg_ti_gasm,7becf4ef1b67bd6f30dbf1bec81aef56b4d05e62ede3c05367f34284778c2cc5,False
EU27,aggregate_comparator,2023-04,y1_gulf_volume,2425.635,MIO_M3,Eurostat nrg_ti_gasm,7becf4ef1b67bd6f30dbf1bec81aef56b4d05e62ede3c05367f34284778c2cc5,False
EU27,aggregate_comparator,2023-05,y1_gulf_volume,2543.483,MIO_M3,Eurostat nrg_ti_gasm,7becf4ef1b67bd6f30dbf1bec81aef56b4d05e62ede3c05367f34284778c2cc5,False
EU27,aggregate_comparator,2023-06,y1_gulf_volume,1969.909,MIO_M3,Eurostat nrg_ti_gasm,7becf4ef1b67bd6f30dbf1bec81aef56b4d05e62ede3c05367f34284778c2cc5,False
EU27,aggregate_comparator,2023-07,y1_gulf_volume,2362.599,MIO_M3,Eurostat nrg_ti_gasm,7becf4ef1b67bd6f30dbf1bec81aef56b4d05e62ede3c05367f34284778c2cc5,False
EU27,aggregate_comparator,2023-08,y1_gulf_volume,2217.693,MIO_M3,Eurostat nrg_ti_gasm,7becf4ef1b67bd6f30dbf1bec81aef56b4d05e62ede3c05367f34284778c2cc5,False
EU27,aggregate_comparator,2023-09,y1_gulf_volume,1112.714,MIO_M3,Eurostat nrg_ti_gasm,7becf4ef1b67bd6f30dbf1bec81aef56b4d05e62ede3c05367f34284778c2cc5,False
EU27,aggregate_comparator,2023-10,y1_gulf_volume,1450.428,MIO_M3,Eurostat nrg_ti_gasm,7becf4ef1b67bd6f30dbf1bec81aef56b4d05e62ede3c05367f34284778c2cc5,False
EU27,aggregate_comparator,2023-11,y1_gulf_volume,1501.488,MIO_M3,Eurostat nrg_ti_gasm,7becf4ef1b67bd6f30dbf1bec81aef56b4d05e62ede3c05367f34284778c2cc5,False
EU27,aggregate_comparator,2023-12,y1_gulf_volume,2145.128,MIO_M3,Eurostat nrg_ti_gasm,7becf4ef1b67bd6f30dbf1bec81aef56b4d05e62ede3c05367f34284778c2cc5,False
EU27,aggregate_comparator,2024-01,y1_gulf_volume,914.384,MIO_M3,Eurostat nrg_ti_gasm,7becf4ef1b67bd6f30dbf1bec81aef56b4d05e62ede3c05367f34284778c2cc5,False
EU27,aggregate_comparator,2024-02,y1_gulf_volume,761.005,MIO_M3,Eurostat nrg_ti_gasm,7becf4ef1b67bd6f30dbf1bec81aef56b4d05e62ede3c05367f34284778c2cc5,False
EU27,aggregate_comparator,2024-03,y1_gulf_volume,0.0,MIO_M3,Eurostat nrg_ti_gasm,7becf4ef1b67bd6f30dbf1bec81aef56b4d05e62ede3c05367f34284778c2cc5,False
EU27,aggregate_comparator,2024-04,y1_gulf_volume,764.568,MIO_M3,Eurostat nrg_ti_gasm,7becf4ef1b67bd6f30dbf1bec81aef56b4d05e62ede3c05367f34284778c2cc5,False
EU27,aggregate_comparator,2024-05,y1_gulf_volume,1051.604,MIO_M3,Eurostat nrg_ti_gasm,7becf4ef1b67bd6f30dbf1bec81aef56b4d05e62ede3c05367f34284778c2cc5,False
EU27,aggregate_comparator,2024-06,y1_gulf_volume,1386.781,MIO_M3,Eurostat nrg_ti_gasm,7becf4ef1b67bd6f30dbf1bec81aef56b4d05e62ede3c05367f34284778c2cc5,False
EU27,aggregate_comparator,2024-07,y1_gulf_volume,858.472,MIO_M3,Eurostat nrg_ti_gasm,7becf4ef1b67bd6f30dbf1bec81aef56b4d05e62ede3c05367f34284778c2cc5,False
EU27,aggregate_comparator,2024-08,y1_gulf_volume,1156.875,MIO_M3,Eurostat nrg_ti_gasm,7becf4ef1b67bd6f30dbf1bec81aef56b4d05e62ede3c05367f34284778c2cc5,False
EU27,aggregate_comparator,2024-09,y1_gulf_volume,780.724,MIO_M3,Eurostat nrg_ti_gasm,7becf4ef1b67bd6f30dbf1bec81aef56b4d05e62ede3c05367f34284778c2cc5,False
EU27,aggregate_comparator,2024-10,y1_gulf_volume,857.978,MIO_M3,Eurostat nrg_ti_gasm,7becf4ef1b67bd6f30dbf1bec81aef56b4d05e62ede3c05367f34284778c2cc5,False
EU27,aggregate_comparator,2024-11,y1_gulf_volume,944.258,MIO_M3,Eurostat nrg_ti_gasm,7becf4ef1b67bd6f30dbf1bec81aef56b4d05e62ede3c05367f34284778c2cc5,False
EU27,aggregate_comparator,2024-12,y1_gulf_volume,1149.602,MIO_M3,Eurostat nrg_ti_gasm,7becf4ef1b67bd6f30dbf1bec81aef56b4d05e62ede3c05367f34284778c2cc5,False
EU27,aggregate_comparator,2025-01,y1_gulf_volume,799.919,MIO_M3,Eurostat nrg_ti_gasm,7becf4ef1b67bd6f30dbf1bec81aef56b4d05e62ede3c05367f34284778c2cc5,False
EU27,aggregate_comparator,2025-02,y1_gulf_volume,1104.581,MIO_M3,Eurostat nrg_ti_gasm,7becf4ef1b67bd6f30dbf1bec81aef56b4d05e62ede3c05367f34284778c2cc5,False
EU27,aggregate_comparator,2025-03,y1_gulf_volume,1122.091,MIO_M3,Eurostat nrg_ti_gasm,7becf4ef1b67bd6f30dbf1bec81aef56b4d05e62ede3c05367f34284778c2cc5,False
EU27,aggregate_comparator,2025-04,y1_gulf_volume,1059.9,MIO_M3,Eurostat nrg_ti_gasm,7becf4ef1b67bd6f30dbf1bec81aef56b4d05e62ede3c05367f34284778c2cc5,False
EU27,aggregate_comparator,2025-05,y1_gulf_volume,1092.721,MIO_M3,Eurostat nrg_ti_gasm,7becf4ef1b67bd6f30dbf1bec81aef56b4d05e62ede3c05367f34284778c2cc5,False
EU27,aggregate_comparator,2025-06,y1_gulf_volume,603.411,MIO_M3,Eurostat nrg_ti_gasm,7becf4ef1b67bd6f30dbf1bec81aef56b4d05e62ede3c05367f34284778c2cc5,False
EU27,aggregate_comparator,2025-07,y1_gulf_volume,583.67,MIO_M3,Eurostat nrg_ti_gasm,7becf4ef1b67bd6f30dbf1bec81aef56b4d05e62ede3c05367f34284778c2cc5,False
EU27,aggregate_comparator,2025-08,y1_gulf_volume,154.212,MIO_M3,Eurostat nrg_ti_gasm,7becf4ef1b67bd6f30dbf1bec81aef56b4d05e62ede3c05367f34284778c2cc5,False
EU27,aggregate_comparator,2025-09,y1_gulf_volume,654.828,MIO_M3,Eurostat nrg_ti_gasm,7becf4ef1b67bd6f30dbf1bec81aef56b4d05e62ede3c05367f34284778c2cc5,False
EU27,aggregate_comparator,2025-10,y1_gulf_volume,978.429,MIO_M3,Eurostat nrg_ti_gasm,7becf4ef1b67bd6f30dbf1bec81aef56b4d05e62ede3c05367f34284778c2cc5,False
EU27,aggregate_comparator,2025-11,y1_gulf_volume,637.833,MIO_M3,Eurostat nrg_ti_gasm,7becf4ef1b67bd6f30dbf1bec81aef56b4d05e62ede3c05367f34284778c2cc5,False
EU27,aggregate_comparator,2025-12,y1_gulf_volume,882.56,MIO_M3,Eurostat nrg_ti_gasm,7becf4ef1b67bd6f30dbf1bec81aef56b4d05e62ede3c05367f34284778c2cc5,False
EU27,aggregate_comparator,2026-01,y1_gulf_volume,465.386,MIO_M3,Eurostat nrg_ti_gasm,7becf4ef1b67bd6f30dbf1bec81aef56b4d05e62ede3c05367f34284778c2cc5,False
EU27,aggregate_comparator,2026-02,y1_gulf_volume,652.634,MIO_M3,Eurostat nrg_ti_gasm,7becf4ef1b67bd6f30dbf1bec81aef56b4d05e62ede3c05367f34284778c2cc5,False
EU27,aggregate_comparator,2026-03,y1_gulf_volume,921.864,MIO_M3,Eurostat nrg_ti_gasm,7becf4ef1b67bd6f30dbf1bec81aef56b4d05e62ede3c05367f34284778c2cc5,True
EU27,aggregate_comparator,2026-04,y1_gulf_volume,0.0,MIO_M3,Eurostat nrg_ti_gasm,7becf4ef1b67bd6f30dbf1bec81aef56b4d05e62ede3c05367f34284778c2cc5,True
EU27,aggregate_comparator,2016-01,y2_total_volume,2918.0,MIO_M3,Eurostat nrg_ti_gasm,7becf4ef1b67bd6f30dbf1bec81aef56b4d05e62ede3c05367f34284778c2cc5,False
EU27,aggregate_comparator,2016-02,y2_total_volume,2638.0,MIO_M3,Eurostat nrg_ti_gasm,7becf4ef1b67bd6f30dbf1bec81aef56b4d05e62ede3c05367f34284778c2cc5,False
EU27,aggregate_comparator,2016-03,y2_total_volume,2732.0,MIO_M3,Eurostat nrg_ti_gasm,7becf4ef1b67bd6f30dbf1bec81aef56b4d05e62ede3c05367f34284778c2cc5,False
EU27,aggregate_comparator,2016-04,y2_total_volume,2971.0,MIO_M3,Eurostat nrg_ti_gasm,7becf4ef1b67bd6f30dbf1bec81aef56b4d05e62ede3c05367f34284778c2cc5,False
EU27,aggregate_comparator,2016-05,y2_total_volume,2546.0,MIO_M3,Eurostat nrg_ti_gasm,7becf4ef1b67bd6f30dbf1bec81aef56b4d05e62ede3c05367f34284778c2cc5,False
EU27,aggregate_comparator,2016-06,y2_total_volume,3822.0,MIO_M3,Eurostat nrg_ti_gasm,7becf4ef1b67bd6f30dbf1bec81aef56b4d05e62ede3c05367f34284778c2cc5,False
EU27,aggregate_comparator,2016-07,y2_total_volume,3082.0,MIO_M3,Eurostat nrg_ti_gasm,7becf4ef1b67bd6f30dbf1bec81aef56b4d05e62ede3c05367f34284778c2cc5,False
EU27,aggregate_comparator,2016-08,y2_total_volume,2374.0,MIO_M3,Eurostat nrg_ti_gasm,7becf4ef1b67bd6f30dbf1bec81aef56b4d05e62ede3c05367f34284778c2cc5,False
EU27,aggregate_comparator,2016-09,y2_total_volume,3023.0,MIO_M3,Eurostat nrg_ti_gasm,7becf4ef1b67bd6f30dbf1bec81aef56b4d05e62ede3c05367f34284778c2cc5,False
EU27,aggregate_comparator,2016-10,y2_total_volume,3188.0,MIO_M3,Eurostat nrg_ti_gasm,7becf4ef1b67bd6f30dbf1bec81aef56b4d05e62ede3c05367f34284778c2cc5,False
EU27,aggregate_comparator,2016-11,y2_total_volume,3232.0,MIO_M3,Eurostat nrg_ti_gasm,7becf4ef1b67bd6f30dbf1bec81aef56b4d05e62ede3c05367f34284778c2cc5,False
EU27,aggregate_comparator,2016-12,y2_total_volume,3402.0,MIO_M3,Eurostat nrg_ti_gasm,7becf4ef1b67bd6f30dbf1bec81aef56b4d05e62ede3c05367f34284778c2cc5,False
EU27,aggregate_comparator,2017-01,y2_total_volume,2852.9,MIO_M3,Eurostat nrg_ti_gasm,7becf4ef1b67bd6f30dbf1bec81aef56b4d05e62ede3c05367f34284778c2cc5,False
EU27,aggregate_comparator,2017-02,y2_total_volume,3834.6,MIO_M3,Eurostat nrg_ti_gasm,7becf4ef1b67bd6f30dbf1bec81aef56b4d05e62ede3c05367f34284778c2cc5,False
EU27,aggregate_comparator,2017-03,y2_total_volume,3847.1,MIO_M3,Eurostat nrg_ti_gasm,7becf4ef1b67bd6f30dbf1bec81aef56b4d05e62ede3c05367f34284778c2cc5,False
EU27,aggregate_comparator,2017-04,y2_total_volume,3536.0,MIO_M3,Eurostat nrg_ti_gasm,7becf4ef1b67bd6f30dbf1bec81aef56b4d05e62ede3c05367f34284778c2cc5,False
EU27,aggregate_comparator,2017-05,y2_total_volume,4109.2,MIO_M3,Eurostat nrg_ti_gasm,7becf4ef1b67bd6f30dbf1bec81aef56b4d05e62ede3c05367f34284778c2cc5,False
EU27,aggregate_comparator,2017-06,y2_total_volume,3908.8,MIO_M3,Eurostat nrg_ti_gasm,7becf4ef1b67bd6f30dbf1bec81aef56b4d05e62ede3c05367f34284778c2cc5,False
EU27,aggregate_comparator,2017-07,y2_total_volume,4296.4,MIO_M3,Eurostat nrg_ti_gasm,7becf4ef1b67bd6f30dbf1bec81aef56b4d05e62ede3c05367f34284778c2cc5,False
EU27,aggregate_comparator,2017-08,y2_total_volume,4504.7,MIO_M3,Eurostat nrg_ti_gasm,7becf4ef1b67bd6f30dbf1bec81aef56b4d05e62ede3c05367f34284778c2cc5,False
EU27,aggregate_comparator,2017-09,y2_total_volume,3456.5,MIO_M3,Eurostat nrg_ti_gasm,7becf4ef1b67bd6f30dbf1bec81aef56b4d05e62ede3c05367f34284778c2cc5,False
EU27,aggregate_comparator,2017-10,y2_total_volume,3325.6,MIO_M3,Eurostat nrg_ti_gasm,7becf4ef1b67bd6f30dbf1bec81aef56b4d05e62ede3c05367f34284778c2cc5,False
EU27,aggregate_comparator,2017-11,y2_total_volume,3605.8,MIO_M3,Eurostat nrg_ti_gasm,7becf4ef1b67bd6f30dbf1bec81aef56b4d05e62ede3c05367f34284778c2cc5,False
EU27,aggregate_comparator,2017-12,y2_total_volume,3487.0,MIO_M3,Eurostat nrg_ti_gasm,7becf4ef1b67bd6f30dbf1bec81aef56b4d05e62ede3c05367f34284778c2cc5,False
EU27,aggregate_comparator,2018-01,y2_total_volume,3136.0,MIO_M3,Eurostat nrg_ti_gasm,7becf4ef1b67bd6f30dbf1bec81aef56b4d05e62ede3c05367f34284778c2cc5,False
EU27,aggregate_comparator,2018-02,y2_total_volume,2900.3,MIO_M3,Eurostat nrg_ti_gasm,7becf4ef1b67bd6f30dbf1bec81aef56b4d05e62ede3c05367f34284778c2cc5,False
EU27,aggregate_comparator,2018-03,y2_total_volume,3625.9,MIO_M3,Eurostat nrg_ti_gasm,7becf4ef1b67bd6f30dbf1bec81aef56b4d05e62ede3c05367f34284778c2cc5,False
EU27,aggregate_comparator,2018-04,y2_total_volume,3870.1,MIO_M3,Eurostat nrg_ti_gasm,7becf4ef1b67bd6f30dbf1bec81aef56b4d05e62ede3c05367f34284778c2cc5,False
EU27,aggregate_comparator,2018-05,y2_total_volume,4742.9,MIO_M3,Eurostat nrg_ti_gasm,7becf4ef1b67bd6f30dbf1bec81aef56b4d05e62ede3c05367f34284778c2cc5,False
EU27,aggregate_comparator,2018-06,y2_total_volume,3719.8,MIO_M3,Eurostat nrg_ti_gasm,7becf4ef1b67bd6f30dbf1bec81aef56b4d05e62ede3c05367f34284778c2cc5,False
EU27,aggregate_comparator,2018-07,y2_total_volume,3852.1,MIO_M3,Eurostat nrg_ti_gasm,7becf4ef1b67bd6f30dbf1bec81aef56b4d05e62ede3c05367f34284778c2cc5,False
EU27,aggregate_comparator,2018-08,y2_total_volume,4133.4,MIO_M3,Eurostat nrg_ti_gasm,7becf4ef1b67bd6f30dbf1bec81aef56b4d05e62ede3c05367f34284778c2cc5,False
EU27,aggregate_comparator,2018-09,y2_total_volume,4261.7,MIO_M3,Eurostat nrg_ti_gasm,7becf4ef1b67bd6f30dbf1bec81aef56b4d05e62ede3c05367f34284778c2cc5,False
EU27,aggregate_comparator,2018-10,y2_total_volume,5498.1,MIO_M3,Eurostat nrg_ti_gasm,7becf4ef1b67bd6f30dbf1bec81aef56b4d05e62ede3c05367f34284778c2cc5,False
EU27,aggregate_comparator,2018-11,y2_total_volume,5945.7,MIO_M3,Eurostat nrg_ti_gasm,7becf4ef1b67bd6f30dbf1bec81aef56b4d05e62ede3c05367f34284778c2cc5,False
EU27,aggregate_comparator,2018-12,y2_total_volume,5764.4,MIO_M3,Eurostat nrg_ti_gasm,7becf4ef1b67bd6f30dbf1bec81aef56b4d05e62ede3c05367f34284778c2cc5,False
EU27,aggregate_comparator,2021-01,y2_total_volume,4465.817,MIO_M3,Eurostat nrg_ti_gasm,7becf4ef1b67bd6f30dbf1bec81aef56b4d05e62ede3c05367f34284778c2cc5,False
EU27,aggregate_comparator,2021-02,y2_total_volume,4996.72,MIO_M3,Eurostat nrg_ti_gasm,7becf4ef1b67bd6f30dbf1bec81aef56b4d05e62ede3c05367f34284778c2cc5,False
EU27,aggregate_comparator,2021-03,y2_total_volume,8474.595,MIO_M3,Eurostat nrg_ti_gasm,7becf4ef1b67bd6f30dbf1bec81aef56b4d05e62ede3c05367f34284778c2cc5,False
EU27,aggregate_comparator,2021-04,y2_total_volume,9294.71,MIO_M3,Eurostat nrg_ti_gasm,7becf4ef1b67bd6f30dbf1bec81aef56b4d05e62ede3c05367f34284778c2cc5,False
EU27,aggregate_comparator,2021-05,y2_total_volume,8010.362,MIO_M3,Eurostat nrg_ti_gasm,7becf4ef1b67bd6f30dbf1bec81aef56b4d05e62ede3c05367f34284778c2cc5,False
EU27,aggregate_comparator,2021-06,y2_total_volume,6550.94,MIO_M3,Eurostat nrg_ti_gasm,7becf4ef1b67bd6f30dbf1bec81aef56b4d05e62ede3c05367f34284778c2cc5,False
EU27,aggregate_comparator,2021-07,y2_total_volume,5312.183,MIO_M3,Eurostat nrg_ti_gasm,7becf4ef1b67bd6f30dbf1bec81aef56b4d05e62ede3c05367f34284778c2cc5,False
EU27,aggregate_comparator,2021-08,y2_total_volume,5443.362,MIO_M3,Eurostat nrg_ti_gasm,7becf4ef1b67bd6f30dbf1bec81aef56b4d05e62ede3c05367f34284778c2cc5,False
EU27,aggregate_comparator,2021-09,y2_total_volume,5366.801,MIO_M3,Eurostat nrg_ti_gasm,7becf4ef1b67bd6f30dbf1bec81aef56b4d05e62ede3c05367f34284778c2cc5,False
EU27,aggregate_comparator,2021-10,y2_total_volume,7199.547,MIO_M3,Eurostat nrg_ti_gasm,7becf4ef1b67bd6f30dbf1bec81aef56b4d05e62ede3c05367f34284778c2cc5,False
EU27,aggregate_comparator,2021-11,y2_total_volume,7241.155,MIO_M3,Eurostat nrg_ti_gasm,7becf4ef1b67bd6f30dbf1bec81aef56b4d05e62ede3c05367f34284778c2cc5,False
EU27,aggregate_comparator,2021-12,y2_total_volume,8103.376,MIO_M3,Eurostat nrg_ti_gasm,7becf4ef1b67bd6f30dbf1bec81aef56b4d05e62ede3c05367f34284778c2cc5,False
EU27,aggregate_comparator,2022-01,y2_total_volume,10086.603,MIO_M3,Eurostat nrg_ti_gasm,7becf4ef1b67bd6f30dbf1bec81aef56b4d05e62ede3c05367f34284778c2cc5,False
EU27,aggregate_comparator,2022-02,y2_total_volume,9208.318,MIO_M3,Eurostat nrg_ti_gasm,7becf4ef1b67bd6f30dbf1bec81aef56b4d05e62ede3c05367f34284778c2cc5,False
EU27,aggregate_comparator,2022-03,y2_total_volume,10986.068,MIO_M3,Eurostat nrg_ti_gasm,7becf4ef1b67bd6f30dbf1bec81aef56b4d05e62ede3c05367f34284778c2cc5,False
EU27,aggregate_comparator,2022-04,y2_total_volume,11254.515,MIO_M3,Eurostat nrg_ti_gasm,7becf4ef1b67bd6f30dbf1bec81aef56b4d05e62ede3c05367f34284778c2cc5,False
EU27,aggregate_comparator,2022-05,y2_total_volume,11718.03,MIO_M3,Eurostat nrg_ti_gasm,7becf4ef1b67bd6f30dbf1bec81aef56b4d05e62ede3c05367f34284778c2cc5,False
EU27,aggregate_comparator,2022-06,y2_total_volume,11298.061,MIO_M3,Eurostat nrg_ti_gasm,7becf4ef1b67bd6f30dbf1bec81aef56b4d05e62ede3c05367f34284778c2cc5,False
EU27,aggregate_comparator,2022-07,y2_total_volume,11344.908,MIO_M3,Eurostat nrg_ti_gasm,7becf4ef1b67bd6f30dbf1bec81aef56b4d05e62ede3c05367f34284778c2cc5,False
EU27,aggregate_comparator,2022-08,y2_total_volume,10761.323,MIO_M3,Eurostat nrg_ti_gasm,7becf4ef1b67bd6f30dbf1bec81aef56b4d05e62ede3c05367f34284778c2cc5,False
EU27,aggregate_comparator,2022-09,y2_total_volume,9993.155,MIO_M3,Eurostat nrg_ti_gasm,7becf4ef1b67bd6f30dbf1bec81aef56b4d05e62ede3c05367f34284778c2cc5,False
EU27,aggregate_comparator,2022-10,y2_total_volume,11424.483,MIO_M3,Eurostat nrg_ti_gasm,7becf4ef1b67bd6f30dbf1bec81aef56b4d05e62ede3c05367f34284778c2cc5,False
EU27,aggregate_comparator,2022-11,y2_total_volume,11840.516,MIO_M3,Eurostat nrg_ti_gasm,7becf4ef1b67bd6f30dbf1bec81aef56b4d05e62ede3c05367f34284778c2cc5,False
EU27,aggregate_comparator,2022-12,y2_total_volume,12706.319,MIO_M3,Eurostat nrg_ti_gasm,7becf4ef1b67bd6f30dbf1bec81aef56b4d05e62ede3c05367f34284778c2cc5,False
EU27,aggregate_comparator,2023-01,y2_total_volume,11460.91,MIO_M3,Eurostat nrg_ti_gasm,7becf4ef1b67bd6f30dbf1bec81aef56b4d05e62ede3c05367f34284778c2cc5,False
EU27,aggregate_comparator,2023-02,y2_total_volume,10705.415,MIO_M3,Eurostat nrg_ti_gasm,7becf4ef1b67bd6f30dbf1bec81aef56b4d05e62ede3c05367f34284778c2cc5,False
EU27,aggregate_comparator,2023-03,y2_total_volume,11470.503,MIO_M3,Eurostat nrg_ti_gasm,7becf4ef1b67bd6f30dbf1bec81aef56b4d05e62ede3c05367f34284778c2cc5,False
EU27,aggregate_comparator,2023-04,y2_total_volume,12942.784,MIO_M3,Eurostat nrg_ti_gasm,7becf4ef1b67bd6f30dbf1bec81aef56b4d05e62ede3c05367f34284778c2cc5,False
EU27,aggregate_comparator,2023-05,y2_total_volume,12835.439,MIO_M3,Eurostat nrg_ti_gasm,7becf4ef1b67bd6f30dbf1bec81aef56b4d05e62ede3c05367f34284778c2cc5,False
EU27,aggregate_comparator,2023-06,y2_total_volume,11494.623,MIO_M3,Eurostat nrg_ti_gasm,7becf4ef1b67bd6f30dbf1bec81aef56b4d05e62ede3c05367f34284778c2cc5,False
EU27,aggregate_comparator,2023-07,y2_total_volume,11552.416,MIO_M3,Eurostat nrg_ti_gasm,7becf4ef1b67bd6f30dbf1bec81aef56b4d05e62ede3c05367f34284778c2cc5,False
EU27,aggregate_comparator,2023-08,y2_total_volume,10607.764,MIO_M3,Eurostat nrg_ti_gasm,7becf4ef1b67bd6f30dbf1bec81aef56b4d05e62ede3c05367f34284778c2cc5,False
EU27,aggregate_comparator,2023-09,y2_total_volume,9531.098,MIO_M3,Eurostat nrg_ti_gasm,7becf4ef1b67bd6f30dbf1bec81aef56b4d05e62ede3c05367f34284778c2cc5,False
EU27,aggregate_comparator,2023-10,y2_total_volume,11408.526,MIO_M3,Eurostat nrg_ti_gasm,7becf4ef1b67bd6f30dbf1bec81aef56b4d05e62ede3c05367f34284778c2cc5,False
EU27,aggregate_comparator,2023-11,y2_total_volume,12861.053,MIO_M3,Eurostat nrg_ti_gasm,7becf4ef1b67bd6f30dbf1bec81aef56b4d05e62ede3c05367f34284778c2cc5,False
EU27,aggregate_comparator,2023-12,y2_total_volume,11946.242,MIO_M3,Eurostat nrg_ti_gasm,7becf4ef1b67bd6f30dbf1bec81aef56b4d05e62ede3c05367f34284778c2cc5,False
EU27,aggregate_comparator,2024-01,y2_total_volume,11305.59,MIO_M3,Eurostat nrg_ti_gasm,7becf4ef1b67bd6f30dbf1bec81aef56b4d05e62ede3c05367f34284778c2cc5,False
EU27,aggregate_comparator,2024-02,y2_total_volume,11026.468,MIO_M3,Eurostat nrg_ti_gasm,7becf4ef1b67bd6f30dbf1bec81aef56b4d05e62ede3c05367f34284778c2cc5,False
EU27,aggregate_comparator,2024-03,y2_total_volume,10858.983,MIO_M3,Eurostat nrg_ti_gasm,7becf4ef1b67bd6f30dbf1bec81aef56b4d05e62ede3c05367f34284778c2cc5,False
EU27,aggregate_comparator,2024-04,y2_total_volume,11386.579,MIO_M3,Eurostat nrg_ti_gasm,7becf4ef1b67bd6f30dbf1bec81aef56b4d05e62ede3c05367f34284778c2cc5,False
EU27,aggregate_comparator,2024-05,y2_total_volume,9866.163,MIO_M3,Eurostat nrg_ti_gasm,7becf4ef1b67bd6f30dbf1bec81aef56b4d05e62ede3c05367f34284778c2cc5,False
EU27,aggregate_comparator,2024-06,y2_total_volume,9344.599,MIO_M3,Eurostat nrg_ti_gasm,7becf4ef1b67bd6f30dbf1bec81aef56b4d05e62ede3c05367f34284778c2cc5,False
EU27,aggregate_comparator,2024-07,y2_total_volume,8369.683,MIO_M3,Eurostat nrg_ti_gasm,7becf4ef1b67bd6f30dbf1bec81aef56b4d05e62ede3c05367f34284778c2cc5,False
EU27,aggregate_comparator,2024-08,y2_total_volume,8220.093,MIO_M3,Eurostat nrg_ti_gasm,7becf4ef1b67bd6f30dbf1bec81aef56b4d05e62ede3c05367f34284778c2cc5,False
EU27,aggregate_comparator,2024-09,y2_total_volume,8019.835,MIO_M3,Eurostat nrg_ti_gasm,7becf4ef1b67bd6f30dbf1bec81aef56b4d05e62ede3c05367f34284778c2cc5,False
EU27,aggregate_comparator,2024-10,y2_total_volume,9318.677,MIO_M3,Eurostat nrg_ti_gasm,7becf4ef1b67bd6f30dbf1bec81aef56b4d05e62ede3c05367f34284778c2cc5,False
EU27,aggregate_comparator,2024-11,y2_total_volume,9909.969,MIO_M3,Eurostat nrg_ti_gasm,7becf4ef1b67bd6f30dbf1bec81aef56b4d05e62ede3c05367f34284778c2cc5,False
EU27,aggregate_comparator,2024-12,y2_total_volume,9962.975,MIO_M3,Eurostat nrg_ti_gasm,7becf4ef1b67bd6f30dbf1bec81aef56b4d05e62ede3c05367f34284778c2cc5,False
EU27,aggregate_comparator,2025-01,y2_total_volume,11449.398,MIO_M3,Eurostat nrg_ti_gasm,7becf4ef1b67bd6f30dbf1bec81aef56b4d05e62ede3c05367f34284778c2cc5,False
EU27,aggregate_comparator,2025-02,y2_total_volume,10616.977,MIO_M3,Eurostat nrg_ti_gasm,7becf4ef1b67bd6f30dbf1bec81aef56b4d05e62ede3c05367f34284778c2cc5,False
EU27,aggregate_comparator,2025-03,y2_total_volume,13344.477,MIO_M3,Eurostat nrg_ti_gasm,7becf4ef1b67bd6f30dbf1bec81aef56b4d05e62ede3c05367f34284778c2cc5,False
EU27,aggregate_comparator,2025-04,y2_total_volume,13106.325,MIO_M3,Eurostat nrg_ti_gasm,7becf4ef1b67bd6f30dbf1bec81aef56b4d05e62ede3c05367f34284778c2cc5,False
EU27,aggregate_comparator,2025-05,y2_total_volume,13517.255,MIO_M3,Eurostat nrg_ti_gasm,7becf4ef1b67bd6f30dbf1bec81aef56b4d05e62ede3c05367f34284778c2cc5,False
EU27,aggregate_comparator,2025-06,y2_total_volume,12729.464,MIO_M3,Eurostat nrg_ti_gasm,7becf4ef1b67bd6f30dbf1bec81aef56b4d05e62ede3c05367f34284778c2cc5,False
EU27,aggregate_comparator,2025-07,y2_total_volume,12064.926,MIO_M3,Eurostat nrg_ti_gasm,7becf4ef1b67bd6f30dbf1bec81aef56b4d05e62ede3c05367f34284778c2cc5,False
EU27,aggregate_comparator,2025-08,y2_total_volume,10353.973,MIO_M3,Eurostat nrg_ti_gasm,7becf4ef1b67bd6f30dbf1bec81aef56b4d05e62ede3c05367f34284778c2cc5,False
EU27,aggregate_comparator,2025-09,y2_total_volume,11929.007,MIO_M3,Eurostat nrg_ti_gasm,7becf4ef1b67bd6f30dbf1bec81aef56b4d05e62ede3c05367f34284778c2cc5,False
EU27,aggregate_comparator,2025-10,y2_total_volume,13089.327,MIO_M3,Eurostat nrg_ti_gasm,7becf4ef1b67bd6f30dbf1bec81aef56b4d05e62ede3c05367f34284778c2cc5,False
EU27,aggregate_comparator,2025-11,y2_total_volume,11437.563,MIO_M3,Eurostat nrg_ti_gasm,7becf4ef1b67bd6f30dbf1bec81aef56b4d05e62ede3c05367f34284778c2cc5,False
EU27,aggregate_comparator,2025-12,y2_total_volume,12778.682,MIO_M3,Eurostat nrg_ti_gasm,7becf4ef1b67bd6f30dbf1bec81aef56b4d05e62ede3c05367f34284778c2cc5,False
EU27,aggregate_comparator,2026-01,y2_total_volume,12643.691,MIO_M3,Eurostat nrg_ti_gasm,7becf4ef1b67bd6f30dbf1bec81aef56b4d05e62ede3c05367f34284778c2cc5,False
EU27,aggregate_comparator,2026-02,y2_total_volume,12373.403,MIO_M3,Eurostat nrg_ti_gasm,7becf4ef1b67bd6f30dbf1bec81aef56b4d05e62ede3c05367f34284778c2cc5,False
EU27,aggregate_comparator,2026-03,y2_total_volume,14406.742,MIO_M3,Eurostat nrg_ti_gasm,7becf4ef1b67bd6f30dbf1bec81aef56b4d05e62ede3c05367f34284778c2cc5,True
EU27,aggregate_comparator,2026-04,y2_total_volume,12312.854,MIO_M3,Eurostat nrg_ti_gasm,7becf4ef1b67bd6f30dbf1bec81aef56b4d05e62ede3c05367f34284778c2cc5,True
EU27,aggregate_comparator,2016-01,y3_non_gulf_volume,1811.0,MIO_M3,Eurostat nrg_ti_gasm,7becf4ef1b67bd6f30dbf1bec81aef56b4d05e62ede3c05367f34284778c2cc5,False
EU27,aggregate_comparator,2016-02,y3_non_gulf_volume,1568.0,MIO_M3,Eurostat nrg_ti_gasm,7becf4ef1b67bd6f30dbf1bec81aef56b4d05e62ede3c05367f34284778c2cc5,False
EU27,aggregate_comparator,2016-03,y3_non_gulf_volume,1834.0,MIO_M3,Eurostat nrg_ti_gasm,7becf4ef1b67bd6f30dbf1bec81aef56b4d05e62ede3c05367f34284778c2cc5,False
EU27,aggregate_comparator,2016-04,y3_non_gulf_volume,1996.0,MIO_M3,Eurostat nrg_ti_gasm,7becf4ef1b67bd6f30dbf1bec81aef56b4d05e62ede3c05367f34284778c2cc5,False
EU27,aggregate_comparator,2016-05,y3_non_gulf_volume,1548.0,MIO_M3,Eurostat nrg_ti_gasm,7becf4ef1b67bd6f30dbf1bec81aef56b4d05e62ede3c05367f34284778c2cc5,False
EU27,aggregate_comparator,2016-06,y3_non_gulf_volume,2504.0,MIO_M3,Eurostat nrg_ti_gasm,7becf4ef1b67bd6f30dbf1bec81aef56b4d05e62ede3c05367f34284778c2cc5,False
EU27,aggregate_comparator,2016-07,y3_non_gulf_volume,2021.0,MIO_M3,Eurostat nrg_ti_gasm,7becf4ef1b67bd6f30dbf1bec81aef56b4d05e62ede3c05367f34284778c2cc5,False
EU27,aggregate_comparator,2016-08,y3_non_gulf_volume,1539.0,MIO_M3,Eurostat nrg_ti_gasm,7becf4ef1b67bd6f30dbf1bec81aef56b4d05e62ede3c05367f34284778c2cc5,False
EU27,aggregate_comparator,2016-09,y3_non_gulf_volume,1813.0,MIO_M3,Eurostat nrg_ti_gasm,7becf4ef1b67bd6f30dbf1bec81aef56b4d05e62ede3c05367f34284778c2cc5,False
EU27,aggregate_comparator,2016-10,y3_non_gulf_volume,2073.0,MIO_M3,Eurostat nrg_ti_gasm,7becf4ef1b67bd6f30dbf1bec81aef56b4d05e62ede3c05367f34284778c2cc5,False
EU27,aggregate_comparator,2016-11,y3_non_gulf_volume,2166.0,MIO_M3,Eurostat nrg_ti_gasm,7becf4ef1b67bd6f30dbf1bec81aef56b4d05e62ede3c05367f34284778c2cc5,False
EU27,aggregate_comparator,2016-12,y3_non_gulf_volume,2492.0,MIO_M3,Eurostat nrg_ti_gasm,7becf4ef1b67bd6f30dbf1bec81aef56b4d05e62ede3c05367f34284778c2cc5,False
EU27,aggregate_comparator,2017-01,y3_non_gulf_volume,1855.0,MIO_M3,Eurostat nrg_ti_gasm,7becf4ef1b67bd6f30dbf1bec81aef56b4d05e62ede3c05367f34284778c2cc5,False
EU27,aggregate_comparator,2017-02,y3_non_gulf_volume,2561.0,MIO_M3,Eurostat nrg_ti_gasm,7becf4ef1b67bd6f30dbf1bec81aef56b4d05e62ede3c05367f34284778c2cc5,False
EU27,aggregate_comparator,2017-03,y3_non_gulf_volume,2640.0,MIO_M3,Eurostat nrg_ti_gasm,7becf4ef1b67bd6f30dbf1bec81aef56b4d05e62ede3c05367f34284778c2cc5,False
EU27,aggregate_comparator,2017-04,y3_non_gulf_volume,1917.0,MIO_M3,Eurostat nrg_ti_gasm,7becf4ef1b67bd6f30dbf1bec81aef56b4d05e62ede3c05367f34284778c2cc5,False
EU27,aggregate_comparator,2017-05,y3_non_gulf_volume,2449.0,MIO_M3,Eurostat nrg_ti_gasm,7becf4ef1b67bd6f30dbf1bec81aef56b4d05e62ede3c05367f34284778c2cc5,False
EU27,aggregate_comparator,2017-06,y3_non_gulf_volume,2842.0,MIO_M3,Eurostat nrg_ti_gasm,7becf4ef1b67bd6f30dbf1bec81aef56b4d05e62ede3c05367f34284778c2cc5,False
EU27,aggregate_comparator,2017-07,y3_non_gulf_volume,2882.9999999999995,MIO_M3,Eurostat nrg_ti_gasm,7becf4ef1b67bd6f30dbf1bec81aef56b4d05e62ede3c05367f34284778c2cc5,False
EU27,aggregate_comparator,2017-08,y3_non_gulf_volume,2461.0,MIO_M3,Eurostat nrg_ti_gasm,7becf4ef1b67bd6f30dbf1bec81aef56b4d05e62ede3c05367f34284778c2cc5,False
EU27,aggregate_comparator,2017-09,y3_non_gulf_volume,2302.0,MIO_M3,Eurostat nrg_ti_gasm,7becf4ef1b67bd6f30dbf1bec81aef56b4d05e62ede3c05367f34284778c2cc5,False
EU27,aggregate_comparator,2017-10,y3_non_gulf_volume,2342.0,MIO_M3,Eurostat nrg_ti_gasm,7becf4ef1b67bd6f30dbf1bec81aef56b4d05e62ede3c05367f34284778c2cc5,False
EU27,aggregate_comparator,2017-11,y3_non_gulf_volume,2277.0,MIO_M3,Eurostat nrg_ti_gasm,7becf4ef1b67bd6f30dbf1bec81aef56b4d05e62ede3c05367f34284778c2cc5,False
EU27,aggregate_comparator,2017-12,y3_non_gulf_volume,2340.0,MIO_M3,Eurostat nrg_ti_gasm,7becf4ef1b67bd6f30dbf1bec81aef56b4d05e62ede3c05367f34284778c2cc5,False
EU27,aggregate_comparator,2018-01,y3_non_gulf_volume,2174.1,MIO_M3,Eurostat nrg_ti_gasm,7becf4ef1b67bd6f30dbf1bec81aef56b4d05e62ede3c05367f34284778c2cc5,False
EU27,aggregate_comparator,2018-02,y3_non_gulf_volume,2064.5,MIO_M3,Eurostat nrg_ti_gasm,7becf4ef1b67bd6f30dbf1bec81aef56b4d05e62ede3c05367f34284778c2cc5,False
EU27,aggregate_comparator,2018-03,y3_non_gulf_volume,2292.6000000000004,MIO_M3,Eurostat nrg_ti_gasm,7becf4ef1b67bd6f30dbf1bec81aef56b4d05e62ede3c05367f34284778c2cc5,False
EU27,aggregate_comparator,2018-04,y3_non_gulf_volume,2495.2,MIO_M3,Eurostat nrg_ti_gasm,7becf4ef1b67bd6f30dbf1bec81aef56b4d05e62ede3c05367f34284778c2cc5,False
EU27,aggregate_comparator,2018-05,y3_non_gulf_volume,2878.5999999999995,MIO_M3,Eurostat nrg_ti_gasm,7becf4ef1b67bd6f30dbf1bec81aef56b4d05e62ede3c05367f34284778c2cc5,False
EU27,aggregate_comparator,2018-06,y3_non_gulf_volume,2415.7000000000003,MIO_M3,Eurostat nrg_ti_gasm,7becf4ef1b67bd6f30dbf1bec81aef56b4d05e62ede3c05367f34284778c2cc5,False
EU27,aggregate_comparator,2018-07,y3_non_gulf_volume,2211.0,MIO_M3,Eurostat nrg_ti_gasm,7becf4ef1b67bd6f30dbf1bec81aef56b4d05e62ede3c05367f34284778c2cc5,False
EU27,aggregate_comparator,2018-08,y3_non_gulf_volume,2406.0999999999995,MIO_M3,Eurostat nrg_ti_gasm,7becf4ef1b67bd6f30dbf1bec81aef56b4d05e62ede3c05367f34284778c2cc5,False
EU27,aggregate_comparator,2018-09,y3_non_gulf_volume,2935.3999999999996,MIO_M3,Eurostat nrg_ti_gasm,7becf4ef1b67bd6f30dbf1bec81aef56b4d05e62ede3c05367f34284778c2cc5,False
EU27,aggregate_comparator,2018-10,y3_non_gulf_volume,3629.6000000000004,MIO_M3,Eurostat nrg_ti_gasm,7becf4ef1b67bd6f30dbf1bec81aef56b4d05e62ede3c05367f34284778c2cc5,False
EU27,aggregate_comparator,2018-11,y3_non_gulf_volume,4638.6,MIO_M3,Eurostat nrg_ti_gasm,7becf4ef1b67bd6f30dbf1bec81aef56b4d05e62ede3c05367f34284778c2cc5,False
EU27,aggregate_comparator,2018-12,y3_non_gulf_volume,4358.7,MIO_M3,Eurostat nrg_ti_gasm,7becf4ef1b67bd6f30dbf1bec81aef56b4d05e62ede3c05367f34284778c2cc5,False
EU27,aggregate_comparator,2021-01,y3_non_gulf_volume,3609.647,MIO_M3,Eurostat nrg_ti_gasm,7becf4ef1b67bd6f30dbf1bec81aef56b4d05e62ede3c05367f34284778c2cc5,False
EU27,aggregate_comparator,2021-02,y3_non_gulf_volume,4169.397,MIO_M3,Eurostat nrg_ti_gasm,7becf4ef1b67bd6f30dbf1bec81aef56b4d05e62ede3c05367f34284778c2cc5,False
EU27,aggregate_comparator,2021-03,y3_non_gulf_volume,7181.427,MIO_M3,Eurostat nrg_ti_gasm,7becf4ef1b67bd6f30dbf1bec81aef56b4d05e62ede3c05367f34284778c2cc5,False
EU27,aggregate_comparator,2021-04,y3_non_gulf_volume,7458.659,MIO_M3,Eurostat nrg_ti_gasm,7becf4ef1b67bd6f30dbf1bec81aef56b4d05e62ede3c05367f34284778c2cc5,False
EU27,aggregate_comparator,2021-05,y3_non_gulf_volume,6570.321,MIO_M3,Eurostat nrg_ti_gasm,7becf4ef1b67bd6f30dbf1bec81aef56b4d05e62ede3c05367f34284778c2cc5,False
EU27,aggregate_comparator,2021-06,y3_non_gulf_volume,5037.181,MIO_M3,Eurostat nrg_ti_gasm,7becf4ef1b67bd6f30dbf1bec81aef56b4d05e62ede3c05367f34284778c2cc5,False
EU27,aggregate_comparator,2021-07,y3_non_gulf_volume,3921.7,MIO_M3,Eurostat nrg_ti_gasm,7becf4ef1b67bd6f30dbf1bec81aef56b4d05e62ede3c05367f34284778c2cc5,False
EU27,aggregate_comparator,2021-08,y3_non_gulf_volume,4227.437,MIO_M3,Eurostat nrg_ti_gasm,7becf4ef1b67bd6f30dbf1bec81aef56b4d05e62ede3c05367f34284778c2cc5,False
EU27,aggregate_comparator,2021-09,y3_non_gulf_volume,3753.1340000000005,MIO_M3,Eurostat nrg_ti_gasm,7becf4ef1b67bd6f30dbf1bec81aef56b4d05e62ede3c05367f34284778c2cc5,False
EU27,aggregate_comparator,2021-10,y3_non_gulf_volume,5656.974999999999,MIO_M3,Eurostat nrg_ti_gasm,7becf4ef1b67bd6f30dbf1bec81aef56b4d05e62ede3c05367f34284778c2cc5,False
EU27,aggregate_comparator,2021-11,y3_non_gulf_volume,5510.478999999999,MIO_M3,Eurostat nrg_ti_gasm,7becf4ef1b67bd6f30dbf1bec81aef56b4d05e62ede3c05367f34284778c2cc5,False
EU27,aggregate_comparator,2021-12,y3_non_gulf_volume,6729.982,MIO_M3,Eurostat nrg_ti_gasm,7becf4ef1b67bd6f30dbf1bec81aef56b4d05e62ede3c05367f34284778c2cc5,False
EU27,aggregate_comparator,2022-01,y3_non_gulf_volume,8885.024,MIO_M3,Eurostat nrg_ti_gasm,7becf4ef1b67bd6f30dbf1bec81aef56b4d05e62ede3c05367f34284778c2cc5,False
EU27,aggregate_comparator,2022-02,y3_non_gulf_volume,8194.561,MIO_M3,Eurostat nrg_ti_gasm,7becf4ef1b67bd6f30dbf1bec81aef56b4d05e62ede3c05367f34284778c2cc5,False
EU27,aggregate_comparator,2022-03,y3_non_gulf_volume,10096.277,MIO_M3,Eurostat nrg_ti_gasm,7becf4ef1b67bd6f30dbf1bec81aef56b4d05e62ede3c05367f34284778c2cc5,False
EU27,aggregate_comparator,2022-04,y3_non_gulf_volume,9409.664999999999,MIO_M3,Eurostat nrg_ti_gasm,7becf4ef1b67bd6f30dbf1bec81aef56b4d05e62ede3c05367f34284778c2cc5,False
EU27,aggregate_comparator,2022-05,y3_non_gulf_volume,8948.632000000001,MIO_M3,Eurostat nrg_ti_gasm,7becf4ef1b67bd6f30dbf1bec81aef56b4d05e62ede3c05367f34284778c2cc5,False
EU27,aggregate_comparator,2022-06,y3_non_gulf_volume,9442.029999999999,MIO_M3,Eurostat nrg_ti_gasm,7becf4ef1b67bd6f30dbf1bec81aef56b4d05e62ede3c05367f34284778c2cc5,False
EU27,aggregate_comparator,2022-07,y3_non_gulf_volume,7975.882,MIO_M3,Eurostat nrg_ti_gasm,7becf4ef1b67bd6f30dbf1bec81aef56b4d05e62ede3c05367f34284778c2cc5,False
EU27,aggregate_comparator,2022-08,y3_non_gulf_volume,8071.531000000001,MIO_M3,Eurostat nrg_ti_gasm,7becf4ef1b67bd6f30dbf1bec81aef56b4d05e62ede3c05367f34284778c2cc5,False
EU27,aggregate_comparator,2022-09,y3_non_gulf_volume,7917.411,MIO_M3,Eurostat nrg_ti_gasm,7becf4ef1b67bd6f30dbf1bec81aef56b4d05e62ede3c05367f34284778c2cc5,False
EU27,aggregate_comparator,2022-10,y3_non_gulf_volume,8555.932,MIO_M3,Eurostat nrg_ti_gasm,7becf4ef1b67bd6f30dbf1bec81aef56b4d05e62ede3c05367f34284778c2cc5,False
EU27,aggregate_comparator,2022-11,y3_non_gulf_volume,9387.604,MIO_M3,Eurostat nrg_ti_gasm,7becf4ef1b67bd6f30dbf1bec81aef56b4d05e62ede3c05367f34284778c2cc5,False
EU27,aggregate_comparator,2022-12,y3_non_gulf_volume,10478.416,MIO_M3,Eurostat nrg_ti_gasm,7becf4ef1b67bd6f30dbf1bec81aef56b4d05e62ede3c05367f34284778c2cc5,False
EU27,aggregate_comparator,2023-01,y3_non_gulf_volume,9674.929,MIO_M3,Eurostat nrg_ti_gasm,7becf4ef1b67bd6f30dbf1bec81aef56b4d05e62ede3c05367f34284778c2cc5,False
EU27,aggregate_comparator,2023-02,y3_non_gulf_volume,8913.485,MIO_M3,Eurostat nrg_ti_gasm,7becf4ef1b67bd6f30dbf1bec81aef56b4d05e62ede3c05367f34284778c2cc5,False
EU27,aggregate_comparator,2023-03,y3_non_gulf_volume,10209.201000000001,MIO_M3,Eurostat nrg_ti_gasm,7becf4ef1b67bd6f30dbf1bec81aef56b4d05e62ede3c05367f34284778c2cc5,False
EU27,aggregate_comparator,2023-04,y3_non_gulf_volume,10517.149,MIO_M3,Eurostat nrg_ti_gasm,7becf4ef1b67bd6f30dbf1bec81aef56b4d05e62ede3c05367f34284778c2cc5,False
EU27,aggregate_comparator,2023-05,y3_non_gulf_volume,10291.956,MIO_M3,Eurostat nrg_ti_gasm,7becf4ef1b67bd6f30dbf1bec81aef56b4d05e62ede3c05367f34284778c2cc5,False
EU27,aggregate_comparator,2023-06,y3_non_gulf_volume,9524.714,MIO_M3,Eurostat nrg_ti_gasm,7becf4ef1b67bd6f30dbf1bec81aef56b4d05e62ede3c05367f34284778c2cc5,False
EU27,aggregate_comparator,2023-07,y3_non_gulf_volume,9189.817,MIO_M3,Eurostat nrg_ti_gasm,7becf4ef1b67bd6f30dbf1bec81aef56b4d05e62ede3c05367f34284778c2cc5,False
EU27,aggregate_comparator,2023-08,y3_non_gulf_volume,8390.071,MIO_M3,Eurostat nrg_ti_gasm,7becf4ef1b67bd6f30dbf1bec81aef56b4d05e62ede3c05367f34284778c2cc5,False
EU27,aggregate_comparator,2023-09,y3_non_gulf_volume,8418.384,MIO_M3,Eurostat nrg_ti_gasm,7becf4ef1b67bd6f30dbf1bec81aef56b4d05e62ede3c05367f34284778c2cc5,False
EU27,aggregate_comparator,2023-10,y3_non_gulf_volume,9958.098,MIO_M3,Eurostat nrg_ti_gasm,7becf4ef1b67bd6f30dbf1bec81aef56b4d05e62ede3c05367f34284778c2cc5,False
EU27,aggregate_comparator,2023-11,y3_non_gulf_volume,11359.565,MIO_M3,Eurostat nrg_ti_gasm,7becf4ef1b67bd6f30dbf1bec81aef56b4d05e62ede3c05367f34284778c2cc5,False
EU27,aggregate_comparator,2023-12,y3_non_gulf_volume,9801.114,MIO_M3,Eurostat nrg_ti_gasm,7becf4ef1b67bd6f30dbf1bec81aef56b4d05e62ede3c05367f34284778c2cc5,False
EU27,aggregate_comparator,2024-01,y3_non_gulf_volume,10391.206,MIO_M3,Eurostat nrg_ti_gasm,7becf4ef1b67bd6f30dbf1bec81aef56b4d05e62ede3c05367f34284778c2cc5,False
EU27,aggregate_comparator,2024-02,y3_non_gulf_volume,10265.463000000002,MIO_M3,Eurostat nrg_ti_gasm,7becf4ef1b67bd6f30dbf1bec81aef56b4d05e62ede3c05367f34284778c2cc5,False
EU27,aggregate_comparator,2024-03,y3_non_gulf_volume,10858.983,MIO_M3,Eurostat nrg_ti_gasm,7becf4ef1b67bd6f30dbf1bec81aef56b4d05e62ede3c05367f34284778c2cc5,False
EU27,aggregate_comparator,2024-04,y3_non_gulf_volume,10622.011,MIO_M3,Eurostat nrg_ti_gasm,7becf4ef1b67bd6f30dbf1bec81aef56b4d05e62ede3c05367f34284778c2cc5,False
EU27,aggregate_comparator,2024-05,y3_non_gulf_volume,8814.559000000001,MIO_M3,Eurostat nrg_ti_gasm,7becf4ef1b67bd6f30dbf1bec81aef56b4d05e62ede3c05367f34284778c2cc5,False
EU27,aggregate_comparator,2024-06,y3_non_gulf_volume,7957.818,MIO_M3,Eurostat nrg_ti_gasm,7becf4ef1b67bd6f30dbf1bec81aef56b4d05e62ede3c05367f34284778c2cc5,False
EU27,aggregate_comparator,2024-07,y3_non_gulf_volume,7511.211000000001,MIO_M3,Eurostat nrg_ti_gasm,7becf4ef1b67bd6f30dbf1bec81aef56b4d05e62ede3c05367f34284778c2cc5,False
EU27,aggregate_comparator,2024-08,y3_non_gulf_volume,7063.218000000001,MIO_M3,Eurostat nrg_ti_gasm,7becf4ef1b67bd6f30dbf1bec81aef56b4d05e62ede3c05367f34284778c2cc5,False
EU27,aggregate_comparator,2024-09,y3_non_gulf_volume,7239.111,MIO_M3,Eurostat nrg_ti_gasm,7becf4ef1b67bd6f30dbf1bec81aef56b4d05e62ede3c05367f34284778c2cc5,False
EU27,aggregate_comparator,2024-10,y3_non_gulf_volume,8460.699,MIO_M3,Eurostat nrg_ti_gasm,7becf4ef1b67bd6f30dbf1bec81aef56b4d05e62ede3c05367f34284778c2cc5,False
EU27,aggregate_comparator,2024-11,y3_non_gulf_volume,8965.711,MIO_M3,Eurostat nrg_ti_gasm,7becf4ef1b67bd6f30dbf1bec81aef56b4d05e62ede3c05367f34284778c2cc5,False
EU27,aggregate_comparator,2024-12,y3_non_gulf_volume,8813.373,MIO_M3,Eurostat nrg_ti_gasm,7becf4ef1b67bd6f30dbf1bec81aef56b4d05e62ede3c05367f34284778c2cc5,False
EU27,aggregate_comparator,2025-01,y3_non_gulf_volume,10649.479,MIO_M3,Eurostat nrg_ti_gasm,7becf4ef1b67bd6f30dbf1bec81aef56b4d05e62ede3c05367f34284778c2cc5,False
EU27,aggregate_comparator,2025-02,y3_non_gulf_volume,9512.396,MIO_M3,Eurostat nrg_ti_gasm,7becf4ef1b67bd6f30dbf1bec81aef56b4d05e62ede3c05367f34284778c2cc5,False
EU27,aggregate_comparator,2025-03,y3_non_gulf_volume,12222.386,MIO_M3,Eurostat nrg_ti_gasm,7becf4ef1b67bd6f30dbf1bec81aef56b4d05e62ede3c05367f34284778c2cc5,False
EU27,aggregate_comparator,2025-04,y3_non_gulf_volume,12046.425000000001,MIO_M3,Eurostat nrg_ti_gasm,7becf4ef1b67bd6f30dbf1bec81aef56b4d05e62ede3c05367f34284778c2cc5,False
EU27,aggregate_comparator,2025-05,y3_non_gulf_volume,12424.534,MIO_M3,Eurostat nrg_ti_gasm,7becf4ef1b67bd6f30dbf1bec81aef56b4d05e62ede3c05367f34284778c2cc5,False
EU27,aggregate_comparator,2025-06,y3_non_gulf_volume,12126.053,MIO_M3,Eurostat nrg_ti_gasm,7becf4ef1b67bd6f30dbf1bec81aef56b4d05e62ede3c05367f34284778c2cc5,False
EU27,aggregate_comparator,2025-07,y3_non_gulf_volume,11481.256,MIO_M3,Eurostat nrg_ti_gasm,7becf4ef1b67bd6f30dbf1bec81aef56b4d05e62ede3c05367f34284778c2cc5,False
EU27,aggregate_comparator,2025-08,y3_non_gulf_volume,10199.761,MIO_M3,Eurostat nrg_ti_gasm,7becf4ef1b67bd6f30dbf1bec81aef56b4d05e62ede3c05367f34284778c2cc5,False
EU27,aggregate_comparator,2025-09,y3_non_gulf_volume,11274.179,MIO_M3,Eurostat nrg_ti_gasm,7becf4ef1b67bd6f30dbf1bec81aef56b4d05e62ede3c05367f34284778c2cc5,False
EU27,aggregate_comparator,2025-10,y3_non_gulf_volume,12110.898,MIO_M3,Eurostat nrg_ti_gasm,7becf4ef1b67bd6f30dbf1bec81aef56b4d05e62ede3c05367f34284778c2cc5,False
EU27,aggregate_comparator,2025-11,y3_non_gulf_volume,10799.73,MIO_M3,Eurostat nrg_ti_gasm,7becf4ef1b67bd6f30dbf1bec81aef56b4d05e62ede3c05367f34284778c2cc5,False
EU27,aggregate_comparator,2025-12,y3_non_gulf_volume,11896.122000000001,MIO_M3,Eurostat nrg_ti_gasm,7becf4ef1b67bd6f30dbf1bec81aef56b4d05e62ede3c05367f34284778c2cc5,False
EU27,aggregate_comparator,2026-01,y3_non_gulf_volume,12178.305,MIO_M3,Eurostat nrg_ti_gasm,7becf4ef1b67bd6f30dbf1bec81aef56b4d05e62ede3c05367f34284778c2cc5,False
EU27,aggregate_comparator,2026-02,y3_non_gulf_volume,11720.769,MIO_M3,Eurostat nrg_ti_gasm,7becf4ef1b67bd6f30dbf1bec81aef56b4d05e62ede3c05367f34284778c2cc5,False
EU27,aggregate_comparator,2026-03,y3_non_gulf_volume,13484.878,MIO_M3,Eurostat nrg_ti_gasm,7becf4ef1b67bd6f30dbf1bec81aef56b4d05e62ede3c05367f34284778c2cc5,True
EU27,aggregate_comparator,2026-04,y3_non_gulf_volume,12312.854,MIO_M3,Eurostat nrg_ti_gasm,7becf4ef1b67bd6f30dbf1bec81aef56b4d05e62ede3c05367f34284778c2cc5,True
Japan,importer,2025-03,y1_gulf_share,0.06324934717840529,ratio,UN Comtrade HS 271111,e10f05d67316a001c16176df982488b28e92818a2c83420990ab3dcbb4f88cc0,False
Japan,importer,2025-10,y1_gulf_share,0.06489006959722164,ratio,UN Comtrade HS 271111,e10f05d67316a001c16176df982488b28e92818a2c83420990ab3dcbb4f88cc0,False
Japan,importer,2025-11,y1_gulf_share,0.04453542544056398,ratio,UN Comtrade HS 271111,e10f05d67316a001c16176df982488b28e92818a2c83420990ab3dcbb4f88cc0,False
Japan,importer,2025-12,y1_gulf_share,0.05915495758117084,ratio,UN Comtrade HS 271111,e10f05d67316a001c16176df982488b28e92818a2c83420990ab3dcbb4f88cc0,False
Japan,importer,2026-01,y1_gulf_share,0.06122952009048333,ratio,UN Comtrade HS 271111,e10f05d67316a001c16176df982488b28e92818a2c83420990ab3dcbb4f88cc0,False
Japan,importer,2026-02,y1_gulf_share,0.07356570341815927,ratio,UN Comtrade HS 271111,e10f05d67316a001c16176df982488b28e92818a2c83420990ab3dcbb4f88cc0,False
Japan,importer,2026-03,y1_gulf_share,0.024575600943067367,ratio,UN Comtrade HS 271111,e10f05d67316a001c16176df982488b28e92818a2c83420990ab3dcbb4f88cc0,True
Japan,importer,2025-03,y1_gulf_volume,325828000.0,kg,UN Comtrade HS 271111,e10f05d67316a001c16176df982488b28e92818a2c83420990ab3dcbb4f88cc0,False
Japan,importer,2025-10,y1_gulf_volume,375184000.0,kg,UN Comtrade HS 271111,e10f05d67316a001c16176df982488b28e92818a2c83420990ab3dcbb4f88cc0,False
Japan,importer,2025-11,y1_gulf_volume,210671000.0,kg,UN Comtrade HS 271111,e10f05d67316a001c16176df982488b28e92818a2c83420990ab3dcbb4f88cc0,False
Japan,importer,2025-12,y1_gulf_volume,386777000.0,kg,UN Comtrade HS 271111,e10f05d67316a001c16176df982488b28e92818a2c83420990ab3dcbb4f88cc0,False
Japan,importer,2026-01,y1_gulf_volume,382305000.0,kg,UN Comtrade HS 271111,e10f05d67316a001c16176df982488b28e92818a2c83420990ab3dcbb4f88cc0,False
Japan,importer,2026-02,y1_gulf_volume,428129000.0,kg,UN Comtrade HS 271111,e10f05d67316a001c16176df982488b28e92818a2c83420990ab3dcbb4f88cc0,False
Japan,importer,2026-03,y1_gulf_volume,144243000.0,kg,UN Comtrade HS 271111,e10f05d67316a001c16176df982488b28e92818a2c83420990ab3dcbb4f88cc0,True
Japan,importer,2025-03,y2_total_volume,5151484000.0,kg,UN Comtrade HS 271111,e10f05d67316a001c16176df982488b28e92818a2c83420990ab3dcbb4f88cc0,False
Japan,importer,2025-10,y2_total_volume,5781840000.0,kg,UN Comtrade HS 271111,e10f05d67316a001c16176df982488b28e92818a2c83420990ab3dcbb4f88cc0,False
Japan,importer,2025-11,y2_total_volume,4730414000.0,kg,UN Comtrade HS 271111,e10f05d67316a001c16176df982488b28e92818a2c83420990ab3dcbb4f88cc0,False
Japan,importer,2025-12,y2_total_volume,6538370000.0,kg,UN Comtrade HS 271111,e10f05d67316a001c16176df982488b28e92818a2c83420990ab3dcbb4f88cc0,False
Japan,importer,2026-01,y2_total_volume,6243802000.0,kg,UN Comtrade HS 271111,e10f05d67316a001c16176df982488b28e92818a2c83420990ab3dcbb4f88cc0,False
Japan,importer,2026-02,y2_total_volume,5819682000.0,kg,UN Comtrade HS 271111,e10f05d67316a001c16176df982488b28e92818a2c83420990ab3dcbb4f88cc0,False
Japan,importer,2026-03,y2_total_volume,5869358000.0,kg,UN Comtrade HS 271111,e10f05d67316a001c16176df982488b28e92818a2c83420990ab3dcbb4f88cc0,True
Japan,importer,2025-03,y3_non_gulf_volume,4825656000.0,kg,UN Comtrade HS 271111,e10f05d67316a001c16176df982488b28e92818a2c83420990ab3dcbb4f88cc0,False
Japan,importer,2025-10,y3_non_gulf_volume,5406656000.0,kg,UN Comtrade HS 271111,e10f05d67316a001c16176df982488b28e92818a2c83420990ab3dcbb4f88cc0,False
Japan,importer,2025-11,y3_non_gulf_volume,4519743000.0,kg,UN Comtrade HS 271111,e10f05d67316a001c16176df982488b28e92818a2c83420990ab3dcbb4f88cc0,False
Japan,importer,2025-12,y3_non_gulf_volume,6151593000.0,kg,UN Comtrade HS 271111,e10f05d67316a001c16176df982488b28e92818a2c83420990ab3dcbb4f88cc0,False
Japan,importer,2026-01,y3_non_gulf_volume,5861497000.0,kg,UN Comtrade HS 271111,e10f05d67316a001c16176df982488b28e92818a2c83420990ab3dcbb4f88cc0,False
Japan,importer,2026-02,y3_non_gulf_volume,5391553000.0,kg,UN Comtrade HS 271111,e10f05d67316a001c16176df982488b28e92818a2c83420990ab3dcbb4f88cc0,False
Japan,importer,2026-03,y3_non_gulf_volume,5725115000.0,kg,UN Comtrade HS 271111,e10f05d67316a001c16176df982488b28e92818a2c83420990ab3dcbb4f88cc0,True
