port_id,port_name,port_country,port_lat,port_lon,visit_count,project_id,terminal_name,terminal_role,country,terminal_lat,terminal_lon,capacity_mtpa,source,distance_km,country_match,match_status
31da005b,TANJUNG PELEPAS,MYS,1.20981361749515,103.5764700318224,4,T100000130309,Singapore LNG Terminal,regasification,Singapore,1.23616,103.67135,11.0,https://www.gem.wiki/Singapore_LNG_Terminal,10.947048280570197,False,country_mismatch
31da005f,TANJUNG PELEPAS,MYS,1.2142831050667595,103.57021651182195,1,T100000130309,Singapore LNG Terminal,regasification,Singapore,1.23616,103.67135,11.0,https://www.gem.wiki/Singapore_LNG_Terminal,11.50311622509317,False,country_mismatch
31da0089,TANJUNG PELEPAS,MYS,1.218727885210637,103.55880534221802,3,T100000130309,Singapore LNG Terminal,regasification,Singapore,1.23616,103.67135,11.0,https://www.gem.wiki/Singapore_LNG_Terminal,12.660784580824606,False,country_mismatch
31da0083,TANJUNG PELEPAS,MYS,1.2230012954138194,103.5470427645076,1,T100000130309,Singapore LNG Terminal,regasification,Singapore,1.23616,103.67135,11.0,https://www.gem.wiki/Singapore_LNG_Terminal,13.8963965659437,False,country_mismatch
31d0aa41,TANJUNG PELEPAS,MYS,1.233097151180773,103.51776671448177,1,T100000130309,Singapore LNG Terminal,regasification,Singapore,1.23616,103.67135,11.0,https://www.gem.wiki/Singapore_LNG_Terminal,17.077113877574135,False,country_mismatch
0d0ca385,CUETA,ESP,35.919771520552324,-5.318664553290884,2,T100000130682,Gibraltar LNG Terminal,regasification,Gibraltar,36.14905817012559,-5.36506678781487,0.1,https://www.gem.wiki/Gibraltar_LNG_Terminal,25.834675883745906,False,country_mismatch
3568d77b,,KOR,35.02407816280944,128.81123797845154,1,T100000130315,Tongyoung LNG Terminal,regasification,South Korea,34.9474,128.4255,26.5,https://www.gem.wiki/Tongyoung_LNG_Terminal,36.16080698282071,True,outside_distance_threshold
130e0cd7,MARSAXLOKK,MLT,36.02579367416227,14.894854579708776,1,T100000130490,Delimara FSRU,regasification,Malta,35.8277,14.5542,0.5,https://www.gem.wiki/Delimara_FSRU,37.762862871229224,True,outside_distance_threshold
3e4f83bf,,QAT,26.015430412142685,52.081463336703905,1,T100000130594,QatarEnergy LNG (N),liquefaction,Qatar,25.908412,51.557708,40.8,https://www.gem.wiki/Qatargas_1_Ras_Laffan_LNG_Terminal,53.696900656631975,True,outside_distance_threshold
345315d5,NINGBO,CHN,29.702235309396222,122.630690470488,4,T100000130421,Zhoushan LNG Terminal,regasification,China,30.100617,122.282508,8.5,https://www.gem.wiki/Zhoushan_LNG_Terminal,55.57643157292444,True,outside_distance_threshold
3e42e30f,BARAKAH,ARE,23.9702617534469,52.22504579290211,1,T100000130604,Ruwais FSRU,regasification,United Arab Emirates,24.1483,52.7389,3.8,https://www.gem.wiki/Ruwais_FSRU,55.803639939894374,False,outside_distance_threshold
464f4301,SKAGEN,DNK,57.692549087133955,10.712090818392374,1,T100000130687,Lysekil LNG Terminal,regasification,Sweden,58.274285,11.452119,0.2,https://www.gem.wiki/Lysekil_LNG_Terminal,78.02143498866434,False,outside_distance_threshold
464f4255,SKAGEN,DNK,57.68717311779676,10.718633779515038,3,T100000130687,Lysekil LNG Terminal,regasification,Sweden,58.274285,11.452119,0.2,https://www.gem.wiki/Lysekil_LNG_Terminal,78.30589487289917,False,outside_distance_threshold
464f424f,SKAGEN,DNK,57.67465352468821,10.722731808588588,1,T100000130687,Lysekil LNG Terminal,regasification,Sweden,58.274285,11.452119,0.2,https://www.gem.wiki/Lysekil_LNG_Terminal,79.34306179172577,False,outside_distance_threshold
464f4179,SKAGEN,DNK,57.63807510779691,10.689778854724814,2,T100000130687,Lysekil LNG Terminal,regasification,Sweden,58.274285,11.452119,0.2,https://www.gem.wiki/Lysekil_LNG_Terminal,83.8283790665148,False,outside_distance_threshold
3e443beb,MESAIEED,QAT,24.895100662447177,51.58106614503479,1,T100000130598,QatarEnergy LNG (S),liquefaction,Qatar,25.891475,51.54435,36.3,https://www.gem.wiki/Rasgas_LNG_Terminal_1,110.85314111011671,True,outside_distance_threshold
3e921d51,MUSCAT,OMN,23.660533545601847,58.56225594970927,1,T100000130593,Oman Qalhat LNG Terminal,liquefaction,Oman,22.6586,59.40748,15.2,https://www.gem.wiki/Oman_Qalhat_LNG_Terminal,140.991719133758,True,outside_distance_threshold
3be636ef,,IND,19.04293026496492,72.58224166411868,1,T100000130429,Dabhol LNG Terminal,regasification,India,17.54,73.16,12.5,https://www.gem.wiki/Dabhol_LNG_Terminal,177.90146920138756,True,outside_distance_threshold
3be63705,,IND,19.04652525604169,72.55924806761726,1,T100000130429,Dabhol LNG Terminal,regasification,India,17.54,73.16,12.5,https://www.gem.wiki/Dabhol_LNG_Terminal,179.12185946707027,True,outside_distance_threshold
3be63773,,IND,19.045347070529186,72.54099125129711,1,T100000130429,Dabhol LNG Terminal,regasification,India,17.54,73.16,12.5,https://www.gem.wiki/Dabhol_LNG_Terminal,179.69137065587415,True,outside_distance_threshold
3be6377b,,IND,19.04377327201775,72.52924732179316,1,T100000130429,Dabhol LNG Terminal,regasification,India,17.54,73.16,12.5,https://www.gem.wiki/Dabhol_LNG_Terminal,179.98349141190275,True,outside_distance_threshold
3be63821,,IND,19.07054593341188,72.51834026755704,1,T100000130429,Dabhol LNG Terminal,regasification,India,17.54,73.16,12.5,https://www.gem.wiki/Dabhol_LNG_Terminal,183.17328522259942,True,outside_distance_threshold
3be647e1,,IND,19.11644505580859,72.51787695972533,2,T100000130429,Dabhol LNG Terminal,regasification,India,17.54,73.16,12.5,https://www.gem.wiki/Dabhol_LNG_Terminal,187.9390634593646,True,outside_distance_threshold
3e4deef5,,IRN,27.54197928705015,52.48620510913842,3,T100000130594,QatarEnergy LNG (N),liquefaction,Qatar,25.908412,51.557708,40.8,https://www.gem.wiki/Qatargas_1_Ras_Laffan_LNG_Terminal,203.70870450581245,False,outside_distance_threshold
3ae25f87,COLOMBO,LKA,6.9790033117335275,79.77736889328634,1,T100000130447,Kochi LNG Terminal,regasification,India,9.9787,76.2261,5.0,https://www.gem.wiki/Kochi_LNG_Terminal,513.5764518541515,False,outside_distance_threshold
0c40bfed,LAS PALMAS,ESP,28.15172157249691,-15.387919410241532,2,T100000130500,Sines LNG Terminal,regasification,Portugal,37.9419,-8.8435,5.6,https://www.gem.wiki/Sines_LNG_Terminal,1246.9918045045047,False,outside_distance_threshold
0c40bfc7,LAS PALMAS,ESP,28.13557679279354,-15.387561940018188,4,T100000130500,Sines LNG Terminal,regasification,Portugal,37.9419,-8.8435,5.6,https://www.gem.wiki/Sines_LNG_Terminal,1248.5678825439259,False,outside_distance_threshold
0c40be3f,LAS PALMAS,ESP,28.100367339216454,-15.387454166299497,2,T100000130500,Sines LNG Terminal,regasification,Portugal,37.9419,-8.8435,5.6,https://www.gem.wiki/Sines_LNG_Terminal,1252.0374208160536,False,outside_distance_threshold
0c40be15,LAS PALMAS,ESP,28.095656477765132,-15.387583023358474,1,T100000130500,Sines LNG Terminal,regasification,Portugal,37.9419,-8.8435,5.6,https://www.gem.wiki/Sines_LNG_Terminal,1252.508292213421,False,outside_distance_threshold
0c41ca57,TENERIFE,ESP,28.485142827507815,-16.1954882929376,1,T100000130500,Sines LNG Terminal,regasification,Portugal,37.9419,-8.8435,5.6,https://www.gem.wiki/Sines_LNG_Terminal,1253.3594396333178,False,outside_distance_threshold
217c4fb1,PORT LOUIS,MUS,-20.155256524880453,57.432151775033425,10,T100000130258,Coral South FLNG Terminal,liquefaction,Mozambique,-10.9,41.2,3.4,https://www.gem.wiki/Coral_South_FLNG_Terminal,2018.3802629584716,False,outside_distance_threshold
217c4fb5,PORT LOUIS,MUS,-20.151630358380128,57.43772253769256,1,T100000130258,Coral South FLNG Terminal,liquefaction,Mozambique,-10.9,41.2,3.4,https://www.gem.wiki/Coral_South_FLNG_Terminal,2018.7020236438314,False,outside_distance_threshold
217c4e35,PORT LOUIS,MUS,-20.147773590224293,57.443735458571744,1,T100000130258,Coral South FLNG Terminal,liquefaction,Mozambique,-10.9,41.2,3.4,https://www.gem.wiki/Coral_South_FLNG_Terminal,2019.052578190372,False,outside_distance_threshold
217c4e31,PORT LOUIS,MUS,-20.143818823028536,57.44972911295319,3,T100000130258,Coral South FLNG Terminal,liquefaction,Mozambique,-10.9,41.2,3.4,https://www.gem.wiki/Coral_South_FLNG_Terminal,2019.3964716104824,False,outside_distance_threshold
477c252b,,ITA,45.09214426697637,12.58340070197775,20,T100000130466,Adriatic LNG Terminal,regasification,Italy,45.091667,12.586111,7.64,https://www.gem.wiki/Adriatic_LNG_Terminal,0.2192784966775449,True,provisional_spatial_match
863c76ad,USA-1152,USA,30.029847308210567,-93.33189986133088,1,T100000130214,Cameron LNG Terminal,liquefaction,United States,30.035379,-93.3383732,25.93,https://www.gem.wiki/Cameron_LNG_Terminal,0.875599405667053,True,provisional_spatial_match
3e909713,QALHAT LNG TERMINAL,OMN,22.66560655790493,59.4133118017471,1,T100000130593,Oman Qalhat LNG Terminal,liquefaction,Oman,22.6586,59.40748,15.2,https://www.gem.wiki/Oman_Qalhat_LNG_Terminal,0.9823799446654549,True,provisional_spatial_match
35edbd3d,TIANJIN,CHN,38.762373486607395,117.7169856059776,3,T100000130411,Tianjin LNG Terminal (Sinopec),regasification,China,38.749154,117.714895,11.65,https://www.gem.wiki/Tianjin_LNG_Terminal_(Sinopec),1.4810759457541733,True,provisional_spatial_match
3fcebe33,MINA AL ZOUR,KWT,28.71150900581724,48.41171086878477,1,T100000130671,Al Zour LNG Terminal,regasification,Kuwait,28.7183683,48.3973631,22.0,https://www.gem.wiki/Al_Zour_LNG_Terminal,1.5935796101325084,True,provisional_spatial_match
340448cb,CHN-1487,CHN,22.593088884562725,114.74155860641817,2,T100000130794,Huizhou LNG Terminal,regasification,China,22.611927,114.742272,7.75,https://www.gem.wiki/Huizhou_LNG_Terminal,2.0959826245003583,True,provisional_spatial_match
357b9e4f,,KOR,37.33715358138416,126.58220526941884,2,T100000130312,Incheon LNG Terminal,regasification,South Korea,37.35124,126.602,54.5,https://www.gem.wiki/Incheon_LNG_Terminal,2.3484990057638484,True,provisional_spatial_match
35be5d4d,DONGJIAKOU,CHN,35.56906629764383,119.77486965487158,3,T100000130404,Shandong LNG Terminal,regasification,China,35.58624,119.759685,11.0,https://www.gem.wiki/Shandong_LNG_Terminal,2.352136868537011,True,provisional_spatial_match
35b03ab9,YANGKOU,CHN,32.55002160652916,121.4312455565546,2,T100000130392,Rudong LNG Terminal (PetroChina),regasification,China,32.528814,121.428128,10.0,https://www.gem.wiki/Jiangsu_LNG_Terminal,2.376217212019566,True,provisional_spatial_match
3eb32e1b,,PAK,24.790438674224593,67.27040973535762,5,T100000130299,GasPort FSRU,regasification,Pakistan,24.7749916,67.288333,5.0,https://www.gem.wiki/GasPort_FSRU,2.494857639116911,True,provisional_spatial_match
47c4a97d,ZEEBRUGGE,BEL,51.35561607133933,3.181090621725631,1,T100000130426,Zeebrugge LNG Terminal,regasification,Belgium,51.353,3.22241,12.3,https://www.gem.wiki/Zeebrugge_LNG_Terminal,2.8839886436686406,True,provisional_spatial_match
34046cb7,DAPENG,CHN,22.570744373157236,114.40762277240349,2,T100000130384,Guangdong Dapeng LNG Terminal,regasification,China,22.5796,114.4345,7.7,https://www.gem.wiki/Guangdong_Dapeng_LNG_Terminal,2.930034941726115,True,provisional_spatial_match
89b9d6df,,USA,38.40198361906934,-76.38301632813001,1,T100000130217,Cove Point LNG Terminal,liquefaction,United States,38.38544418456382,-76.4097200524101,5.25,https://www.gem.wiki/Cove_Point_LNG_Terminal,2.9661978301073826,True,provisional_spatial_match
30ac4b39,BGD-14,BGD,21.534766756380986,91.81888119688828,2,T100000130272,Summit FSRU,regasification,Bangladesh,21.562987,91.821147,3.8,https://www.gem.wiki/Summit_FSRU,3.146685634151415,True,provisional_spatial_match
3fcebf9d,KWT-22,KWT,28.748987310898915,48.43451074640007,4,T100000130671,Al Zour LNG Terminal,regasification,Kuwait,28.7183683,48.3973631,22.0,https://www.gem.wiki/Al_Zour_LNG_Terminal,4.970987494143473,True,provisional_spatial_match
3102f799,,THA,12.60929659789156,101.14156406776168,2,T100000130321,Map Ta Phut LNG Terminal 1,regasification,Thailand,12.651686,101.159533,11.5,https://www.gem.wiki/Map_Ta_Phut_LNG_Terminal_1,5.100813002628135,True,provisional_spatial_match
48693d77,,GBR,51.7002035999983,-5.153932834486683,3,T100000130557,South Hook LNG Terminal,regasification,United Kingdom,51.7152,-5.07627,20.2,https://www.gem.wiki/South_Hook_LNG_Terminal,5.605112689692318,True,provisional_spatial_match
3102f7bb,,THA,12.604147637857492,101.1305215533193,1,T100000130321,Map Ta Phut LNG Terminal 1,regasification,Thailand,12.651686,101.159533,11.5,https://www.gem.wiki/Map_Ta_Phut_LNG_Terminal_1,6.152339271599997,True,provisional_spatial_match
3e4f434b,RAS LAFFAN,QAT,25.933437576581603,51.61776958906596,1,T100000130594,QatarEnergy LNG (N),liquefaction,Qatar,25.908412,51.557708,40.8,https://www.gem.wiki/Qatargas_1_Ras_Laffan_LNG_Terminal,6.619939776562862,True,provisional_spatial_match
395f6263,,IND,21.682517820601173,72.46998751945264,2,T100000130427,Dahej LNG Terminal,regasification,India,21.6746,72.536,22.5,https://www.gem.wiki/Dahej_LNG_Terminal,6.877668049667534,True,provisional_spatial_match
31da2d73,PENGERANG,MYS,1.3081172072053722,104.24770268599516,5,T100000130291,Pengerang Johor LNG Terminal,regasification,Malaysia,1.341382,104.182089,3.5,https://www.gem.wiki/Pengerang_Johor_LNG_Terminal,8.17823454960092,True,provisional_spatial_match
60186a4d,YOKOHAMA,JPN,35.35262305014164,139.73058101031543,1,T100000130467,Futtsu LNG Terminal,regasification,Japan,35.3451724,139.8213313,22.9,https://www.gem.wiki/Futtsu_LNG_Terminal,8.272232592701286,True,provisional_spatial_match
3e4f5d07,,QAT,25.90164054817191,51.64820506753252,1,T100000130594,QatarEnergy LNG (N),liquefaction,Qatar,25.908412,51.557708,40.8,https://www.gem.wiki/Qatargas_1_Ras_Laffan_LNG_Terminal,9.082960037610606,True,provisional_spatial_match
357b06b1,,KOR,37.039606724137926,126.68388333332932,2,T100000130313,Pyeongtaek LNG Terminal,regasification,South Korea,37.0057,126.7841,41.0,https://www.gem.wiki/Pyeongtaek_LNG_Terminal,9.662898535975117,True,provisional_spatial_match
3e4f5da7,,QAT,25.898635258319,51.65546922717318,61,T100000130594,QatarEnergy LNG (N),liquefaction,Qatar,25.908412,51.557708,40.8,https://www.gem.wiki/Qatargas_1_Ras_Laffan_LNG_Terminal,9.838643285214921,True,provisional_spatial_match
3554e631,HIMEJI,JPN,34.72950026388965,134.65638395919024,1,T100000130481,Himeji Joint LNG Terminal,regasification,Japan,34.816667,134.683333,8.1,https://www.gem.wiki/Himeji_Joint_LNG_Terminal,10.000164833107986,True,provisional_spatial_match
3102562f,,THA,12.560658709662937,101.21551668675887,1,T100000130321,Map Ta Phut LNG Terminal 1,regasification,Thailand,12.651686,101.159533,11.5,https://www.gem.wiki/Map_Ta_Phut_LNG_Terminal_1,11.804928094018015,True,provisional_spatial_match
39572865,,IND,22.635549659193092,69.70728909889912,1,T100000130455,Mundra LNG Terminal,regasification,India,22.7374322,69.6668651,5.0,https://www.gem.wiki/Mundra_LNG_Terminal,12.064044721848019,True,provisional_spatial_match
31d9f7c3,SINGAPORE,SGP,1.1656702671646106,103.75577370393869,1,T100000130309,Singapore LNG Terminal,regasification,Singapore,1.23616,103.67135,11.0,https://www.gem.wiki/Singapore_LNG_Terminal,12.227919880019018,True,provisional_spatial_match
3956d70b,,IND,22.634586599100196,69.61933672066003,1,T100000130455,Mundra LNG Terminal,regasification,India,22.7374322,69.6668651,5.0,https://www.gem.wiki/Mundra_LNG_Terminal,12.432043392904006,True,provisional_spatial_match
47aaf105,SWINOUJSCIE,POL,54.05934870383819,14.272233358485868,5,T100000130498,Świnoujście Polskie LNG Terminal,regasification,Poland,53.909167,14.294722,6.1,https://www.gem.wiki/%c5%9awinouj%c5%9bcie_Polskie_LNG_Terminal,16.764051968291884,True,provisional_spatial_match
31dbcda1,TELOK RAMUNIA,MYS,1.3448113631552503,104.33492656076292,1,T100000130291,Pengerang Johor LNG Terminal,regasification,Malaysia,1.341382,104.182089,3.5,https://www.gem.wiki/Pengerang_Johor_LNG_Terminal,16.99437098408443,True,provisional_spatial_match
358d557b,CAOFEIDIAN,CHN,38.8455826774484,118.70994758191652,2,T100000130811,Tangshan LNG Terminal (Xintian),regasification,China,38.938745,118.541145,12.0,https://www.gem.wiki/Xintian_Tangshan_LNG_Terminal,17.909269141897255,True,provisional_spatial_match
31dbcdb1,TELOK RAMUNIA,MYS,1.3548012732290318,104.3467129010105,8,T100000130291,Pengerang Johor LNG Terminal,regasification,Malaysia,1.341382,104.182089,3.5,https://www.gem.wiki/Pengerang_Johor_LNG_Terminal,18.361008270475732,True,provisional_spatial_match
3e4f66bd,,QAT,25.91022329970469,51.7555869768356,6,T100000130594,QatarEnergy LNG (N),liquefaction,Qatar,25.908412,51.557708,40.8,https://www.gem.wiki/Qatargas_1_Ras_Laffan_LNG_Terminal,19.79255389120743,True,provisional_spatial_match
3e4f66bb,,QAT,25.907051682094888,51.75609722364277,1,T100000130594,QatarEnergy LNG (N),liquefaction,Qatar,25.908412,51.557708,40.8,https://www.gem.wiki/Qatargas_1_Ras_Laffan_LNG_Terminal,19.843406440997825,True,provisional_spatial_match
31dbcc3f,TELOK RAMUNIA,MYS,1.3773734346717297,104.3585073636732,8,T100000130291,Pengerang Johor LNG Terminal,regasification,Malaysia,1.341382,104.182089,3.5,https://www.gem.wiki/Pengerang_Johor_LNG_Terminal,20.01548991160597,True,provisional_spatial_match
3e4f641d,,QAT,25.910276567453547,51.771810043458565,1,T100000130594,QatarEnergy LNG (N),liquefaction,Qatar,25.908412,51.557708,40.8,https://www.gem.wiki/Qatargas_1_Ras_Laffan_LNG_Terminal,21.41513197209581,True,provisional_spatial_match
3e4f63fd,,QAT,25.891563705556948,51.77196137521592,1,T100000130594,QatarEnergy LNG (N),liquefaction,Qatar,25.908412,51.557708,40.8,https://www.gem.wiki/Qatargas_1_Ras_Laffan_LNG_Terminal,21.51269401840253,True,provisional_spatial_match
3e4f641b,,QAT,25.91093465193724,51.77512731136069,5,T100000130594,QatarEnergy LNG (N),liquefaction,Qatar,25.908412,51.557708,40.8,https://www.gem.wiki/Qatargas_1_Ras_Laffan_LNG_Terminal,21.74766424890463,True,provisional_spatial_match
3e4f63f9,,QAT,25.8953935824847,51.77531492396975,1,T100000130594,QatarEnergy LNG (N),liquefaction,Qatar,25.908412,51.557708,40.8,https://www.gem.wiki/Qatargas_1_Ras_Laffan_LNG_Terminal,21.814137060543985,True,provisional_spatial_match
3e4f63db,,QAT,25.872609364375403,51.776020135455184,2,T100000130594,QatarEnergy LNG (N),liquefaction,Qatar,25.908412,51.557708,40.8,https://www.gem.wiki/Qatargas_1_Ras_Laffan_LNG_Terminal,22.198597293163054,True,provisional_spatial_match
3e4f61fb,,QAT,25.822756229970132,51.75956269244133,1,T100000130594,QatarEnergy LNG (N),liquefaction,Qatar,25.908412,51.557708,40.8,https://www.gem.wiki/Qatargas_1_Ras_Laffan_LNG_Terminal,22.329812836586346,True,provisional_spatial_match
3e4f6473,,QAT,25.911193171749392,51.79153556723651,5,T100000130594,QatarEnergy LNG (N),liquefaction,Qatar,25.908412,51.557708,40.8,https://www.gem.wiki/Qatargas_1_Ras_Laffan_LNG_Terminal,23.38899540992435,True,provisional_spatial_match
35ed74e9,TIANJIN,CHN,38.74187091665295,117.98670937918126,1,T100000130411,Tianjin LNG Terminal (Sinopec),regasification,China,38.749154,117.714895,11.65,https://www.gem.wiki/Tianjin_LNG_Terminal_(Sinopec),23.5869046866388,True,provisional_spatial_match
3e4f6477,,QAT,25.90782477584961,51.79574681349773,3,T100000130594,QatarEnergy LNG (N),liquefaction,Qatar,25.908412,51.557708,40.8,https://www.gem.wiki/Qatargas_1_Ras_Laffan_LNG_Terminal,23.808580386361403,True,provisional_spatial_match
3e4f63b1,,QAT,25.872999243052217,51.795643064211184,1,T100000130594,QatarEnergy LNG (N),liquefaction,Qatar,25.908412,51.557708,40.8,https://www.gem.wiki/Qatargas_1_Ras_Laffan_LNG_Terminal,24.125152833632626,True,provisional_spatial_match
3e4f63a9,,QAT,25.8764967513243,51.807458335145974,5,T100000130594,QatarEnergy LNG (N),liquefaction,Qatar,25.908412,51.557708,40.8,https://www.gem.wiki/Qatargas_1_Ras_Laffan_LNG_Terminal,25.233977578702657,True,provisional_spatial_match
3e4f6301,,QAT,25.87293731390477,51.81157682906681,21,T100000130594,QatarEnergy LNG (N),liquefaction,Qatar,25.908412,51.557708,40.8,https://www.gem.wiki/Qatargas_1_Ras_Laffan_LNG_Terminal,25.700076964735164,True,provisional_spatial_match
3e4f6259,,QAT,25.857008560961145,51.80832005146062,1,T100000130594,QatarEnergy LNG (N),liquefaction,Qatar,25.908412,51.557708,40.8,https://www.gem.wiki/Qatargas_1_Ras_Laffan_LNG_Terminal,25.71474592148907,True,provisional_spatial_match
3e4589c1,,QAT,25.80687121347036,51.791974692133834,1,T100000130594,QatarEnergy LNG (N),liquefaction,Qatar,25.908412,51.557708,40.8,https://www.gem.wiki/Qatargas_1_Ras_Laffan_LNG_Terminal,26.018711552303795,True,provisional_spatial_match
3e4f627d,,QAT,25.838335183279092,51.8086558232251,1,T100000130594,QatarEnergy LNG (N),liquefaction,Qatar,25.908412,51.557708,40.8,https://www.gem.wiki/Qatargas_1_Ras_Laffan_LNG_Terminal,26.288419582558234,True,provisional_spatial_match
3e4589d3,,QAT,25.822454294783153,51.808349238289544,1,T100000130594,QatarEnergy LNG (N),liquefaction,Qatar,25.908412,51.557708,40.8,https://www.gem.wiki/Qatargas_1_Ras_Laffan_LNG_Terminal,26.837744263781964,True,provisional_spatial_match
3e4589b5,,QAT,25.80643572881069,51.80755786817204,4,T100000130594,QatarEnergy LNG (N),liquefaction,Qatar,25.908412,51.557708,40.8,https://www.gem.wiki/Qatargas_1_Ras_Laffan_LNG_Terminal,27.451883914156422,True,provisional_spatial_match
0d0cbfad,GIBRALTAR,GIB,36.10489868653771,-5.35940300437274,1,T100000130682,Gibraltar LNG Terminal,regasification,Gibraltar,36.14905817012559,-5.36506678781487,0.1,https://www.gem.wiki/Gibraltar_LNG_Terminal,4.936588829991543,True,small_or_unknown_capacity
0d0cbfab,GIBRALTAR,GIB,36.104888242018816,-5.356506798965898,9,T100000130682,Gibraltar LNG Terminal,regasification,Gibraltar,36.14905817012559,-5.36506678781487,0.1,https://www.gem.wiki/Gibraltar_LNG_Terminal,4.971278907849376,True,small_or_unknown_capacity
0d0cb8bf,GIBRALTAR,GIB,36.12771666860076,-5.2925745684953736,1,T100000130682,Gibraltar LNG Terminal,regasification,Gibraltar,36.14905817012559,-5.36506678781487,0.1,https://www.gem.wiki/Gibraltar_LNG_Terminal,6.928880890076815,True,small_or_unknown_capacity
0d0cb8c5,GIBRALTAR,GIB,36.11773348675466,-5.297255162655681,1,T100000130682,Gibraltar LNG Terminal,regasification,Gibraltar,36.14905817012559,-5.36506678781487,0.1,https://www.gem.wiki/Gibraltar_LNG_Terminal,7.015640723842393,True,small_or_unknown_capacity
130e6db7,MARSAXLOKK,MLT,35.9673669520117,14.80809503199587,1,T100000130490,Delimara FSRU,regasification,Malta,35.8277,14.5542,0.5,https://www.gem.wiki/Delimara_FSRU,27.644349983011164,True,small_or_unknown_capacity
130e6d9f,MARSAXLOKK,MLT,35.980527598276446,14.825201473283595,1,T100000130490,Delimara FSRU,regasification,Malta,35.8277,14.5542,0.5,https://www.gem.wiki/Delimara_FSRU,29.741531201859924,True,small_or_unknown_capacity
