period,destination_unit,destination_unit_type,unit_of_measure,measurement_basis,portfolio_js_distance,portfolio_js_zscore,portfolio_js_robust_zscore,pre_empirical_tail_p,pre_empirical_percentile,post_treatment,pre_calibration_months,coverage_note,admissibility_note
2024-01,China,importer,t,weight_ton,0.1975905934198372,1.6831812301354097,1.2867422640234858,0.07692307692307693,1.0,False,12,descriptive_anomaly_ok,strict origin-split national customs; weight basis
2024-02,China,importer,t,weight_ton,0.13456884257180496,-0.9077805481187218,-0.557696984381197,0.8461538461538461,0.16666666666666666,False,12,descriptive_anomaly_ok,strict origin-split national customs; weight basis
2024-03,China,importer,t,weight_ton,0.21217207075969685,2.2826576005897334,1.7134941194299338,0.07692307692307693,1.0,False,12,descriptive_anomaly_ok,strict origin-split national customs; weight basis
2024-04,China,importer,t,weight_ton,0.17449305682932256,0.7335910700308964,0.6107533799358793,0.38461538461538464,0.6666666666666666,False,12,descriptive_anomaly_ok,strict origin-split national customs; weight basis
2024-05,China,importer,t,weight_ton,0.2100722892526647,2.1963309981993295,1.6520404249112994,0.07692307692307693,1.0,False,12,descriptive_anomaly_ok,strict origin-split national customs; weight basis
2024-06,China,importer,t,weight_ton,0.20892811351716054,2.149291435533964,1.6185541665125922,0.07692307692307693,1.0,False,12,descriptive_anomaly_ok,strict origin-split national customs; weight basis
2024-07,China,importer,t,weight_ton,0.2519662651255567,3.918683817109519,2.878139229401964,0.07692307692307693,1.0,False,12,descriptive_anomaly_ok,strict origin-split national customs; weight basis
2024-08,China,importer,t,weight_ton,0.23076935228141018,3.0472324490159823,2.257775347588644,0.07692307692307693,1.0,False,12,descriptive_anomaly_ok,strict origin-split national customs; weight basis
2024-09,China,importer,t,weight_ton,0.2069545285132292,2.0681530469218794,1.560793828338371,0.07692307692307693,1.0,False,12,descriptive_anomaly_ok,strict origin-split national customs; weight basis
2024-10,China,importer,t,weight_ton,0.2637981526895688,4.405118548459305,3.2244196407221546,0.07692307692307693,1.0,False,12,descriptive_anomaly_ok,strict origin-split national customs; weight basis
2024-11,China,importer,t,weight_ton,0.18929390870083515,1.342086406461043,1.043925605941944,0.07692307692307693,1.0,False,12,descriptive_anomaly_ok,strict origin-split national customs; weight basis
2024-12,China,importer,t,weight_ton,0.18839012623506138,1.3049299359859095,1.0174748674356024,0.07692307692307693,1.0,False,12,descriptive_anomaly_ok,strict origin-split national customs; weight basis
2025-01,China,importer,t,weight_ton,0.18140149187642815,1.0176119186068726,0.8129405387258967,0.3076923076923077,0.75,False,12,descriptive_anomaly_ok,strict origin-split national customs; weight basis
2025-02,China,importer,t,weight_ton,0.18461782033068252,1.1498422038520257,0.9070718879340846,0.15384615384615385,0.9166666666666666,False,12,descriptive_anomaly_ok,strict origin-split national customs; weight basis
2025-03,China,importer,t,weight_ton,0.17921174635883583,0.9275866993160605,0.7488538936816385,0.38461538461538464,0.75,False,12,descriptive_anomaly_ok,strict origin-split national customs; weight basis
2025-04,China,importer,t,weight_ton,0.18625727753999774,1.2172438692970524,0.9550534051444305,0.15384615384615385,1.0,False,12,descriptive_anomaly_ok,strict origin-split national customs; weight basis
2025-05,China,importer,t,weight_ton,0.15149958153060505,-0.21172090316173195,-0.06218997259718268,0.6153846153846154,0.5,False,12,descriptive_anomaly_ok,strict origin-split national customs; weight basis
2025-06,China,importer,t,weight_ton,0.1741299215828937,0.7186617871853143,0.6001256063183614,0.46153846153846156,0.6666666666666666,False,12,descriptive_anomaly_ok,strict origin-split national customs; weight basis
2025-07,China,importer,t,weight_ton,0.15094099388827212,-0.23468566075121292,-0.07853799462654644,0.6923076923076923,0.4166666666666667,False,12,descriptive_anomaly_ok,strict origin-split national customs; weight basis
2025-08,China,importer,t,weight_ton,0.11590287538737111,-1.675179214106816,-1.1039884158493949,1.0,0.08333333333333333,False,12,descriptive_anomaly_ok,strict origin-split national customs; weight basis
2025-09,China,importer,t,weight_ton,0.12228247255626921,-1.4129000453618659,-0.9172786013965889,0.9230769230769231,0.16666666666666666,False,12,descriptive_anomaly_ok,strict origin-split national customs; weight basis
2025-10,China,importer,t,weight_ton,0.18150970656045662,1.0220608605418515,0.8161076264026118,0.3076923076923077,0.8333333333333334,False,12,descriptive_anomaly_ok,strict origin-split national customs; weight basis
2025-11,China,importer,t,weight_ton,0.1407675303813262,-0.6529389581329555,-0.37628179152091173,0.7692307692307693,0.3333333333333333,False,12,descriptive_anomaly_ok,strict origin-split national customs; weight basis
2025-12,China,importer,t,weight_ton,0.15574945960238815,-0.03699913650084635,0.062189972597181876,0.5384615384615384,0.5833333333333334,False,12,descriptive_anomaly_ok,strict origin-split national customs; weight basis
2026-01,China,importer,t,weight_ton,0.13828420213372838,-0.7550340044591024,-0.4489606369180551,0.8461538461538461,0.25,False,12,descriptive_anomaly_ok,strict origin-split national customs; weight basis
2026-02,China,importer,t,weight_ton,0.18325721398217562,1.0939047061342615,0.8672514177464798,0.23076923076923078,0.9166666666666666,False,12,descriptive_anomaly_ok,strict origin-split national customs; weight basis
2026-03,China,importer,t,weight_ton,0.17770936731373418,0.8658206164965789,0.704884203225907,0.38461538461538464,0.6666666666666666,True,12,descriptive_anomaly_ok,strict origin-split national customs; weight basis
2026-04,China,importer,t,weight_ton,0.4015547615097122,10.068593513087995,7.2561022362706185,0.07692307692307693,1.0,True,12,descriptive_anomaly_ok,strict origin-split national customs; weight basis
2026-05,China,importer,t,weight_ton,0.3754384679284296,8.994895661977283,6.491764269521144,0.07692307692307693,1.0,True,12,descriptive_anomaly_ok,strict origin-split national customs; weight basis
2014-01,EU27,aggregate_comparator,MIO_M3,volume_mio_m3,0.5368796888262853,16.628453554200757,14.725973301942119,0.07692307692307693,1.0,False,12,descriptive_anomaly_ok; aggregate_comparator,origin-split Eurostat aggregate comparator; EU27 is not a single importer
2014-02,EU27,aggregate_comparator,MIO_M3,volume_mio_m3,0.5616104023340964,17.655769714192495,15.622689182225049,0.07692307692307693,1.0,False,12,descriptive_anomaly_ok; aggregate_comparator,origin-split Eurostat aggregate comparator; EU27 is not a single importer
2014-03,EU27,aggregate_comparator,MIO_M3,volume_mio_m3,0.5290351402616064,16.30259027064489,14.44153624882691,0.07692307692307693,1.0,False,12,descriptive_anomaly_ok; aggregate_comparator,origin-split Eurostat aggregate comparator; EU27 is not a single importer
2014-04,EU27,aggregate_comparator,MIO_M3,volume_mio_m3,0.5210078253885404,15.969134857486754,14.15047223563392,0.07692307692307693,1.0,False,12,descriptive_anomaly_ok; aggregate_comparator,origin-split Eurostat aggregate comparator; EU27 is not a single importer
2014-05,EU27,aggregate_comparator,MIO_M3,volume_mio_m3,0.5766480917136002,18.280436742243307,16.167943764754742,0.07692307692307693,1.0,False,12,descriptive_anomaly_ok; aggregate_comparator,origin-split Eurostat aggregate comparator; EU27 is not a single importer
2014-06,EU27,aggregate_comparator,MIO_M3,volume_mio_m3,0.5459195335089023,17.003969550669463,15.053750835721464,0.07692307692307693,1.0,False,12,descriptive_anomaly_ok; aggregate_comparator,origin-split Eurostat aggregate comparator; EU27 is not a single importer
2014-07,EU27,aggregate_comparator,MIO_M3,volume_mio_m3,0.5249009747261645,16.13085664632795,14.291634715004271,0.07692307692307693,1.0,False,12,descriptive_anomaly_ok; aggregate_comparator,origin-split Eurostat aggregate comparator; EU27 is not a single importer
2014-08,EU27,aggregate_comparator,MIO_M3,volume_mio_m3,0.5379513155538421,16.672969029031293,14.764829629481245,0.07692307692307693,1.0,False,12,descriptive_anomaly_ok; aggregate_comparator,origin-split Eurostat aggregate comparator; EU27 is not a single importer
2014-09,EU27,aggregate_comparator,MIO_M3,volume_mio_m3,0.5529374468766644,17.295494330569035,15.308214758136579,0.07692307692307693,1.0,False,12,descriptive_anomaly_ok; aggregate_comparator,origin-split Eurostat aggregate comparator; EU27 is not a single importer
2014-10,EU27,aggregate_comparator,MIO_M3,volume_mio_m3,0.5427547346368239,16.872503508519774,14.938997761347046,0.07692307692307693,1.0,False,12,descriptive_anomaly_ok; aggregate_comparator,origin-split Eurostat aggregate comparator; EU27 is not a single importer
2014-11,EU27,aggregate_comparator,MIO_M3,volume_mio_m3,0.5294026955113356,16.317858550212215,14.454863508034753,0.07692307692307693,1.0,False,12,descriptive_anomaly_ok; aggregate_comparator,origin-split Eurostat aggregate comparator; EU27 is not a single importer
2014-12,EU27,aggregate_comparator,MIO_M3,volume_mio_m3,0.5765996753238892,18.27842552087103,16.16618822521052,0.07692307692307693,1.0,False,12,descriptive_anomaly_ok; aggregate_comparator,origin-split Eurostat aggregate comparator; EU27 is not a single importer
2015-01,EU27,aggregate_comparator,MIO_M3,volume_mio_m3,0.543613421519889,16.908173442226584,14.970133060536533,0.07692307692307693,1.0,False,12,descriptive_anomaly_ok; aggregate_comparator,origin-split Eurostat aggregate comparator; EU27 is not a single importer
2015-02,EU27,aggregate_comparator,MIO_M3,volume_mio_m3,0.5359324323859755,16.58910443277411,14.691626541487441,0.07692307692307693,1.0,False,12,descriptive_anomaly_ok; aggregate_comparator,origin-split Eurostat aggregate comparator; EU27 is not a single importer
2015-03,EU27,aggregate_comparator,MIO_M3,volume_mio_m3,0.5234153095139844,16.06914197399033,14.237765683359672,0.07692307692307693,1.0,False,12,descriptive_anomaly_ok; aggregate_comparator,origin-split Eurostat aggregate comparator; EU27 is not a single importer
2015-04,EU27,aggregate_comparator,MIO_M3,volume_mio_m3,0.5274127630579789,16.23519656935268,14.382710149780385,0.07692307692307693,1.0,False,12,descriptive_anomaly_ok; aggregate_comparator,origin-split Eurostat aggregate comparator; EU27 is not a single importer
2015-05,EU27,aggregate_comparator,MIO_M3,volume_mio_m3,0.5426554601312028,16.868379636239766,14.935398147220688,0.07692307692307693,1.0,False,12,descriptive_anomaly_ok; aggregate_comparator,origin-split Eurostat aggregate comparator; EU27 is not a single importer
2015-06,EU27,aggregate_comparator,MIO_M3,volume_mio_m3,0.5320746675917647,16.428852521186993,14.551747077343688,0.07692307692307693,1.0,False,12,descriptive_anomaly_ok; aggregate_comparator,origin-split Eurostat aggregate comparator; EU27 is not a single importer
2015-07,EU27,aggregate_comparator,MIO_M3,volume_mio_m3,0.5263084688397096,16.189324083892235,14.34266932517118,0.07692307692307693,1.0,False,12,descriptive_anomaly_ok; aggregate_comparator,origin-split Eurostat aggregate comparator; EU27 is not a single importer
2015-08,EU27,aggregate_comparator,MIO_M3,volume_mio_m3,0.5245331468146803,16.11557704036574,14.278297569299399,0.07692307692307693,1.0,False,12,descriptive_anomaly_ok; aggregate_comparator,origin-split Eurostat aggregate comparator; EU27 is not a single importer
2015-09,EU27,aggregate_comparator,MIO_M3,volume_mio_m3,0.5317162730768495,16.413964779403546,14.538751979049044,0.07692307692307693,1.0,False,12,descriptive_anomaly_ok; aggregate_comparator,origin-split Eurostat aggregate comparator; EU27 is not a single importer
2015-10,EU27,aggregate_comparator,MIO_M3,volume_mio_m3,0.5109876044073468,15.55289393757083,13.787147041844323,0.07692307692307693,1.0,False,12,descriptive_anomaly_ok; aggregate_comparator,origin-split Eurostat aggregate comparator; EU27 is not a single importer
2015-11,EU27,aggregate_comparator,MIO_M3,volume_mio_m3,0.5570848049957103,17.467775976046962,15.45859464448293,0.07692307692307693,1.0,False,12,descriptive_anomaly_ok; aggregate_comparator,origin-split Eurostat aggregate comparator; EU27 is not a single importer
2015-12,EU27,aggregate_comparator,MIO_M3,volume_mio_m3,0.5393777416967873,16.73222290487355,14.816550699883265,0.07692307692307693,1.0,False,12,descriptive_anomaly_ok; aggregate_comparator,origin-split Eurostat aggregate comparator; EU27 is not a single importer
2016-01,EU27,aggregate_comparator,MIO_M3,volume_mio_m3,0.5571419279407045,17.470148868542775,15.460665876754035,0.07692307692307693,1.0,False,12,descriptive_anomaly_ok; aggregate_comparator,origin-split Eurostat aggregate comparator; EU27 is not a single importer
2016-02,EU27,aggregate_comparator,MIO_M3,volume_mio_m3,0.5453840644236047,16.981726114614595,15.034335155214094,0.07692307692307693,1.0,False,12,descriptive_anomaly_ok; aggregate_comparator,origin-split Eurostat aggregate comparator; EU27 is not a single importer
2016-03,EU27,aggregate_comparator,MIO_M3,volume_mio_m3,0.5518755073246926,17.251381261921406,15.269709679831706,0.07692307692307693,1.0,False,12,descriptive_anomaly_ok; aggregate_comparator,origin-split Eurostat aggregate comparator; EU27 is not a single importer
2016-04,EU27,aggregate_comparator,MIO_M3,volume_mio_m3,0.47440994560655597,14.033454558320893,12.460870406118461,0.07692307692307693,1.0,False,12,descriptive_anomaly_ok; aggregate_comparator,origin-split Eurostat aggregate comparator; EU27 is not a single importer
2016-05,EU27,aggregate_comparator,MIO_M3,volume_mio_m3,0.5223341290053529,16.02422963419737,14.198562943364484,0.07692307692307693,1.0,False,12,descriptive_anomaly_ok; aggregate_comparator,origin-split Eurostat aggregate comparator; EU27 is not a single importer
2016-06,EU27,aggregate_comparator,MIO_M3,volume_mio_m3,0.5266894092133658,16.205148382763625,14.356481918260764,0.07692307692307693,1.0,False,12,descriptive_anomaly_ok; aggregate_comparator,origin-split Eurostat aggregate comparator; EU27 is not a single importer
2016-07,EU27,aggregate_comparator,MIO_M3,volume_mio_m3,0.4837859408256902,14.422934279622893,12.800836489337167,0.07692307692307693,1.0,False,12,descriptive_anomaly_ok; aggregate_comparator,origin-split Eurostat aggregate comparator; EU27 is not a single importer
2016-08,EU27,aggregate_comparator,MIO_M3,volume_mio_m3,0.5146994925152192,15.707086117917509,13.921737134083724,0.07692307692307693,1.0,False,12,descriptive_anomaly_ok; aggregate_comparator,origin-split Eurostat aggregate comparator; EU27 is not a single importer
2016-09,EU27,aggregate_comparator,MIO_M3,volume_mio_m3,0.5601613942952477,17.595577784275186,15.57014931034942,0.07692307692307693,1.0,False,12,descriptive_anomaly_ok; aggregate_comparator,origin-split Eurostat aggregate comparator; EU27 is not a single importer
2016-10,EU27,aggregate_comparator,MIO_M3,volume_mio_m3,0.5269084065270153,16.214245551724634,14.364422585594392,0.07692307692307693,1.0,False,12,descriptive_anomaly_ok; aggregate_comparator,origin-split Eurostat aggregate comparator; EU27 is not a single importer
2016-11,EU27,aggregate_comparator,MIO_M3,volume_mio_m3,0.5729447694193802,18.126600386599613,16.033664262063322,0.07692307692307693,1.0,False,12,descriptive_anomaly_ok; aggregate_comparator,origin-split Eurostat aggregate comparator; EU27 is not a single importer
2016-12,EU27,aggregate_comparator,MIO_M3,volume_mio_m3,0.5125297565701256,15.616955083137391,13.843064245112219,0.07692307692307693,1.0,False,12,descriptive_anomaly_ok; aggregate_comparator,origin-split Eurostat aggregate comparator; EU27 is not a single importer
2017-01,EU27,aggregate_comparator,MIO_M3,volume_mio_m3,0.5093885184418311,15.486467756495568,13.729165464452201,0.07692307692307693,1.0,False,12,descriptive_anomaly_ok; aggregate_comparator,origin-split Eurostat aggregate comparator; EU27 is not a single importer
2017-02,EU27,aggregate_comparator,MIO_M3,volume_mio_m3,0.4898962067602682,14.676755299968965,13.022389842197663,0.07692307692307693,1.0,False,12,descriptive_anomaly_ok; aggregate_comparator,origin-split Eurostat aggregate comparator; EU27 is not a single importer
2017-03,EU27,aggregate_comparator,MIO_M3,volume_mio_m3,0.5315161990831015,16.40565368692712,14.531497456151078,0.07692307692307693,1.0,False,12,descriptive_anomaly_ok; aggregate_comparator,origin-split Eurostat aggregate comparator; EU27 is not a single importer
2017-04,EU27,aggregate_comparator,MIO_M3,volume_mio_m3,0.5312686609933904,16.395370931450074,14.522521923118084,0.07692307692307693,1.0,False,12,descriptive_anomaly_ok; aggregate_comparator,origin-split Eurostat aggregate comparator; EU27 is not a single importer
2017-05,EU27,aggregate_comparator,MIO_M3,volume_mio_m3,0.5335825610133931,16.491490555431128,14.606422086074076,0.07692307692307693,1.0,False,12,descriptive_anomaly_ok; aggregate_comparator,origin-split Eurostat aggregate comparator; EU27 is not a single importer
2017-06,EU27,aggregate_comparator,MIO_M3,volume_mio_m3,0.4614856258128867,13.496577101196822,11.992244913482443,0.07692307692307693,1.0,False,12,descriptive_anomaly_ok; aggregate_comparator,origin-split Eurostat aggregate comparator; EU27 is not a single importer
2017-07,EU27,aggregate_comparator,MIO_M3,volume_mio_m3,0.5366400262530194,16.61849794841593,14.717283328832805,0.07692307692307693,1.0,False,12,descriptive_anomaly_ok; aggregate_comparator,origin-split Eurostat aggregate comparator; EU27 is not a single importer
2017-08,EU27,aggregate_comparator,MIO_M3,volume_mio_m3,0.4933454294289268,14.820036333320617,13.14745589581723,0.07692307692307693,1.0,False,12,descriptive_anomaly_ok; aggregate_comparator,origin-split Eurostat aggregate comparator; EU27 is not a single importer
2017-09,EU27,aggregate_comparator,MIO_M3,volume_mio_m3,0.47421182622373903,14.025224660565978,12.453686755848619,0.07692307692307693,1.0,False,12,descriptive_anomaly_ok; aggregate_comparator,origin-split Eurostat aggregate comparator; EU27 is not a single importer
2017-10,EU27,aggregate_comparator,MIO_M3,volume_mio_m3,0.5189362319425256,15.883080671328647,14.075357915137472,0.07692307692307693,1.0,False,12,descriptive_anomaly_ok; aggregate_comparator,origin-split Eurostat aggregate comparator; EU27 is not a single importer
2017-11,EU27,aggregate_comparator,MIO_M3,volume_mio_m3,0.5196991584403949,15.9147727096477,14.103021019394939,0.07692307692307693,1.0,False,12,descriptive_anomaly_ok; aggregate_comparator,origin-split Eurostat aggregate comparator; EU27 is not a single importer
2017-12,EU27,aggregate_comparator,MIO_M3,volume_mio_m3,0.5060311553392304,15.347002578138609,13.607430165184466,0.07692307692307693,1.0,False,12,descriptive_anomaly_ok; aggregate_comparator,origin-split Eurostat aggregate comparator; EU27 is not a single importer
2018-01,EU27,aggregate_comparator,MIO_M3,volume_mio_m3,0.5016932161159716,15.16680417570642,13.450139960517717,0.07692307692307693,1.0,False,12,descriptive_anomaly_ok; aggregate_comparator,origin-split Eurostat aggregate comparator; EU27 is not a single importer
2018-02,EU27,aggregate_comparator,MIO_M3,volume_mio_m3,0.5656777450580912,17.824727512650874,15.770167774381614,0.07692307692307693,1.0,False,12,descriptive_anomaly_ok; aggregate_comparator,origin-split Eurostat aggregate comparator; EU27 is not a single importer
2018-03,EU27,aggregate_comparator,MIO_M3,volume_mio_m3,0.5466481836135136,17.03423774439588,15.080171105390125,0.07692307692307693,1.0,False,12,descriptive_anomaly_ok; aggregate_comparator,origin-split Eurostat aggregate comparator; EU27 is not a single importer
2018-04,EU27,aggregate_comparator,MIO_M3,volume_mio_m3,0.5477913275263986,17.081724049816543,15.121620588835434,0.07692307692307693,1.0,False,12,descriptive_anomaly_ok; aggregate_comparator,origin-split Eurostat aggregate comparator; EU27 is not a single importer
2018-05,EU27,aggregate_comparator,MIO_M3,volume_mio_m3,0.5564281379415916,17.44049796499333,15.434784422618495,0.07692307692307693,1.0,False,12,descriptive_anomaly_ok; aggregate_comparator,origin-split Eurostat aggregate comparator; EU27 is not a single importer
2018-06,EU27,aggregate_comparator,MIO_M3,volume_mio_m3,0.5461207833321934,17.012329487215457,15.061047993257668,0.07692307692307693,1.0,False,12,descriptive_anomaly_ok; aggregate_comparator,origin-split Eurostat aggregate comparator; EU27 is not a single importer
2018-07,EU27,aggregate_comparator,MIO_M3,volume_mio_m3,0.5687856691009823,17.95383096905865,15.882858612965519,0.07692307692307693,1.0,False,12,descriptive_anomaly_ok; aggregate_comparator,origin-split Eurostat aggregate comparator; EU27 is not a single importer
2018-08,EU27,aggregate_comparator,MIO_M3,volume_mio_m3,0.5315027275119761,16.405094076598317,14.531008987763107,0.07692307692307693,1.0,False,12,descriptive_anomaly_ok; aggregate_comparator,origin-split Eurostat aggregate comparator; EU27 is not a single importer
2018-09,EU27,aggregate_comparator,MIO_M3,volume_mio_m3,0.5255000378902652,16.155741786384347,14.313356265915933,0.07692307692307693,1.0,False,12,descriptive_anomaly_ok; aggregate_comparator,origin-split Eurostat aggregate comparator; EU27 is not a single importer
2018-10,EU27,aggregate_comparator,MIO_M3,volume_mio_m3,0.4368002554482039,12.471144499625904,11.097173139282107,0.07692307692307693,1.0,False,12,descriptive_anomaly_ok; aggregate_comparator,origin-split Eurostat aggregate comparator; EU27 is not a single importer
2018-11,EU27,aggregate_comparator,MIO_M3,volume_mio_m3,0.5257782644323981,16.167299343054978,14.323444537674366,0.07692307692307693,1.0,False,12,descriptive_anomaly_ok; aggregate_comparator,origin-split Eurostat aggregate comparator; EU27 is not a single importer
2018-12,EU27,aggregate_comparator,MIO_M3,volume_mio_m3,0.4517993078528108,13.094206544113572,11.64102677602246,0.07692307692307693,1.0,False,12,descriptive_anomaly_ok; aggregate_comparator,origin-split Eurostat aggregate comparator; EU27 is not a single importer
2019-01,EU27,aggregate_comparator,MIO_M3,volume_mio_m3,0.8037428057947466,27.713972477092966,24.402216357842548,0.07692307692307693,1.0,False,12,descriptive_anomaly_ok; aggregate_comparator,origin-split Eurostat aggregate comparator; EU27 is not a single importer
2019-03,EU27,aggregate_comparator,MIO_M3,volume_mio_m3,0.38738850121170726,10.418575591548889,9.30554247393518,0.07692307692307693,1.0,False,12,descriptive_anomaly_ok; aggregate_comparator,origin-split Eurostat aggregate comparator; EU27 is not a single importer
2019-04,EU27,aggregate_comparator,MIO_M3,volume_mio_m3,0.8084271022332316,27.908558590749873,24.572065197950437,0.07692307692307693,1.0,False,12,descriptive_anomaly_ok; aggregate_comparator,origin-split Eurostat aggregate comparator; EU27 is not a single importer
2019-05,EU27,aggregate_comparator,MIO_M3,volume_mio_m3,0.5283422671733102,16.273808257533737,14.416413225138184,0.07692307692307693,1.0,False,12,descriptive_anomaly_ok; aggregate_comparator,origin-split Eurostat aggregate comparator; EU27 is not a single importer
2019-06,EU27,aggregate_comparator,MIO_M3,volume_mio_m3,0.8084271022332316,27.908558590749873,24.572065197950437,0.07692307692307693,1.0,False,12,descriptive_anomaly_ok; aggregate_comparator,origin-split Eurostat aggregate comparator; EU27 is not a single importer
2019-07,EU27,aggregate_comparator,MIO_M3,volume_mio_m3,0.8016000251185907,27.62496116671417,24.324520845350946,0.07692307692307693,1.0,False,12,descriptive_anomaly_ok; aggregate_comparator,origin-split Eurostat aggregate comparator; EU27 is not a single importer
2019-08,EU27,aggregate_comparator,MIO_M3,volume_mio_m3,0.8084271022332316,27.908558590749873,24.572065197950437,0.07692307692307693,1.0,False,12,descriptive_anomaly_ok; aggregate_comparator,origin-split Eurostat aggregate comparator; EU27 is not a single importer
2019-09,EU27,aggregate_comparator,MIO_M3,volume_mio_m3,0.7380657343485896,24.98574076569254,22.020818307291186,0.07692307692307693,1.0,False,12,descriptive_anomaly_ok; aggregate_comparator,origin-split Eurostat aggregate comparator; EU27 is not a single importer
2019-10,EU27,aggregate_comparator,MIO_M3,volume_mio_m3,0.8084271022332316,27.908558590749873,24.572065197950437,0.07692307692307693,1.0,False,12,descriptive_anomaly_ok; aggregate_comparator,origin-split Eurostat aggregate comparator; EU27 is not a single importer
2019-11,EU27,aggregate_comparator,MIO_M3,volume_mio_m3,0.32239868833450513,7.718892665599283,6.949063869094422,0.07692307692307693,1.0,False,12,descriptive_anomaly_ok; aggregate_comparator,origin-split Eurostat aggregate comparator; EU27 is not a single importer
2021-01,EU27,aggregate_comparator,MIO_M3,volume_mio_m3,0.3982432380441362,10.869482378241063,9.699126544643722,0.07692307692307693,1.0,False,12,descriptive_anomaly_ok; aggregate_comparator,origin-split Eurostat aggregate comparator; EU27 is not a single importer
2021-02,EU27,aggregate_comparator,MIO_M3,volume_mio_m3,0.36110903971261576,9.326924294655639,8.352670230921397,0.07692307692307693,1.0,False,12,descriptive_anomaly_ok; aggregate_comparator,origin-split Eurostat aggregate comparator; EU27 is not a single importer
2021-03,EU27,aggregate_comparator,MIO_M3,volume_mio_m3,0.3341591293757051,8.207422490120472,7.375488049595491,0.07692307692307693,1.0,False,12,descriptive_anomaly_ok; aggregate_comparator,origin-split Eurostat aggregate comparator; EU27 is not a single importer
2021-04,EU27,aggregate_comparator,MIO_M3,volume_mio_m3,0.3364072186533208,8.3008083296867,7.457001967699597,0.07692307692307693,1.0,False,12,descriptive_anomaly_ok; aggregate_comparator,origin-split Eurostat aggregate comparator; EU27 is not a single importer
2021-05,EU27,aggregate_comparator,MIO_M3,volume_mio_m3,0.3109379568212616,7.242812802995926,6.533506916225328,0.07692307692307693,1.0,False,12,descriptive_anomaly_ok; aggregate_comparator,origin-split Eurostat aggregate comparator; EU27 is not a single importer
2021-06,EU27,aggregate_comparator,MIO_M3,volume_mio_m3,0.3646254695806503,9.472997121376489,8.480173163805716,0.07692307692307693,1.0,False,12,descriptive_anomaly_ok; aggregate_comparator,origin-split Eurostat aggregate comparator; EU27 is not a single importer
2021-07,EU27,aggregate_comparator,MIO_M3,volume_mio_m3,0.3459648075526433,8.697831469505552,7.80355249243603,0.07692307692307693,1.0,False,12,descriptive_anomaly_ok; aggregate_comparator,origin-split Eurostat aggregate comparator; EU27 is not a single importer
2021-08,EU27,aggregate_comparator,MIO_M3,volume_mio_m3,0.33656655099871646,8.30742701026713,7.462779231033059,0.07692307692307693,1.0,False,12,descriptive_anomaly_ok; aggregate_comparator,origin-split Eurostat aggregate comparator; EU27 is not a single importer
2021-09,EU27,aggregate_comparator,MIO_M3,volume_mio_m3,0.31020132425818275,7.2122130171956496,6.506797209000841,0.07692307692307693,1.0,False,12,descriptive_anomaly_ok; aggregate_comparator,origin-split Eurostat aggregate comparator; EU27 is not a single importer
2021-10,EU27,aggregate_comparator,MIO_M3,volume_mio_m3,0.3072596956476743,7.090017488655201,6.40013610971212,0.07692307692307693,1.0,False,12,descriptive_anomaly_ok; aggregate_comparator,origin-split Eurostat aggregate comparator; EU27 is not a single importer
2021-11,EU27,aggregate_comparator,MIO_M3,volume_mio_m3,0.32387101732393786,7.7800533499924285,7.0024493399749215,0.07692307692307693,1.0,False,12,descriptive_anomaly_ok; aggregate_comparator,origin-split Eurostat aggregate comparator; EU27 is not a single importer
2021-12,EU27,aggregate_comparator,MIO_M3,volume_mio_m3,0.29509807480351247,6.584822617469876,5.959165470612066,0.07692307692307693,1.0,False,12,descriptive_anomaly_ok; aggregate_comparator,origin-split Eurostat aggregate comparator; EU27 is not a single importer
2022-01,EU27,aggregate_comparator,MIO_M3,volume_mio_m3,0.296023817098704,6.623278039289296,5.99273214538211,0.07692307692307693,1.0,False,12,descriptive_anomaly_ok; aggregate_comparator,origin-split Eurostat aggregate comparator; EU27 is not a single importer
2022-02,EU27,aggregate_comparator,MIO_M3,volume_mio_m3,0.24888457169997366,4.665109361598842,4.283500831847847,0.07692307692307693,1.0,False,12,descriptive_anomaly_ok; aggregate_comparator,origin-split Eurostat aggregate comparator; EU27 is not a single importer
2022-03,EU27,aggregate_comparator,MIO_M3,volume_mio_m3,0.2626919001480185,5.238667081092459,4.784143511636827,0.07692307692307693,1.0,False,12,descriptive_anomaly_ok; aggregate_comparator,origin-split Eurostat aggregate comparator; EU27 is not a single importer
2022-04,EU27,aggregate_comparator,MIO_M3,volume_mio_m3,0.2694925023088862,5.521164733063864,5.030727903599897,0.07692307692307693,1.0,False,12,descriptive_anomaly_ok; aggregate_comparator,origin-split Eurostat aggregate comparator; EU27 is not a single importer
2022-05,EU27,aggregate_comparator,MIO_M3,volume_mio_m3,0.29909137013652926,6.750704480357981,6.103959163630461,0.07692307692307693,1.0,False,12,descriptive_anomaly_ok; aggregate_comparator,origin-split Eurostat aggregate comparator; EU27 is not a single importer
2022-06,EU27,aggregate_comparator,MIO_M3,volume_mio_m3,0.2608539794356982,5.162319682221262,4.717501977460387,0.07692307692307693,1.0,False,12,descriptive_anomaly_ok; aggregate_comparator,origin-split Eurostat aggregate comparator; EU27 is not a single importer
2022-07,EU27,aggregate_comparator,MIO_M3,volume_mio_m3,0.31875791598611986,7.567654640575624,6.817052377381459,0.07692307692307693,1.0,False,12,descriptive_anomaly_ok; aggregate_comparator,origin-split Eurostat aggregate comparator; EU27 is not a single importer
2022-08,EU27,aggregate_comparator,MIO_M3,volume_mio_m3,0.3042825687811237,6.966347359227395,6.292187872067878,0.07692307692307693,1.0,False,12,descriptive_anomaly_ok; aggregate_comparator,origin-split Eurostat aggregate comparator; EU27 is not a single importer
2022-09,EU27,aggregate_comparator,MIO_M3,volume_mio_m3,0.27077646432908026,5.574500635877358,5.077283338922233,0.07692307692307693,1.0,False,12,descriptive_anomaly_ok; aggregate_comparator,origin-split Eurostat aggregate comparator; EU27 is not a single importer
2022-10,EU27,aggregate_comparator,MIO_M3,volume_mio_m3,0.3396113390031512,8.433907789712368,7.573180807389083,0.07692307692307693,1.0,False,12,descriptive_anomaly_ok; aggregate_comparator,origin-split Eurostat aggregate comparator; EU27 is not a single importer
2022-11,EU27,aggregate_comparator,MIO_M3,volume_mio_m3,0.3230612711981364,7.746416419935241,6.973088593477477,0.07692307692307693,1.0,False,12,descriptive_anomaly_ok; aggregate_comparator,origin-split Eurostat aggregate comparator; EU27 is not a single importer
2022-12,EU27,aggregate_comparator,MIO_M3,volume_mio_m3,0.3406387060190056,8.476584711965192,7.610432313202069,0.07692307692307693,1.0,False,12,descriptive_anomaly_ok; aggregate_comparator,origin-split Eurostat aggregate comparator; EU27 is not a single importer
2023-01,EU27,aggregate_comparator,MIO_M3,volume_mio_m3,0.2829482920529507,6.080119501803654,5.5186240713121535,0.07692307692307693,1.0,False,12,descriptive_anomaly_ok; aggregate_comparator,origin-split Eurostat aggregate comparator; EU27 is not a single importer
2023-02,EU27,aggregate_comparator,MIO_M3,volume_mio_m3,0.2709406954751267,5.5813228130965555,5.083238228846878,0.07692307692307693,1.0,False,12,descriptive_anomaly_ok; aggregate_comparator,origin-split Eurostat aggregate comparator; EU27 is not a single importer
2023-03,EU27,aggregate_comparator,MIO_M3,volume_mio_m3,0.2202758947213442,3.4767022350981485,3.2461730995719855,0.07692307692307693,1.0,False,12,descriptive_anomaly_ok; aggregate_comparator,origin-split Eurostat aggregate comparator; EU27 is not a single importer
2023-04,EU27,aggregate_comparator,MIO_M3,volume_mio_m3,0.24168928280379914,4.366216385603042,4.0226054147226895,0.07692307692307693,1.0,False,12,descriptive_anomaly_ok; aggregate_comparator,origin-split Eurostat aggregate comparator; EU27 is not a single importer
2023-05,EU27,aggregate_comparator,MIO_M3,volume_mio_m3,0.24419011411076458,4.470101152787271,4.113283556546472,0.07692307692307693,1.0,False,12,descriptive_anomaly_ok; aggregate_comparator,origin-split Eurostat aggregate comparator; EU27 is not a single importer
2023-06,EU27,aggregate_comparator,MIO_M3,volume_mio_m3,0.2231639538725891,3.5966724832735117,3.3508918131384084,0.07692307692307693,1.0,False,12,descriptive_anomaly_ok; aggregate_comparator,origin-split Eurostat aggregate comparator; EU27 is not a single importer
2023-07,EU27,aggregate_comparator,MIO_M3,volume_mio_m3,0.22302846541891014,3.5910442801926448,3.3459791102367906,0.07692307692307693,1.0,False,12,descriptive_anomaly_ok; aggregate_comparator,origin-split Eurostat aggregate comparator; EU27 is not a single importer
2023-08,EU27,aggregate_comparator,MIO_M3,volume_mio_m3,0.23283964078487046,3.998601425633695,3.701724477313181,0.07692307692307693,1.0,False,12,descriptive_anomaly_ok; aggregate_comparator,origin-split Eurostat aggregate comparator; EU27 is not a single importer
2023-09,EU27,aggregate_comparator,MIO_M3,volume_mio_m3,0.18937983287160948,2.1932769263899385,2.1259066224195893,0.07692307692307693,1.0,False,12,descriptive_anomaly_ok; aggregate_comparator,origin-split Eurostat aggregate comparator; EU27 is not a single importer
2023-10,EU27,aggregate_comparator,MIO_M3,volume_mio_m3,0.16584834386476427,1.2157766647106836,1.2726736628255773,0.23076923076923078,0.8333333333333334,False,12,descriptive_anomaly_ok; aggregate_comparator,origin-split Eurostat aggregate comparator; EU27 is not a single importer
2023-11,EU27,aggregate_comparator,MIO_M3,volume_mio_m3,0.1706469788802168,1.415112413585036,1.4466683282313655,0.23076923076923078,0.8333333333333334,False,12,descriptive_anomaly_ok; aggregate_comparator,origin-split Eurostat aggregate comparator; EU27 is not a single importer
2023-12,EU27,aggregate_comparator,MIO_M3,volume_mio_m3,0.21479922737543164,3.2492009595858984,3.047593524479838,0.07692307692307693,1.0,False,12,descriptive_anomaly_ok; aggregate_comparator,origin-split Eurostat aggregate comparator; EU27 is not a single importer
2024-01,EU27,aggregate_comparator,MIO_M3,volume_mio_m3,0.16696049681439493,1.2619756026093896,1.3129994387447526,0.23076923076923078,0.8333333333333334,False,12,descriptive_anomaly_ok; aggregate_comparator,origin-split Eurostat aggregate comparator; EU27 is not a single importer
2024-02,EU27,aggregate_comparator,MIO_M3,volume_mio_m3,0.16284755938584972,1.0911237958451074,1.1638676190897457,0.23076923076923078,0.8333333333333334,False,12,descriptive_anomaly_ok; aggregate_comparator,origin-split Eurostat aggregate comparator; EU27 is not a single importer
2024-03,EU27,aggregate_comparator,MIO_M3,volume_mio_m3,0.7087555070367435,23.76819117251237,20.95805292137002,0.07692307692307693,1.0,False,12,descriptive_anomaly_ok; aggregate_comparator,origin-split Eurostat aggregate comparator; EU27 is not a single importer
2024-04,EU27,aggregate_comparator,MIO_M3,volume_mio_m3,0.16249251422878289,1.0763751867010019,1.1509939658302546,0.23076923076923078,0.8333333333333334,False,12,descriptive_anomaly_ok; aggregate_comparator,origin-split Eurostat aggregate comparator; EU27 is not a single importer
2024-05,EU27,aggregate_comparator,MIO_M3,volume_mio_m3,0.20606997397879445,2.886586954284525,2.7310777821699395,0.07692307692307693,1.0,False,12,descriptive_anomaly_ok; aggregate_comparator,origin-split Eurostat aggregate comparator; EU27 is not a single importer
2024-06,EU27,aggregate_comparator,MIO_M3,volume_mio_m3,0.2126693838948893,3.160727061526988,2.9703671043477957,0.07692307692307693,1.0,False,12,descriptive_anomaly_ok; aggregate_comparator,origin-split Eurostat aggregate comparator; EU27 is not a single importer
2024-07,EU27,aggregate_comparator,MIO_M3,volume_mio_m3,0.23121187140716987,3.930983732924451,3.6427028623500153,0.07692307692307693,1.0,False,12,descriptive_anomaly_ok; aggregate_comparator,origin-split Eurostat aggregate comparator; EU27 is not a single importer
2024-08,EU27,aggregate_comparator,MIO_M3,volume_mio_m3,0.20381221227206525,2.7927993211052056,2.649213149526837,0.07692307692307693,1.0,False,12,descriptive_anomaly_ok; aggregate_comparator,origin-split Eurostat aggregate comparator; EU27 is not a single importer
2024-09,EU27,aggregate_comparator,MIO_M3,volume_mio_m3,0.17375623305878546,1.5442711239536857,1.5594073964704587,0.15384615384615385,0.9166666666666666,False,12,descriptive_anomaly_ok; aggregate_comparator,origin-split Eurostat aggregate comparator; EU27 is not a single importer
2024-10,EU27,aggregate_comparator,MIO_M3,volume_mio_m3,0.17956848077811746,1.7857124396706372,1.7701548473443316,0.07692307692307693,1.0,False,12,descriptive_anomaly_ok; aggregate_comparator,origin-split Eurostat aggregate comparator; EU27 is not a single importer
2024-11,EU27,aggregate_comparator,MIO_M3,volume_mio_m3,0.20034522952672115,2.6487805325013274,2.5235031297396997,0.07692307692307693,1.0,False,12,descriptive_anomaly_ok; aggregate_comparator,origin-split Eurostat aggregate comparator; EU27 is not a single importer
2024-12,EU27,aggregate_comparator,MIO_M3,volume_mio_m3,0.18482467679643078,2.0040553155440732,1.9607403085366573,0.07692307692307693,1.0,False,12,descriptive_anomaly_ok; aggregate_comparator,origin-split Eurostat aggregate comparator; EU27 is not a single importer
2025-01,EU27,aggregate_comparator,MIO_M3,volume_mio_m3,0.14141444634393754,0.20079026867325328,0.3867200926946244,0.46153846153846156,0.5833333333333334,False,12,descriptive_anomaly_ok; aggregate_comparator,origin-split Eurostat aggregate comparator; EU27 is not a single importer
2025-02,EU27,aggregate_comparator,MIO_M3,volume_mio_m3,0.21239719684923786,3.149420386106976,2.9604978198984875,0.07692307692307693,1.0,False,12,descriptive_anomaly_ok; aggregate_comparator,origin-split Eurostat aggregate comparator; EU27 is not a single importer
2025-03,EU27,aggregate_comparator,MIO_M3,volume_mio_m3,0.15619224943135138,0.8146615957613712,0.9225514062550947,0.3076923076923077,0.8333333333333334,False,12,descriptive_anomaly_ok; aggregate_comparator,origin-split Eurostat aggregate comparator; EU27 is not a single importer
2025-04,EU27,aggregate_comparator,MIO_M3,volume_mio_m3,0.11325721352535398,-0.9688638250529288,-0.6342386356199771,0.8461538461538461,0.25,False,12,descriptive_anomaly_ok; aggregate_comparator,origin-split Eurostat aggregate comparator; EU27 is not a single importer
2025-05,EU27,aggregate_comparator,MIO_M3,volume_mio_m3,0.11634147206232091,-0.8407434359821545,-0.5224058893418355,0.7692307692307693,0.3333333333333333,False,12,descriptive_anomaly_ok; aggregate_comparator,origin-split Eurostat aggregate comparator; EU27 is not a single importer
2025-06,EU27,aggregate_comparator,MIO_M3,volume_mio_m3,0.14512459969522287,0.3549103870685061,0.5212472840484718,0.46153846153846156,0.6666666666666666,False,12,descriptive_anomaly_ok; aggregate_comparator,origin-split Eurostat aggregate comparator; EU27 is not a single importer
2025-07,EU27,aggregate_comparator,MIO_M3,volume_mio_m3,0.10406458739238719,-1.3507263773070877,-0.9675559025209745,1.0,0.08333333333333333,False,12,descriptive_anomaly_ok; aggregate_comparator,origin-split Eurostat aggregate comparator; EU27 is not a single importer
2025-08,EU27,aggregate_comparator,MIO_M3,volume_mio_m3,0.17327349319654348,1.5242180647729735,1.541903635392912,0.23076923076923078,0.9166666666666666,False,12,descriptive_anomaly_ok; aggregate_comparator,origin-split Eurostat aggregate comparator; EU27 is not a single importer
2025-09,EU27,aggregate_comparator,MIO_M3,volume_mio_m3,0.1741072930799271,1.5588541901774697,1.572136551890529,0.15384615384615385,1.0,False,12,descriptive_anomaly_ok; aggregate_comparator,origin-split Eurostat aggregate comparator; EU27 is not a single importer
2025-10,EU27,aggregate_comparator,MIO_M3,volume_mio_m3,0.12841137034499997,-0.339358728608614,-0.08476103691736012,0.6923076923076923,0.4166666666666667,False,12,descriptive_anomaly_ok; aggregate_comparator,origin-split Eurostat aggregate comparator; EU27 is not a single importer
2025-11,EU27,aggregate_comparator,MIO_M3,volume_mio_m3,0.1556622281047311,0.7926444601132108,0.9033332571176299,0.38461538461538464,0.75,False,12,descriptive_anomaly_ok; aggregate_comparator,origin-split Eurostat aggregate comparator; EU27 is not a single importer
2025-12,EU27,aggregate_comparator,MIO_M3,volume_mio_m3,0.11103702583828323,-1.061090629929467,-0.7147408643800229,0.9230769230769231,0.16666666666666666,False,12,descriptive_anomaly_ok; aggregate_comparator,origin-split Eurostat aggregate comparator; EU27 is not a single importer
2026-01,EU27,aggregate_comparator,MIO_M3,volume_mio_m3,0.1310692052897109,-0.2289520155782811,0.011609931164107457,0.5384615384615384,0.5833333333333334,False,12,descriptive_anomaly_ok; aggregate_comparator,origin-split Eurostat aggregate comparator; EU27 is not a single importer
2026-02,EU27,aggregate_comparator,MIO_M3,volume_mio_m3,0.1304288198838578,-0.25555368543499446,-0.011609931164107457,0.6153846153846154,0.5,False,12,descriptive_anomaly_ok; aggregate_comparator,origin-split Eurostat aggregate comparator; EU27 is not a single importer
2026-03,EU27,aggregate_comparator,MIO_M3,volume_mio_m3,0.12985071628719516,-0.27956816309304056,-0.03257150493399999,0.6153846153846154,0.4166666666666667,True,12,descriptive_anomaly_ok; aggregate_comparator,origin-split Eurostat aggregate comparator; EU27 is not a single importer
2026-04,EU27,aggregate_comparator,MIO_M3,volume_mio_m3,0.23548279337756012,4.108398232383185,3.797563075060359,0.07692307692307693,1.0,True,12,descriptive_anomaly_ok; aggregate_comparator,origin-split Eurostat aggregate comparator; EU27 is not a single importer
2026-05,EU27,aggregate_comparator,MIO_M3,volume_mio_m3,0.21638393300892533,3.31502978031943,3.1050536825411403,0.07692307692307693,1.0,True,12,descriptive_anomaly_ok; aggregate_comparator,origin-split Eurostat aggregate comparator; EU27 is not a single importer
2024-04,India,importer,kUSD,value_kusd,0.24104206933311995,0.5007165821588029,0.7781375436142571,0.38461538461538464,0.6666666666666666,False,12,descriptive_anomaly_ok; value_basis,strict origin-split national customs; value basis because Tradestat HS-6 monthly quantity is unpopulated
2024-05,India,importer,kUSD,value_kusd,0.2030534436366926,-0.4685472513602704,-0.08633301214134335,0.7692307692307693,0.25,False,12,descriptive_anomaly_ok; value_basis,strict origin-split national customs; value basis because Tradestat HS-6 monthly quantity is unpopulated
2024-06,India,importer,kUSD,value_kusd,0.2573931335739454,0.9179071205801381,1.1502229595073417,0.15384615384615385,0.9166666666666666,False,12,descriptive_anomaly_ok; value_basis,strict origin-split national customs; value basis because Tradestat HS-6 monthly quantity is unpopulated
2024-07,India,importer,kUSD,value_kusd,0.20179565094336524,-0.5006393037932543,-0.11495538867359792,0.7692307692307693,0.25,False,12,descriptive_anomaly_ok; value_basis,strict origin-split national customs; value basis because Tradestat HS-6 monthly quantity is unpopulated
2024-08,India,importer,kUSD,value_kusd,0.22464481770621236,0.08234759197530202,0.4050010858742156,0.46153846153846156,0.5833333333333334,False,12,descriptive_anomaly_ok; value_basis,strict origin-split national customs; value basis because Tradestat HS-6 monthly quantity is unpopulated
2024-09,India,importer,kUSD,value_kusd,0.30533669570542354,2.1411669772399873,2.2412284128738698,0.07692307692307693,1.0,False,12,descriptive_anomaly_ok; value_basis,strict origin-split national customs; value basis because Tradestat HS-6 monthly quantity is unpopulated
2024-10,India,importer,kUSD,value_kusd,0.21121335146049008,-0.26035062951722093,0.09935414873997507,0.46153846153846156,0.5833333333333334,False,12,descriptive_anomaly_ok; value_basis,strict origin-split national customs; value basis because Tradestat HS-6 monthly quantity is unpopulated
2024-11,India,importer,kUSD,value_kusd,0.30873006784063955,2.227747442419742,2.318448113293084,0.07692307692307693,1.0,False,12,descriptive_anomaly_ok; value_basis,strict origin-split national customs; value basis because Tradestat HS-6 monthly quantity is unpopulated
2024-12,India,importer,kUSD,value_kusd,0.2651911396499968,1.116869971289145,1.3276746709806442,0.15384615384615385,0.9166666666666666,False,12,descriptive_anomaly_ok; value_basis,strict origin-split national customs; value basis because Tradestat HS-6 monthly quantity is unpopulated
2025-01,India,importer,kUSD,value_kusd,0.1831609392515316,-0.9760961480414528,-0.5390075694846506,0.8461538461538461,0.16666666666666666,False,12,descriptive_anomaly_ok; value_basis,strict origin-split national customs; value basis because Tradestat HS-6 monthly quantity is unpopulated
2025-02,India,importer,kUSD,value_kusd,0.3097947427786256,2.2549121764138205,2.3426758951216438,0.07692307692307693,1.0,False,12,descriptive_anomaly_ok; value_basis,strict origin-split national customs; value basis because Tradestat HS-6 monthly quantity is unpopulated
2025-03,India,importer,kUSD,value_kusd,0.3052416656109507,2.1387423242819015,2.2390659045683856,0.15384615384615385,1.0,False,12,descriptive_anomaly_ok; value_basis,strict origin-split national customs; value basis because Tradestat HS-6 monthly quantity is unpopulated
2025-04,India,importer,kUSD,value_kusd,0.23850406059252804,0.4359603548325173,0.7203825238874343,0.46153846153846156,0.6666666666666666,False,12,descriptive_anomaly_ok; value_basis,strict origin-split national customs; value basis because Tradestat HS-6 monthly quantity is unpopulated
2025-05,India,importer,kUSD,value_kusd,0.24952810708650783,0.7172342722159576,0.9712461291013108,0.38461538461538464,0.75,False,12,descriptive_anomaly_ok; value_basis,strict origin-split national customs; value basis because Tradestat HS-6 monthly quantity is unpopulated
2025-06,India,importer,kUSD,value_kusd,0.20702601026374215,-0.367188881920596,0.004066859317672136,0.5384615384615384,0.5833333333333334,False,12,descriptive_anomaly_ok; value_basis,strict origin-split national customs; value basis because Tradestat HS-6 monthly quantity is unpopulated
2025-07,India,importer,kUSD,value_kusd,0.19917147010124406,-0.5675941761070714,-0.1746713438945061,0.8461538461538461,0.25,False,12,descriptive_anomaly_ok; value_basis,strict origin-split national customs; value basis because Tradestat HS-6 monthly quantity is unpopulated
2025-08,India,importer,kUSD,value_kusd,0.16116215179905738,-1.5373859727734314,-1.0396127813435834,1.0,0.08333333333333333,False,12,descriptive_anomaly_ok; value_basis,strict origin-split national customs; value basis because Tradestat HS-6 monthly quantity is unpopulated
2025-09,India,importer,kUSD,value_kusd,0.2513994604387981,0.7649810672330828,1.0138307144294818,0.3076923076923077,0.8333333333333334,False,12,descriptive_anomaly_ok; value_basis,strict origin-split national customs; value basis because Tradestat HS-6 monthly quantity is unpopulated
2025-10,India,importer,kUSD,value_kusd,0.20385915046307707,-0.4479899799950326,-0.06799831813196848,0.6923076923076923,0.4166666666666667,False,12,descriptive_anomaly_ok; value_basis,strict origin-split national customs; value basis because Tradestat HS-6 monthly quantity is unpopulated
2025-11,India,importer,kUSD,value_kusd,0.25184099961453843,0.7762467539032694,1.0238783960616191,0.23076923076923078,0.9166666666666666,False,12,descriptive_anomaly_ok; value_basis,strict origin-split national customs; value basis because Tradestat HS-6 monthly quantity is unpopulated
2025-12,India,importer,kUSD,value_kusd,0.17922398800189865,-1.0765458060809592,-0.6285969761125658,0.9230769230769231,0.16666666666666666,False,12,descriptive_anomaly_ok; value_basis,strict origin-split national customs; value basis because Tradestat HS-6 monthly quantity is unpopulated
2026-01,India,importer,kUSD,value_kusd,0.2033825059202582,-0.46015136536575985,-0.07884485878129908,0.7692307692307693,0.3333333333333333,False,12,descriptive_anomaly_ok; value_basis,strict origin-split national customs; value basis because Tradestat HS-6 monthly quantity is unpopulated
2026-02,India,importer,kUSD,value_kusd,0.2066685790120923,-0.37630859022386964,-0.004066859317672767,0.6153846153846154,0.5,False,12,descriptive_anomaly_ok; value_basis,strict origin-split national customs; value basis because Tradestat HS-6 monthly quantity is unpopulated
2026-03,India,importer,kUSD,value_kusd,0.41192599410164393,4.8607481698111386,4.666778385608098,0.07692307692307693,1.0,True,12,descriptive_anomaly_ok; value_basis,strict origin-split national customs; value basis because Tradestat HS-6 monthly quantity is unpopulated
2026-04,India,importer,kUSD,value_kusd,0.5583240578628262,8.596033295281684,7.998218078965447,0.07692307692307693,1.0,True,12,descriptive_anomaly_ok; value_basis,strict origin-split national customs; value basis because Tradestat HS-6 monthly quantity is unpopulated
2026-05,India,importer,kUSD,value_kusd,0.5543487865970625,8.494605918120875,7.907756660648934,0.07692307692307693,1.0,True,12,descriptive_anomaly_ok; value_basis,strict origin-split national customs; value basis because Tradestat HS-6 monthly quantity is unpopulated
2024-01,Japan,importer,t,weight_ton,0.1435359734293846,-0.5013653686256233,-0.7364416857025806,0.7692307692307693,0.25,False,12,descriptive_anomaly_ok,strict origin-split Japan Customs/e-Stat snapshot; weight basis
2024-02,Japan,importer,t,weight_ton,0.10837768654388415,-1.8442188767715635,-2.667000364394721,1.0,0.0,False,12,descriptive_anomaly_ok,strict origin-split Japan Customs/e-Stat snapshot; weight basis
2024-03,Japan,importer,t,weight_ton,0.17916641105058853,0.859521705088456,1.220043020143038,0.23076923076923078,0.8333333333333334,False,12,descriptive_anomaly_ok,strict origin-split Japan Customs/e-Stat snapshot; weight basis
2024-04,Japan,importer,t,weight_ton,0.13521086512932254,-0.8193387932933561,-1.1935774424042258,0.7692307692307693,0.25,False,12,descriptive_anomaly_ok,strict origin-split Japan Customs/e-Stat snapshot; weight basis
2024-05,Japan,importer,t,weight_ton,0.16114963471694205,0.17137977758471062,0.23073304533533648,0.38461538461538464,0.6666666666666666,False,12,descriptive_anomaly_ok,strict origin-split Japan Customs/e-Stat snapshot; weight basis
2024-06,Japan,importer,t,weight_ton,0.16779452405343417,0.42517806376997874,0.5956071593469678,0.38461538461538464,0.6666666666666666,False,12,descriptive_anomaly_ok,strict origin-split Japan Customs/e-Stat snapshot; weight basis
2024-07,Japan,importer,t,weight_ton,0.2218788940791519,2.490904026511647,3.5654062930415953,0.07692307692307693,1.0,False,12,descriptive_anomaly_ok,strict origin-split Japan Customs/e-Stat snapshot; weight basis
2024-08,Japan,importer,t,weight_ton,0.1392955093244738,-0.663327813439588,-0.9692876376705705,0.7692307692307693,0.25,False,12,descriptive_anomaly_ok,strict origin-split Japan Customs/e-Stat snapshot; weight basis
2024-09,Japan,importer,t,weight_ton,0.13825849017361377,-0.7029362508268261,-1.0262308649723653,0.7692307692307693,0.25,False,12,descriptive_anomaly_ok,strict origin-split Japan Customs/e-Stat snapshot; weight basis
2024-10,Japan,importer,t,weight_ton,0.1465199784196981,-0.3873927628892488,-0.5725885164605319,0.6923076923076923,0.3333333333333333,False,12,descriptive_anomaly_ok,strict origin-split Japan Customs/e-Stat snapshot; weight basis
2024-11,Japan,importer,t,weight_ton,0.13238492409860006,-0.9272742236878402,-1.3487512425413264,0.8461538461538461,0.16666666666666666,False,12,descriptive_anomaly_ok,strict origin-split Japan Customs/e-Stat snapshot; weight basis
2024-12,Japan,importer,t,weight_ton,0.15393865853678299,-0.10403991769847652,-0.16522517332831502,0.6153846153846154,0.4166666666666667,False,12,descriptive_anomaly_ok,strict origin-split Japan Customs/e-Stat snapshot; weight basis
2025-01,Japan,importer,t,weight_ton,0.1515867348377851,-0.19387048880612057,-0.29437045061412764,0.6923076923076923,0.3333333333333333,False,12,descriptive_anomaly_ok,strict origin-split Japan Customs/e-Stat snapshot; weight basis
2025-02,Japan,importer,t,weight_ton,0.1501224338799683,-0.24979874505448416,-0.37477593031047424,0.6923076923076923,0.3333333333333333,False,12,descriptive_anomaly_ok,strict origin-split Japan Customs/e-Stat snapshot; weight basis
2025-03,Japan,importer,t,weight_ton,0.1585132390815989,0.07068394051759681,0.08596727529502084,0.46153846153846156,0.6666666666666666,False,12,descriptive_anomaly_ok,strict origin-split Japan Customs/e-Stat snapshot; weight basis
2025-04,Japan,importer,t,weight_ton,0.15638566075193416,-0.010577869341057701,-0.030859088353132474,0.6153846153846154,0.5,False,12,descriptive_anomaly_ok,strict origin-split Japan Customs/e-Stat snapshot; weight basis
2025-05,Japan,importer,t,weight_ton,0.21516461355092212,2.234455377822574,3.1967218748513164,0.15384615384615385,1.0,False,12,descriptive_anomaly_ok,strict origin-split Japan Customs/e-Stat snapshot; weight basis
2025-06,Japan,importer,t,weight_ton,0.15215516026268525,-0.17215975874602443,-0.26315793332612436,0.6923076923076923,0.4166666666666667,False,12,descriptive_anomaly_ok,strict origin-split Japan Customs/e-Stat snapshot; weight basis
2025-07,Japan,importer,t,weight_ton,0.13186062949273208,-0.9472993987791261,-1.377540515034786,0.9230769230769231,0.16666666666666666,False,12,descriptive_anomaly_ok,strict origin-split Japan Customs/e-Stat snapshot; weight basis
2025-08,Japan,importer,t,weight_ton,0.18010667302278205,0.8954345495352941,1.2716732635782206,0.23076923076923078,0.9166666666666666,False,12,descriptive_anomaly_ok,strict origin-split Japan Customs/e-Stat snapshot; weight basis
2025-09,Japan,importer,t,weight_ton,0.15750963868984325,0.032351916228850516,0.030859088353132474,0.5384615384615384,0.5833333333333334,False,12,descriptive_anomaly_ok,strict origin-split Japan Customs/e-Stat snapshot; weight basis
2025-10,Japan,importer,t,weight_ton,0.134387212749745,-0.8507977915946812,-1.2388045962413097,0.8461538461538461,0.25,False,12,descriptive_anomaly_ok,strict origin-split Japan Customs/e-Stat snapshot; weight basis
2025-11,Japan,importer,t,weight_ton,0.16908659783596144,0.47452818760566806,0.6665555608573192,0.3076923076923077,0.8333333333333334,False,12,descriptive_anomaly_ok,strict origin-split Japan Customs/e-Stat snapshot; weight basis
2025-12,Japan,importer,t,weight_ton,0.14451971531271746,-0.4637918303174065,-0.6824239391426808,0.7692307692307693,0.3333333333333333,False,12,descriptive_anomaly_ok,strict origin-split Japan Customs/e-Stat snapshot; weight basis
2026-01,Japan,importer,t,weight_ton,0.11198881916386354,-1.7062934390813835,-2.468711311173399,1.0,0.08333333333333333,False,12,descriptive_anomaly_ok,strict origin-split Japan Customs/e-Stat snapshot; weight basis
2026-02,Japan,importer,t,weight_ton,0.16827333770529032,0.4434661161496971,0.6218990504757242,0.38461538461538464,0.75,False,12,descriptive_anomaly_ok,strict origin-split Japan Customs/e-Stat snapshot; weight basis
2026-03,Japan,importer,t,weight_ton,0.18852173782618717,1.2168438186879469,1.73374857574795,0.15384615384615385,0.9166666666666666,True,12,descriptive_anomaly_ok,strict origin-split Japan Customs/e-Stat snapshot; weight basis
2026-04,Japan,importer,t,weight_ton,0.22022344341904165,2.427674901220894,3.4745046899734295,0.07692307692307693,1.0,True,12,descriptive_anomaly_ok,strict origin-split Japan Customs/e-Stat snapshot; weight basis
2026-05,Japan,importer,t,weight_ton,0.2541264895990166,3.7225851068256164,5.3361374893759494,0.07692307692307693,1.0,True,12,descriptive_anomaly_ok,strict origin-split Japan Customs/e-Stat snapshot; weight basis
2024-01,Korea,importer,t,weight_ton,0.21317406658823593,0.28098132999200665,0.2943031322007413,0.46153846153846156,0.5833333333333334,False,12,descriptive_anomaly_ok,strict origin-split national customs; weight basis
2024-02,Korea,importer,t,weight_ton,0.24517079662348998,1.2037858169051148,1.160270169506787,0.23076923076923078,0.8333333333333334,False,12,descriptive_anomaly_ok,strict origin-split national customs; weight basis
2024-03,Korea,importer,t,weight_ton,0.23159618496009737,0.8122860437320513,0.7928836824571314,0.3076923076923077,0.75,False,12,descriptive_anomaly_ok,strict origin-split national customs; weight basis
2024-04,Korea,importer,t,weight_ton,0.20592333185780703,0.07186588177950742,0.09806753981728655,0.5384615384615384,0.5,False,12,descriptive_anomaly_ok,strict origin-split national customs; weight basis
2024-05,Korea,importer,t,weight_ton,0.2844303907783658,2.33605557073902,2.2228010718420266,0.07692307692307693,1.0,False,12,descriptive_anomaly_ok,strict origin-split national customs; weight basis
2024-06,Korea,importer,t,weight_ton,0.2839261057774032,2.3215116951286516,2.2091529838105206,0.07692307692307693,1.0,False,12,descriptive_anomaly_ok,strict origin-split national customs; weight basis
2024-07,Korea,importer,t,weight_ton,0.31899800212915785,3.3330057847525416,3.158347046546643,0.07692307692307693,1.0,False,12,descriptive_anomaly_ok,strict origin-split national customs; weight basis
2024-08,Korea,importer,t,weight_ton,0.2456120302604317,1.2165112541450513,1.1722118205730432,0.15384615384615385,0.9166666666666666,False,12,descriptive_anomaly_ok,strict origin-split national customs; weight basis
2024-09,Korea,importer,t,weight_ton,0.2762850046499086,2.101137850750188,2.00235242332069,0.07692307692307693,1.0,False,12,descriptive_anomaly_ok,strict origin-split national customs; weight basis
2024-10,Korea,importer,t,weight_ton,0.2469173838372467,1.2541584179760346,1.2075402172031318,0.15384615384615385,0.9166666666666666,False,12,descriptive_anomaly_ok,strict origin-split national customs; weight basis
2024-11,Korea,importer,t,weight_ton,0.23478211636709512,0.904170176708628,0.8791084803829926,0.3076923076923077,0.75,False,12,descriptive_anomaly_ok,strict origin-split national customs; weight basis
2024-12,Korea,importer,t,weight_ton,0.23296055433396298,0.8516352578118274,0.8298092965175597,0.3076923076923077,0.75,False,12,descriptive_anomaly_ok,strict origin-split national customs; weight basis
2025-01,Korea,importer,t,weight_ton,0.22044693568323726,0.4907351462789906,0.49113777423990534,0.38461538461538464,0.6666666666666666,False,12,descriptive_anomaly_ok,strict origin-split national customs; weight basis
2025-02,Korea,importer,t,weight_ton,0.22502006031901148,0.6226267467161481,0.6149058964108074,0.38461538461538464,0.6666666666666666,False,12,descriptive_anomaly_ok,strict origin-split national customs; weight basis
2025-03,Korea,importer,t,weight_ton,0.2160621089676353,0.36427416845295396,0.3724657913270718,0.46153846153846156,0.6666666666666666,False,12,descriptive_anomaly_ok,strict origin-split national customs; weight basis
2025-04,Korea,importer,t,weight_ton,0.21177569763533188,0.24065154808372888,0.2564573455258887,0.5384615384615384,0.5833333333333334,False,12,descriptive_anomaly_ok,strict origin-split national customs; weight basis
2025-05,Korea,importer,t,weight_ton,0.23591894370518285,0.9369569448339014,0.9098758431981202,0.3076923076923077,0.8333333333333334,False,12,descriptive_anomaly_ok,strict origin-split national customs; weight basis
2025-06,Korea,importer,t,weight_ton,0.25478840292151456,1.4811632312659624,1.4205633314236428,0.15384615384615385,1.0,False,12,descriptive_anomaly_ok,strict origin-split national customs; weight basis
2025-07,Korea,importer,t,weight_ton,0.18283081454032185,-0.5941358806260483,-0.5269137874410948,0.7692307692307693,0.3333333333333333,False,12,descriptive_anomaly_ok,strict origin-split national customs; weight basis
2025-08,Korea,importer,t,weight_ton,0.15280587270846274,-1.4600728376593723,-1.3395158844295643,0.9230769230769231,0.16666666666666666,False,12,descriptive_anomaly_ok,strict origin-split national customs; weight basis
2025-09,Korea,importer,t,weight_ton,0.19282394520864066,-0.30592812286851845,-0.2564573455258887,0.6153846153846154,0.5,False,12,descriptive_anomaly_ok,strict origin-split national customs; weight basis
2025-10,Korea,importer,t,weight_ton,0.1814249846291927,-0.6346808409515957,-0.5649614992465009,0.8461538461538461,0.25,False,12,descriptive_anomaly_ok,strict origin-split national customs; weight basis
2025-11,Korea,importer,t,weight_ton,0.23126860571997745,0.8028384660492949,0.7840180007534991,0.38461538461538464,0.75,False,12,descriptive_anomaly_ok,strict origin-split national customs; weight basis
2025-12,Korea,importer,t,weight_ton,0.1497168096125924,-1.5491632316491974,-1.4231190155693694,1.0,0.08333333333333333,False,12,descriptive_anomaly_ok,strict origin-split national customs; weight basis
2026-01,Korea,importer,t,weight_ton,0.18631540355340268,-0.4936382868789324,-0.4326060497265825,0.6923076923076923,0.4166666666666667,False,12,descriptive_anomaly_ok,strict origin-split national customs; weight basis
2026-02,Korea,importer,t,weight_ton,0.2454464160119324,1.21173484194782,1.1677295975474213,0.23076923076923078,0.9166666666666666,False,12,descriptive_anomaly_ok,strict origin-split national customs; weight basis
2026-03,Korea,importer,t,weight_ton,0.2436750325189748,1.160647101621104,1.1197884575109485,0.23076923076923078,0.8333333333333334,True,12,descriptive_anomaly_ok,strict origin-split national customs; weight basis
2026-04,Korea,importer,t,weight_ton,0.38386121372528786,5.203698903410404,4.913820281285577,0.07692307692307693,1.0,True,12,descriptive_anomaly_ok,strict origin-split national customs; weight basis
2026-05,Korea,importer,t,weight_ton,0.36430174823461714,4.639592430763793,4.384458300746196,0.07692307692307693,1.0,True,12,descriptive_anomaly_ok,strict origin-split national customs; weight basis
2026-06,Korea,importer,t,weight_ton,0.30997616568288916,3.0728107228309005,2.9141779402089933,0.07692307692307693,1.0,True,12,descriptive_anomaly_ok,strict origin-split national customs; weight basis
2024-01,Taiwan,importer,t,weight_ton,0.203231635275771,-0.7729444419026241,-0.6662817738129632,0.7692307692307693,0.25,False,12,descriptive_anomaly_ok,strict origin-split national customs; weight basis
2024-02,Taiwan,importer,t,weight_ton,0.2870172464808305,2.189565843970562,2.738548064339986,0.15384615384615385,0.9166666666666666,False,12,descriptive_anomaly_ok,strict origin-split national customs; weight basis
2024-03,Taiwan,importer,t,weight_ton,0.2871448111306011,2.194076303244223,2.743731960710563,0.15384615384615385,0.9166666666666666,False,12,descriptive_anomaly_ok,strict origin-split national customs; weight basis
2024-04,Taiwan,importer,t,weight_ton,0.29832527974091766,2.589397800367168,3.198077194712264,0.07692307692307693,1.0,False,12,descriptive_anomaly_ok,strict origin-split national customs; weight basis
2024-05,Taiwan,importer,t,weight_ton,0.24531536782598495,0.7150615385373261,1.0438919210131046,0.23076923076923078,0.8333333333333334,False,12,descriptive_anomaly_ok,strict origin-split national customs; weight basis
2024-06,Taiwan,importer,t,weight_ton,0.25864315345484157,1.1863083486461279,1.5854985469357286,0.15384615384615385,0.9166666666666666,False,12,descriptive_anomaly_ok,strict origin-split national customs; weight basis
2024-07,Taiwan,importer,t,weight_ton,0.2468709978784299,0.7700658521073784,1.107108689901127,0.23076923076923078,0.8333333333333334,False,12,descriptive_anomaly_ok,strict origin-split national customs; weight basis
2024-08,Taiwan,importer,t,weight_ton,0.25435561210151364,1.0347085073648647,1.4112639913579554,0.23076923076923078,0.8333333333333334,False,12,descriptive_anomaly_ok,strict origin-split national customs; weight basis
2024-09,Taiwan,importer,t,weight_ton,0.3082953227064086,2.9419207981833,3.603233871238609,0.07692307692307693,1.0,False,12,descriptive_anomaly_ok,strict origin-split national customs; weight basis
2024-10,Taiwan,importer,t,weight_ton,0.30775994172591475,2.922990678336206,3.5814773773615927,0.07692307692307693,1.0,False,12,descriptive_anomaly_ok,strict origin-split national customs; weight basis
2024-11,Taiwan,importer,t,weight_ton,0.28871544002216815,2.24961094910566,2.807558243502538,0.15384615384615385,0.9166666666666666,False,12,descriptive_anomaly_ok,strict origin-split national customs; weight basis
2024-12,Taiwan,importer,t,weight_ton,0.2618251150176623,1.2988168536690088,1.714805208510737,0.15384615384615385,0.9166666666666666,False,12,descriptive_anomaly_ok,strict origin-split national customs; weight basis
2025-01,Taiwan,importer,t,weight_ton,0.21700723196220453,-0.28586382876823535,-0.1064772684601701,0.5384615384615384,0.5,False,12,descriptive_anomaly_ok,strict origin-split national customs; weight basis
2025-02,Taiwan,importer,t,weight_ton,0.2744222876161592,1.744230485666401,2.2267216166246753,0.15384615384615385,0.9166666666666666,False,12,descriptive_anomaly_ok,strict origin-split national customs; weight basis
2025-03,Taiwan,importer,t,weight_ton,0.23416279511397609,0.3207263907944431,0.5906803039362437,0.38461538461538464,0.75,False,12,descriptive_anomaly_ok,strict origin-split national customs; weight basis
2025-04,Taiwan,importer,t,weight_ton,0.20096728247951523,-0.8530079319610268,-0.7582991960637563,0.8461538461538461,0.25,False,12,descriptive_anomaly_ok,strict origin-split national customs; weight basis
2025-05,Taiwan,importer,t,weight_ton,0.2101533848079727,-0.5282036816401136,-0.38499983291046186,0.6153846153846154,0.5,False,12,descriptive_anomaly_ok,strict origin-split national customs; weight basis
2025-06,Taiwan,importer,t,weight_ton,0.208767194488735,-0.5772169074178536,-0.44133101069166875,0.6923076923076923,0.4166666666666667,False,12,descriptive_anomaly_ok,strict origin-split national customs; weight basis
2025-07,Taiwan,importer,t,weight_ton,0.22910143675041442,0.1417657554671654,0.38499983291046075,0.5384615384615384,0.5833333333333334,False,12,descriptive_anomaly_ok,strict origin-split national customs; weight basis
2025-08,Taiwan,importer,t,weight_ton,0.23028360276688928,0.183565044546112,0.43303999241580743,0.46153846153846156,0.6666666666666666,False,12,descriptive_anomaly_ok,strict origin-split national customs; weight basis
2025-09,Taiwan,importer,t,weight_ton,0.1986423174736489,-0.9352145620149263,-0.8527797412406717,0.9230769230769231,0.16666666666666666,False,12,descriptive_anomaly_ok,strict origin-split national customs; weight basis
2025-10,Taiwan,importer,t,weight_ton,0.19382704231143405,-1.1054741327478754,-1.0484600294837192,1.0,0.08333333333333333,False,12,descriptive_anomaly_ok,strict origin-split national customs; weight basis
2025-11,Taiwan,importer,t,weight_ton,0.2069041925543418,-0.643089344389563,-0.517038575314358,0.7692307692307693,0.3333333333333333,False,12,descriptive_anomaly_ok,strict origin-split national customs; weight basis
2025-12,Taiwan,importer,t,weight_ton,0.24026100968611272,0.5363484186770253,0.8384959209143545,0.3076923076923077,0.8333333333333334,False,12,descriptive_anomaly_ok,strict origin-split national customs; weight basis
2026-01,Taiwan,importer,t,weight_ton,0.2570419871960921,1.1296939557603491,1.5204313047777498,0.23076923076923078,0.9166666666666666,False,12,descriptive_anomaly_ok,strict origin-split national customs; weight basis
2026-02,Taiwan,importer,t,weight_ton,0.29099202634520327,2.330106994926264,2.9000728045389184,0.15384615384615385,1.0,False,12,descriptive_anomaly_ok,strict origin-split national customs; weight basis
2026-03,Taiwan,importer,t,weight_ton,0.24773735976044323,0.8006988683238665,1.142315388809104,0.23076923076923078,0.8333333333333334,True,12,descriptive_anomaly_ok,strict origin-split national customs; weight basis
2026-04,Taiwan,importer,t,weight_ton,0.47654247333319877,8.890840990229625,10.440361516417338,0.07692307692307693,1.0,True,12,descriptive_anomaly_ok,strict origin-split national customs; weight basis
2026-05,Taiwan,importer,t,weight_ton,0.432683300733626,7.3400586054342325,8.658038544776737,0.07692307692307693,1.0,True,12,descriptive_anomaly_ok,strict origin-split national customs; weight basis
2026-06,Taiwan,importer,t,weight_ton,0.4968667365186026,9.609470810715038,11.266286836252657,0.07692307692307693,1.0,True,12,descriptive_anomaly_ok,strict origin-split national customs; weight basis
