model,target,unit,counterfactual_scenario,counterfactual_sum,observed_sum,dark_rate,false_positive_rate,implied_true_total,true_reduction,reduction_attributable_to_observability
ar_lag1_7,hormuz_tanker_transits,transits,point_estimate,7397.996006081119,529.0,0.0,0.0,529.0,0.9284941490147921,0.0
ar_lag1_7,hormuz_tanker_transits,transits,point_estimate,7397.996006081119,529.0,0.0,0.05,502.54999999999995,0.9320694415640525,-0.003575292549260367
ar_lag1_7,hormuz_tanker_transits,transits,point_estimate,7397.996006081119,529.0,0.0,0.1,476.1,0.9356447341133128,-0.007150585098520734
ar_lag1_7,hormuz_tanker_transits,transits,point_estimate,7397.996006081119,529.0,0.0,0.2,423.20000000000005,0.9427953192118337,-0.01430117019704158
ar_lag1_7,hormuz_tanker_transits,transits,point_estimate,7397.996006081119,529.0,0.05,0.0,556.8421052631579,0.9247306831734653,0.0037634658413268074
ar_lag1_7,hormuz_tanker_transits,transits,point_estimate,7397.996006081119,529.0,0.05,0.05,529.0,0.9284941490147921,0.0
ar_lag1_7,hormuz_tanker_transits,transits,point_estimate,7397.996006081119,529.0,0.05,0.1,501.15789473684214,0.9322576148561188,-0.0037634658413266964
ar_lag1_7,hormuz_tanker_transits,transits,point_estimate,7397.996006081119,529.0,0.05,0.2,445.47368421052636,0.9397845465387723,-0.0112903975239802
ar_lag1_7,hormuz_tanker_transits,transits,point_estimate,7397.996006081119,529.0,0.1,0.0,587.7777777777777,0.9205490544608801,0.007945094553912013
ar_lag1_7,hormuz_tanker_transits,transits,point_estimate,7397.996006081119,529.0,0.1,0.05,558.3888888888888,0.924521601737836,0.003972547276956062
ar_lag1_7,hormuz_tanker_transits,transits,point_estimate,7397.996006081119,529.0,0.1,0.1,529.0,0.9284941490147921,0.0
ar_lag1_7,hormuz_tanker_transits,transits,point_estimate,7397.996006081119,529.0,0.1,0.2,470.2222222222223,0.936439243568704,-0.007945094553911902
ar_lag1_7,hormuz_tanker_transits,transits,point_estimate,7397.996006081119,529.0,0.2,0.0,661.25,0.91061768626849,0.017876462746302058
ar_lag1_7,hormuz_tanker_transits,transits,point_estimate,7397.996006081119,529.0,0.2,0.05,628.1874999999999,0.9150868019550655,0.013407347059726571
ar_lag1_7,hormuz_tanker_transits,transits,point_estimate,7397.996006081119,529.0,0.2,0.1,595.125,0.919555917641641,0.008938231373151084
ar_lag1_7,hormuz_tanker_transits,transits,point_estimate,7397.996006081119,529.0,0.2,0.2,529.0,0.9284941490147921,0.0
ar_lag1_7,hormuz_tanker_transits,transits,point_estimate,7397.996006081119,529.0,0.3,0.0,755.7142857142858,0.8978487843068458,0.03064536470794632
ar_lag1_7,hormuz_tanker_transits,transits,point_estimate,7397.996006081119,529.0,0.3,0.05,717.9285714285714,0.9029563450915035,0.025537803923288638
ar_lag1_7,hormuz_tanker_transits,transits,point_estimate,7397.996006081119,529.0,0.3,0.1,680.1428571428572,0.9080639058761613,0.020430243138630844
ar_lag1_7,hormuz_tanker_transits,transits,point_estimate,7397.996006081119,529.0,0.3,0.2,604.5714285714287,0.9182790274454766,0.010215121569315477
ar_lag1_7,hormuz_tanker_transits,transits,point_estimate,7397.996006081119,529.0,0.4,0.0,881.6666666666667,0.8808235816913201,0.04767056732347197
ar_lag1_7,hormuz_tanker_transits,transits,point_estimate,7397.996006081119,529.0,0.4,0.05,837.5833333333333,0.8867824026067541,0.041711746408037986
ar_lag1_7,hormuz_tanker_transits,transits,point_estimate,7397.996006081119,529.0,0.4,0.1,793.5000000000001,0.8927412235221881,0.035752925492604004
ar_lag1_7,hormuz_tanker_transits,transits,point_estimate,7397.996006081119,529.0,0.4,0.2,705.3333333333335,0.9046588653530561,0.02383528366173604
ar_lag1_7,hormuz_tanker_transits,transits,point_estimate,7397.996006081119,529.0,0.5,0.0,1058.0,0.8569882980295841,0.07150585098520801
ar_lag1_7,hormuz_tanker_transits,transits,point_estimate,7397.996006081119,529.0,0.5,0.05,1005.0999999999999,0.8641388831281049,0.06435526588668716
ar_lag1_7,hormuz_tanker_transits,transits,point_estimate,7397.996006081119,529.0,0.5,0.1,952.2,0.8712894682266257,0.05720468078816643
ar_lag1_7,hormuz_tanker_transits,transits,point_estimate,7397.996006081119,529.0,0.5,0.2,846.4000000000001,0.8855906384236673,0.04290351059112485
ar_lag1_7,hormuz_tanker_transits,transits,point_estimate,7397.996006081119,529.0,0.7,0.0,1763.333333333333,0.7616471633826403,0.16684698563215183
ar_lag1_7,hormuz_tanker_transits,transits,point_estimate,7397.996006081119,529.0,0.7,0.05,1675.1666666666663,0.7735648052135082,0.15492934380128387
ar_lag1_7,hormuz_tanker_transits,transits,point_estimate,7397.996006081119,529.0,0.7,0.1,1586.9999999999998,0.7854824470443762,0.1430117019704159
ar_lag1_7,hormuz_tanker_transits,transits,point_estimate,7397.996006081119,529.0,0.7,0.2,1410.6666666666665,0.8093177307061121,0.11917641830867998
ar_lag1_7,hormuz_tanker_transits,transits,point_estimate,7397.996006081119,529.0,0.9,0.0,5290.000000000001,0.2849414901479205,0.6435526588668716
ar_lag1_7,hormuz_tanker_transits,transits,point_estimate,7397.996006081119,529.0,0.9,0.05,5025.500000000001,0.3206944156405245,0.6077997333742676
ar_lag1_7,hormuz_tanker_transits,transits,point_estimate,7397.996006081119,529.0,0.9,0.1,4761.000000000001,0.35644734113312837,0.5720468078816637
ar_lag1_7,hormuz_tanker_transits,transits,point_estimate,7397.996006081119,529.0,0.9,0.2,4232.000000000002,0.42795319211833627,0.5005409568964558
ar_lag1_7,hormuz_tanker_transits,transits,bootstrap_block_lower,6834.208920908448,529.0,0.0,0.0,529.0,0.9225952840889035,0.0
ar_lag1_7,hormuz_tanker_transits,transits,bootstrap_block_lower,6834.208920908448,529.0,0.0,0.05,502.54999999999995,0.9264655198844582,-0.0038702357955547884
ar_lag1_7,hormuz_tanker_transits,transits,bootstrap_block_lower,6834.208920908448,529.0,0.0,0.1,476.1,0.9303357556800131,-0.007740471591109688
ar_lag1_7,hormuz_tanker_transits,transits,bootstrap_block_lower,6834.208920908448,529.0,0.0,0.2,423.20000000000005,0.9380762272711227,-0.015480943182219264
ar_lag1_7,hormuz_tanker_transits,transits,bootstrap_block_lower,6834.208920908448,529.0,0.05,0.0,556.8421052631579,0.9185213516725299,0.004073932416373549
ar_lag1_7,hormuz_tanker_transits,transits,bootstrap_block_lower,6834.208920908448,529.0,0.05,0.05,529.0,0.9225952840889035,0.0
ar_lag1_7,hormuz_tanker_transits,transits,bootstrap_block_lower,6834.208920908448,529.0,0.05,0.1,501.15789473684214,0.926669216505277,-0.004073932416373549
ar_lag1_7,hormuz_tanker_transits,transits,bootstrap_block_lower,6834.208920908448,529.0,0.05,0.2,445.47368421052636,0.934817081338024,-0.012221797249120536
ar_lag1_7,hormuz_tanker_transits,transits,bootstrap_block_lower,6834.208920908448,529.0,0.1,0.0,587.7777777777777,0.9139947600987817,0.008600523990121789
ar_lag1_7,hormuz_tanker_transits,transits,bootstrap_block_lower,6834.208920908448,529.0,0.1,0.05,558.3888888888888,0.9182950220938426,0.004300261995060839
ar_lag1_7,hormuz_tanker_transits,transits,bootstrap_block_lower,6834.208920908448,529.0,0.1,0.1,529.0,0.9225952840889035,0.0
ar_lag1_7,hormuz_tanker_transits,transits,bootstrap_block_lower,6834.208920908448,529.0,0.1,0.2,470.2222222222223,0.9311958080790252,-0.008600523990121789
ar_lag1_7,hormuz_tanker_transits,transits,bootstrap_block_lower,6834.208920908448,529.0,0.2,0.0,661.25,0.9032441051111293,0.019351178977774164
ar_lag1_7,hormuz_tanker_transits,transits,bootstrap_block_lower,6834.208920908448,529.0,0.2,0.05,628.1874999999999,0.9080818998555729,0.014513384233330595
ar_lag1_7,hormuz_tanker_transits,transits,bootstrap_block_lower,6834.208920908448,529.0,0.2,0.1,595.125,0.9129196946000164,0.009675589488887026
ar_lag1_7,hormuz_tanker_transits,transits,bootstrap_block_lower,6834.208920908448,529.0,0.2,0.2,529.0,0.9225952840889035,0.0
ar_lag1_7,hormuz_tanker_transits,transits,bootstrap_block_lower,6834.208920908448,529.0,0.3,0.0,755.7142857142858,0.8894218344127193,0.033173449676184186
ar_lag1_7,hormuz_tanker_transits,transits,bootstrap_block_lower,6834.208920908448,529.0,0.3,0.05,717.9285714285714,0.8949507426920833,0.027644541396820155
ar_lag1_7,hormuz_tanker_transits,transits,bootstrap_block_lower,6834.208920908448,529.0,0.3,0.1,680.1428571428572,0.9004796509714473,0.022115633117456124
ar_lag1_7,hormuz_tanker_transits,transits,bootstrap_block_lower,6834.208920908448,529.0,0.3,0.2,604.5714285714287,0.9115374675301754,0.011057816558728062
ar_lag1_7,hormuz_tanker_transits,transits,bootstrap_block_lower,6834.208920908448,529.0,0.4,0.0,881.6666666666667,0.8709921401481724,0.05160314394073107
ar_lag1_7,hormuz_tanker_transits,transits,bootstrap_block_lower,6834.208920908448,529.0,0.4,0.05,837.5833333333333,0.8774425331407638,0.04515275094813964
ar_lag1_7,hormuz_tanker_transits,transits,bootstrap_block_lower,6834.208920908448,529.0,0.4,0.1,793.5000000000001,0.8838929261333552,0.03870235795554822
ar_lag1_7,hormuz_tanker_transits,transits,bootstrap_block_lower,6834.208920908448,529.0,0.4,0.2,705.3333333333335,0.896793712118538,0.025801571970365478
ar_lag1_7,hormuz_tanker_transits,transits,bootstrap_block_lower,6834.208920908448,529.0,0.5,0.0,1058.0,0.8451905681778069,0.07740471591109654
ar_lag1_7,hormuz_tanker_transits,transits,bootstrap_block_lower,6834.208920908448,529.0,0.5,0.05,1005.0999999999999,0.8529310397689166,0.06966424431998686
ar_lag1_7,hormuz_tanker_transits,transits,bootstrap_block_lower,6834.208920908448,529.0,0.5,0.1,952.2,0.8606715113600263,0.06192377272887717
ar_lag1_7,hormuz_tanker_transits,transits,bootstrap_block_lower,6834.208920908448,529.0,0.5,0.2,846.4000000000001,0.8761524545422456,0.046442829546657904
ar_lag1_7,hormuz_tanker_transits,transits,bootstrap_block_lower,6834.208920908448,529.0,0.7,0.0,1763.333333333333,0.741984280296345,0.18061100379255846
ar_lag1_7,hormuz_tanker_transits,transits,bootstrap_block_lower,6834.208920908448,529.0,0.7,0.05,1675.1666666666663,0.7548850662815277,0.16771021780737572
ar_lag1_7,hormuz_tanker_transits,transits,bootstrap_block_lower,6834.208920908448,529.0,0.7,0.1,1586.9999999999998,0.7677858522667105,0.15480943182219298
ar_lag1_7,hormuz_tanker_transits,transits,bootstrap_block_lower,6834.208920908448,529.0,0.7,0.2,1410.6666666666665,0.793587424237076,0.1290078598518275
ar_lag1_7,hormuz_tanker_transits,transits,bootstrap_block_lower,6834.208920908448,529.0,0.9,0.0,5290.000000000001,0.22595284088903456,0.6966424431998689
ar_lag1_7,hormuz_tanker_transits,transits,bootstrap_block_lower,6834.208920908448,529.0,0.9,0.05,5025.500000000001,0.2646551988445828,0.6579400852443207
ar_lag1_7,hormuz_tanker_transits,transits,bootstrap_block_lower,6834.208920908448,529.0,0.9,0.1,4761.000000000001,0.3033575568001311,0.6192377272887724
ar_lag1_7,hormuz_tanker_transits,transits,bootstrap_block_lower,6834.208920908448,529.0,0.9,0.2,4232.000000000002,0.3807622727112274,0.541833011377676
ar_lag1_7,hormuz_tanker_transits,transits,bootstrap_block_upper,7939.246167671149,529.0,0.0,0.0,529.0,0.9333689888400105,0.0
ar_lag1_7,hormuz_tanker_transits,transits,bootstrap_block_upper,7939.246167671149,529.0,0.0,0.05,502.54999999999995,0.93670053939801,-0.0033315505579994964
ar_lag1_7,hormuz_tanker_transits,transits,bootstrap_block_upper,7939.246167671149,529.0,0.0,0.1,476.1,0.9400320899560095,-0.006663101115998993
ar_lag1_7,hormuz_tanker_transits,transits,bootstrap_block_upper,7939.246167671149,529.0,0.0,0.2,423.20000000000005,0.9466951910720084,-0.013326202231997875
ar_lag1_7,hormuz_tanker_transits,transits,bootstrap_block_upper,7939.246167671149,529.0,0.05,0.0,556.8421052631579,0.9298620935158005,0.003506895324210002
ar_lag1_7,hormuz_tanker_transits,transits,bootstrap_block_upper,7939.246167671149,529.0,0.05,0.05,529.0,0.9333689888400105,0.0
ar_lag1_7,hormuz_tanker_transits,transits,bootstrap_block_upper,7939.246167671149,529.0,0.05,0.1,501.15789473684214,0.9368758841642205,-0.003506895324210002
ar_lag1_7,hormuz_tanker_transits,transits,bootstrap_block_upper,7939.246167671149,529.0,0.05,0.2,445.47368421052636,0.9438896748126404,-0.010520685972629895
ar_lag1_7,hormuz_tanker_transits,transits,bootstrap_block_upper,7939.246167671149,529.0,0.1,0.0,587.7777777777777,0.9259655431555672,0.007403445684443288
ar_lag1_7,hormuz_tanker_transits,transits,bootstrap_block_upper,7939.246167671149,529.0,0.1,0.05,558.3888888888888,0.9296672659977889,0.0037017228422215886
ar_lag1_7,hormuz_tanker_transits,transits,bootstrap_block_upper,7939.246167671149,529.0,0.1,0.1,529.0,0.9333689888400105,0.0
ar_lag1_7,hormuz_tanker_transits,transits,bootstrap_block_upper,7939.246167671149,529.0,0.1,0.2,470.2222222222223,0.9407724345244538,-0.007403445684443288
ar_lag1_7,hormuz_tanker_transits,transits,bootstrap_block_upper,7939.246167671149,529.0,0.2,0.0,661.25,0.9167112360500131,0.01665775278999737
ar_lag1_7,hormuz_tanker_transits,transits,bootstrap_block_upper,7939.246167671149,529.0,0.2,0.05,628.1874999999999,0.9208756742475125,0.012493314592498028
ar_lag1_7,hormuz_tanker_transits,transits,bootstrap_block_upper,7939.246167671149,529.0,0.2,0.1,595.125,0.9250401124450118,0.008328876394998685
ar_lag1_7,hormuz_tanker_transits,transits,bootstrap_block_upper,7939.246167671149,529.0,0.2,0.2,529.0,0.9333689888400105,0.0
ar_lag1_7,hormuz_tanker_transits,transits,bootstrap_block_upper,7939.246167671149,529.0,0.3,0.0,755.7142857142858,0.904812841200015,0.028556147639995477
ar_lag1_7,hormuz_tanker_transits,transits,bootstrap_block_upper,7939.246167671149,529.0,0.3,0.05,717.9285714285714,0.9095721991400143,0.023796789699996213
ar_lag1_7,hormuz_tanker_transits,transits,bootstrap_block_upper,7939.246167671149,529.0,0.3,0.1,680.1428571428572,0.9143315570800136,0.019037431759996948
ar_lag1_7,hormuz_tanker_transits,transits,bootstrap_block_upper,7939.246167671149,529.0,0.3,0.2,604.5714285714287,0.923850272960012,0.00951871587999853
ar_lag1_7,hormuz_tanker_transits,transits,bootstrap_block_upper,7939.246167671149,529.0,0.4,0.0,881.6666666666667,0.8889483147333509,0.04442067410665962
ar_lag1_7,hormuz_tanker_transits,transits,bootstrap_block_upper,7939.246167671149,529.0,0.4,0.05,837.5833333333333,0.8945008989966834,0.038868089843327125
ar_lag1_7,hormuz_tanker_transits,transits,bootstrap_block_upper,7939.246167671149,529.0,0.4,0.1,793.5000000000001,0.9000534832600158,0.03331550557999474
ar_lag1_7,hormuz_tanker_transits,transits,bootstrap_block_upper,7939.246167671149,529.0,0.4,0.2,705.3333333333335,0.9111586517866807,0.022210337053329865
ar_lag1_7,hormuz_tanker_transits,transits,bootstrap_block_upper,7939.246167671149,529.0,0.5,0.0,1058.0,0.866737977680021,0.06663101115998948
ar_lag1_7,hormuz_tanker_transits,transits,bootstrap_block_upper,7939.246167671149,529.0,0.5,0.05,1005.0999999999999,0.87340107879602,0.05996791004399049
ar_lag1_7,hormuz_tanker_transits,transits,bootstrap_block_upper,7939.246167671149,529.0,0.5,0.1,952.2,0.8800641799120189,0.05330480892799161
ar_lag1_7,hormuz_tanker_transits,transits,bootstrap_block_upper,7939.246167671149,529.0,0.5,0.2,846.4000000000001,0.8933903821440168,0.039978606695993735
ar_lag1_7,hormuz_tanker_transits,transits,bootstrap_block_upper,7939.246167671149,529.0,0.7,0.0,1763.333333333333,0.7778966294667018,0.15547235937330872
ar_lag1_7,hormuz_tanker_transits,transits,bootstrap_block_upper,7939.246167671149,529.0,0.7,0.05,1675.1666666666663,0.7890017979933668,0.14436719084664373
ar_lag1_7,hormuz_tanker_transits,transits,bootstrap_block_upper,7939.246167671149,529.0,0.7,0.1,1586.9999999999998,0.8001069665200315,0.13326202231997897
ar_lag1_7,hormuz_tanker_transits,transits,bootstrap_block_upper,7939.246167671149,529.0,0.7,0.2,1410.6666666666665,0.8223173035733614,0.1110516852666491
ar_lag1_7,hormuz_tanker_transits,transits,bootstrap_block_upper,7939.246167671149,529.0,0.9,0.0,5290.000000000001,0.33368988840010516,0.5996791004399054
ar_lag1_7,hormuz_tanker_transits,transits,bootstrap_block_upper,7939.246167671149,529.0,0.9,0.05,5025.500000000001,0.3670053939800999,0.5663635948599106
ar_lag1_7,hormuz_tanker_transits,transits,bootstrap_block_upper,7939.246167671149,529.0,0.9,0.1,4761.000000000001,0.40032089956009465,0.5330480892799159
ar_lag1_7,hormuz_tanker_transits,transits,bootstrap_block_upper,7939.246167671149,529.0,0.9,0.2,4232.000000000002,0.466951910720084,0.4664170781199265
ar_lag1_7,hormuz_tanker_transits,transits,conformal_0.80_lower,5727.82465987997,529.0,0.0,0.0,529.0,0.907643820924664,0.0
ar_lag1_7,hormuz_tanker_transits,transits,conformal_0.80_lower,5727.82465987997,529.0,0.0,0.05,502.54999999999995,0.9122616298784308,-0.004617808953766844
ar_lag1_7,hormuz_tanker_transits,transits,conformal_0.80_lower,5727.82465987997,529.0,0.0,0.1,476.1,0.9168794388321976,-0.009235617907533578
ar_lag1_7,hormuz_tanker_transits,transits,conformal_0.80_lower,5727.82465987997,529.0,0.0,0.2,423.20000000000005,0.9261150567397312,-0.018471235815067155
ar_lag1_7,hormuz_tanker_transits,transits,conformal_0.80_lower,5727.82465987997,529.0,0.05,0.0,556.8421052631579,0.9027829693943832,0.004860851530280819
ar_lag1_7,hormuz_tanker_transits,transits,conformal_0.80_lower,5727.82465987997,529.0,0.05,0.05,529.0,0.907643820924664,0.0
ar_lag1_7,hormuz_tanker_transits,transits,conformal_0.80_lower,5727.82465987997,529.0,0.05,0.1,501.15789473684214,0.9125046724549448,-0.004860851530280819
ar_lag1_7,hormuz_tanker_transits,transits,conformal_0.80_lower,5727.82465987997,529.0,0.05,0.2,445.47368421052636,0.9222263755155065,-0.014582554590842456
ar_lag1_7,hormuz_tanker_transits,transits,conformal_0.80_lower,5727.82465987997,529.0,0.1,0.0,587.7777777777777,0.8973820232496267,0.01026179767503732
ar_lag1_7,hormuz_tanker_transits,transits,conformal_0.80_lower,5727.82465987997,529.0,0.1,0.05,558.3888888888888,0.9025129220871453,0.005130898837518716
ar_lag1_7,hormuz_tanker_transits,transits,conformal_0.80_lower,5727.82465987997,529.0,0.1,0.1,529.0,0.907643820924664,0.0
ar_lag1_7,hormuz_tanker_transits,transits,conformal_0.80_lower,5727.82465987997,529.0,0.1,0.2,470.2222222222223,0.9179056185997013,-0.01026179767503732
ar_lag1_7,hormuz_tanker_transits,transits,conformal_0.80_lower,5727.82465987997,529.0,0.2,0.0,661.25,0.88455477615583,0.023089044768834
ar_lag1_7,hormuz_tanker_transits,transits,conformal_0.80_lower,5727.82465987997,529.0,0.2,0.05,628.1874999999999,0.8903270373480385,0.017316783576625472
ar_lag1_7,hormuz_tanker_transits,transits,conformal_0.80_lower,5727.82465987997,529.0,0.2,0.1,595.125,0.896099298540247,0.011544522384417055
ar_lag1_7,hormuz_tanker_transits,transits,conformal_0.80_lower,5727.82465987997,529.0,0.2,0.2,529.0,0.907643820924664,0.0
ar_lag1_7,hormuz_tanker_transits,transits,conformal_0.80_lower,5727.82465987997,529.0,0.3,0.0,755.7142857142858,0.8680626013209486,0.03958121960371541
ar_lag1_7,hormuz_tanker_transits,transits,conformal_0.80_lower,5727.82465987997,529.0,0.3,0.05,717.9285714285714,0.8746594712549012,0.032984349669762825
ar_lag1_7,hormuz_tanker_transits,transits,conformal_0.80_lower,5727.82465987997,529.0,0.3,0.1,680.1428571428572,0.8812563411888537,0.02638747973581035
ar_lag1_7,hormuz_tanker_transits,transits,conformal_0.80_lower,5727.82465987997,529.0,0.3,0.2,604.5714285714287,0.8944500810567588,0.013193739867905174
ar_lag1_7,hormuz_tanker_transits,transits,conformal_0.80_lower,5727.82465987997,529.0,0.4,0.0,881.6666666666667,0.84607303487444,0.061570786050224036
ar_lag1_7,hormuz_tanker_transits,transits,conformal_0.80_lower,5727.82465987997,529.0,0.4,0.05,837.5833333333333,0.853769383130718,0.05387443779394596
ar_lag1_7,hormuz_tanker_transits,transits,conformal_0.80_lower,5727.82465987997,529.0,0.4,0.1,793.5000000000001,0.861465731386996,0.046178089537668
ar_lag1_7,hormuz_tanker_transits,transits,conformal_0.80_lower,5727.82465987997,529.0,0.4,0.2,705.3333333333335,0.8768584278995519,0.030785393025112073
ar_lag1_7,hormuz_tanker_transits,transits,conformal_0.80_lower,5727.82465987997,529.0,0.5,0.0,1058.0,0.815287641849328,0.092356179075336
ar_lag1_7,hormuz_tanker_transits,transits,conformal_0.80_lower,5727.82465987997,529.0,0.5,0.05,1005.0999999999999,0.8245232597568616,0.08312056116780242
ar_lag1_7,hormuz_tanker_transits,transits,conformal_0.80_lower,5727.82465987997,529.0,0.5,0.1,952.2,0.8337588776643952,0.07388494326026884
ar_lag1_7,hormuz_tanker_transits,transits,conformal_0.80_lower,5727.82465987997,529.0,0.5,0.2,846.4000000000001,0.8522301134794623,0.05541370744520169
ar_lag1_7,hormuz_tanker_transits,transits,conformal_0.80_lower,5727.82465987997,529.0,0.7,0.0,1763.333333333333,0.69214606974888,0.21549775117578396
ar_lag1_7,hormuz_tanker_transits,transits,conformal_0.80_lower,5727.82465987997,529.0,0.7,0.05,1675.1666666666663,0.7075387662614361,0.20010505466322792
ar_lag1_7,hormuz_tanker_transits,transits,conformal_0.80_lower,5727.82465987997,529.0,0.7,0.1,1586.9999999999998,0.722931462773992,0.184712358150672
ar_lag1_7,hormuz_tanker_transits,transits,conformal_0.80_lower,5727.82465987997,529.0,0.7,0.2,1410.6666666666665,0.7537168557991041,0.15392696512555992
ar_lag1_7,hormuz_tanker_transits,transits,conformal_0.80_lower,5727.82465987997,529.0,0.9,0.0,5290.000000000001,0.0764382092466398,0.8312056116780242
ar_lag1_7,hormuz_tanker_transits,transits,conformal_0.80_lower,5727.82465987997,529.0,0.9,0.05,5025.500000000001,0.1226162987843078,0.7850275221403562
ar_lag1_7,hormuz_tanker_transits,transits,conformal_0.80_lower,5727.82465987997,529.0,0.9,0.1,4761.000000000001,0.1687943883219758,0.7388494326026882
ar_lag1_7,hormuz_tanker_transits,transits,conformal_0.80_lower,5727.82465987997,529.0,0.9,0.2,4232.000000000002,0.2611505673973117,0.6464932535273523
ar_lag1_7,hormuz_tanker_transits,transits,conformal_0.80_upper,9068.167352282268,529.0,0.0,0.0,529.0,0.9416640673413618,0.0
ar_lag1_7,hormuz_tanker_transits,transits,conformal_0.80_upper,9068.167352282268,529.0,0.0,0.05,502.54999999999995,0.9445808639742936,-0.002916796632931873
ar_lag1_7,hormuz_tanker_transits,transits,conformal_0.80_upper,9068.167352282268,529.0,0.0,0.1,476.1,0.9474976606072256,-0.005833593265863857
ar_lag1_7,hormuz_tanker_transits,transits,conformal_0.80_upper,9068.167352282268,529.0,0.0,0.2,423.20000000000005,0.9533312538730894,-0.011667186531727602
ar_lag1_7,hormuz_tanker_transits,transits,conformal_0.80_upper,9068.167352282268,529.0,0.05,0.0,556.8421052631579,0.9385937550961703,0.0030703122451914977
ar_lag1_7,hormuz_tanker_transits,transits,conformal_0.80_upper,9068.167352282268,529.0,0.05,0.05,529.0,0.9416640673413618,0.0
ar_lag1_7,hormuz_tanker_transits,transits,conformal_0.80_upper,9068.167352282268,529.0,0.05,0.1,501.15789473684214,0.9447343795865533,-0.0030703122451914977
ar_lag1_7,hormuz_tanker_transits,transits,conformal_0.80_upper,9068.167352282268,529.0,0.05,0.2,445.47368421052636,0.9508750040769363,-0.009210936735574493
ar_lag1_7,hormuz_tanker_transits,transits,conformal_0.80_upper,9068.167352282268,529.0,0.1,0.0,587.7777777777777,0.9351822970459576,0.006481770295404199
ar_lag1_7,hormuz_tanker_transits,transits,conformal_0.80_upper,9068.167352282268,529.0,0.1,0.05,558.3888888888888,0.9384231821936597,0.003240885147702044
ar_lag1_7,hormuz_tanker_transits,transits,conformal_0.80_upper,9068.167352282268,529.0,0.1,0.1,529.0,0.9416640673413618,0.0
ar_lag1_7,hormuz_tanker_transits,transits,conformal_0.80_upper,9068.167352282268,529.0,0.1,0.2,470.2222222222223,0.948145837636766,-0.006481770295404199
ar_lag1_7,hormuz_tanker_transits,transits,conformal_0.80_upper,9068.167352282268,529.0,0.2,0.0,661.25,0.9270800841767022,0.014583983164659586
ar_lag1_7,hormuz_tanker_transits,transits,conformal_0.80_upper,9068.167352282268,529.0,0.2,0.05,628.1874999999999,0.9307260799678672,0.010937987373494606
ar_lag1_7,hormuz_tanker_transits,transits,conformal_0.80_upper,9068.167352282268,529.0,0.2,0.1,595.125,0.934372075759032,0.007291991582329738
ar_lag1_7,hormuz_tanker_transits,transits,conformal_0.80_upper,9068.167352282268,529.0,0.2,0.2,529.0,0.9416640673413618,0.0
ar_lag1_7,hormuz_tanker_transits,transits,conformal_0.80_upper,9068.167352282268,529.0,0.3,0.0,755.7142857142858,0.9166629533448025,0.025001113996559243
ar_lag1_7,hormuz_tanker_transits,transits,conformal_0.80_upper,9068.167352282268,529.0,0.3,0.05,717.9285714285714,0.9208298056775625,0.020834261663799314
ar_lag1_7,hormuz_tanker_transits,transits,conformal_0.80_upper,9068.167352282268,529.0,0.3,0.1,680.1428571428572,0.9249966580103223,0.016667409331039496
ar_lag1_7,hormuz_tanker_transits,transits,conformal_0.80_upper,9068.167352282268,529.0,0.3,0.2,604.5714285714287,0.933330362675842,0.008333704665519748
ar_lag1_7,hormuz_tanker_transits,transits,conformal_0.80_upper,9068.167352282268,529.0,0.4,0.0,881.6666666666667,0.9027734455689362,0.03889062177242553
ar_lag1_7,hormuz_tanker_transits,transits,conformal_0.80_upper,9068.167352282268,529.0,0.4,0.05,837.5833333333333,0.9076347732904895,0.034029294050872294
ar_lag1_7,hormuz_tanker_transits,transits,conformal_0.80_upper,9068.167352282268,529.0,0.4,0.1,793.5000000000001,0.9124961010120427,0.02916796632931906
ar_lag1_7,hormuz_tanker_transits,transits,conformal_0.80_upper,9068.167352282268,529.0,0.4,0.2,705.3333333333335,0.9222187564551491,0.019445310886212708
ar_lag1_7,hormuz_tanker_transits,transits,conformal_0.80_upper,9068.167352282268,529.0,0.5,0.0,1058.0,0.8833281346827235,0.058335932658638234
ar_lag1_7,hormuz_tanker_transits,transits,conformal_0.80_upper,9068.167352282268,529.0,0.5,0.05,1005.0999999999999,0.8891617279485874,0.05250233939277438
ar_lag1_7,hormuz_tanker_transits,transits,conformal_0.80_upper,9068.167352282268,529.0,0.5,0.1,952.2,0.8949953212144512,0.04666874612691052
ar_lag1_7,hormuz_tanker_transits,transits,conformal_0.80_upper,9068.167352282268,529.0,0.5,0.2,846.4000000000001,0.9066625077461788,0.03500155959518292
ar_lag1_7,hormuz_tanker_transits,transits,conformal_0.80_upper,9068.167352282268,529.0,0.7,0.0,1763.333333333333,0.8055468911378727,0.13611717620348907
ar_lag1_7,hormuz_tanker_transits,transits,conformal_0.80_upper,9068.167352282268,529.0,0.7,0.05,1675.1666666666663,0.815269546580979,0.1263945207603827
ar_lag1_7,hormuz_tanker_transits,transits,conformal_0.80_upper,9068.167352282268,529.0,0.7,0.1,1586.9999999999998,0.8249922020240854,0.11667186531727636
ar_lag1_7,hormuz_tanker_transits,transits,conformal_0.80_upper,9068.167352282268,529.0,0.7,0.2,1410.6666666666665,0.8444375129102981,0.09722655443106365
ar_lag1_7,hormuz_tanker_transits,transits,conformal_0.80_upper,9068.167352282268,529.0,0.9,0.0,5290.000000000001,0.41664067341361766,0.5250233939277441
ar_lag1_7,hormuz_tanker_transits,transits,conformal_0.80_upper,9068.167352282268,529.0,0.9,0.05,5025.500000000001,0.44580863974293683,0.49585542759842494
ar_lag1_7,hormuz_tanker_transits,transits,conformal_0.80_upper,9068.167352282268,529.0,0.9,0.1,4761.000000000001,0.4749766060722559,0.4666874612691059
ar_lag1_7,hormuz_tanker_transits,transits,conformal_0.80_upper,9068.167352282268,529.0,0.9,0.2,4232.000000000002,0.5333125387308941,0.40835152861046764
ar_lag1_7,hormuz_tanker_capacity,deadweight_tonnes,point_estimate,318505792.90571004,27499733.0,0.0,0.0,27499733.0,0.9136601794613481,0.0
ar_lag1_7,hormuz_tanker_capacity,deadweight_tonnes,point_estimate,318505792.90571004,27499733.0,0.0,0.05,26124746.349999998,0.9179771704882808,-0.004316991026932615
ar_lag1_7,hormuz_tanker_capacity,deadweight_tonnes,point_estimate,318505792.90571004,27499733.0,0.0,0.1,24749759.7,0.9222941615152134,-0.00863398205386523
ar_lag1_7,hormuz_tanker_capacity,deadweight_tonnes,point_estimate,318505792.90571004,27499733.0,0.0,0.2,21999786.400000002,0.9309281435690786,-0.01726796410773046
ar_lag1_7,hormuz_tanker_capacity,deadweight_tonnes,point_estimate,318505792.90571004,27499733.0,0.05,0.0,28947087.368421055,0.9091159783803665,0.004544201080981636
ar_lag1_7,hormuz_tanker_capacity,deadweight_tonnes,point_estimate,318505792.90571004,27499733.0,0.05,0.05,27499733.0,0.9136601794613481,0.0
ar_lag1_7,hormuz_tanker_capacity,deadweight_tonnes,point_estimate,318505792.90571004,27499733.0,0.05,0.1,26052378.63157895,0.9182043805423299,-0.004544201080981747
ar_lag1_7,hormuz_tanker_capacity,deadweight_tonnes,point_estimate,318505792.90571004,27499733.0,0.05,0.2,23157669.894736845,0.9272927827042932,-0.013632603242945018
ar_lag1_7,hormuz_tanker_capacity,deadweight_tonnes,point_estimate,318505792.90571004,27499733.0,0.1,0.0,30555258.888888888,0.9040668660681647,0.009593313393183478
ar_lag1_7,hormuz_tanker_capacity,deadweight_tonnes,point_estimate,318505792.90571004,27499733.0,0.1,0.05,29027495.94444444,0.9088635227647565,0.0047966566965916835
ar_lag1_7,hormuz_tanker_capacity,deadweight_tonnes,point_estimate,318505792.90571004,27499733.0,0.1,0.1,27499733.0,0.9136601794613481,0.0
ar_lag1_7,hormuz_tanker_capacity,deadweight_tonnes,point_estimate,318505792.90571004,27499733.0,0.1,0.2,24444207.111111112,0.9232534928545317,-0.009593313393183589
ar_lag1_7,hormuz_tanker_capacity,deadweight_tonnes,point_estimate,318505792.90571004,27499733.0,0.2,0.0,34374666.25,0.8920752243266853,0.021584955134662853
ar_lag1_7,hormuz_tanker_capacity,deadweight_tonnes,point_estimate,318505792.90571004,27499733.0,0.2,0.05,32655932.937499996,0.897471463110351,0.016188716350997168
ar_lag1_7,hormuz_tanker_capacity,deadweight_tonnes,point_estimate,318505792.90571004,27499733.0,0.2,0.1,30937199.624999996,0.9028677018940168,0.010792477567331371
ar_lag1_7,hormuz_tanker_capacity,deadweight_tonnes,point_estimate,318505792.90571004,27499733.0,0.2,0.2,27499733.0,0.9136601794613481,0.0
ar_lag1_7,hormuz_tanker_capacity,deadweight_tonnes,point_estimate,318505792.90571004,27499733.0,0.3,0.0,39285332.85714286,0.8766573992304975,0.037002780230850685
ar_lag1_7,hormuz_tanker_capacity,deadweight_tonnes,point_estimate,318505792.90571004,27499733.0,0.3,0.05,37321066.21428572,0.8828245292689726,0.030835650192375552
ar_lag1_7,hormuz_tanker_capacity,deadweight_tonnes,point_estimate,318505792.90571004,27499733.0,0.3,0.1,35356799.571428575,0.8889916593074477,0.02466852015390042
ar_lag1_7,hormuz_tanker_capacity,deadweight_tonnes,point_estimate,318505792.90571004,27499733.0,0.3,0.2,31428266.28571429,0.9013259193843979,0.012334260076950265
ar_lag1_7,hormuz_tanker_capacity,deadweight_tonnes,point_estimate,318505792.90571004,27499733.0,0.4,0.0,45832888.333333336,0.856100299102247,0.05755988035910109
ar_lag1_7,hormuz_tanker_capacity,deadweight_tonnes,point_estimate,318505792.90571004,27499733.0,0.4,0.05,43541243.916666664,0.8632952841471346,0.05036489531421351
ar_lag1_7,hormuz_tanker_capacity,deadweight_tonnes,point_estimate,318505792.90571004,27499733.0,0.4,0.1,41249599.5,0.8704902691920223,0.04316991026932582
ar_lag1_7,hormuz_tanker_capacity,deadweight_tonnes,point_estimate,318505792.90571004,27499733.0,0.4,0.2,36666310.66666667,0.8848802392817976,0.028779940179550545
ar_lag1_7,hormuz_tanker_capacity,deadweight_tonnes,point_estimate,318505792.90571004,27499733.0,0.5,0.0,54999466.0,0.8273203589226964,0.08633982053865175
ar_lag1_7,hormuz_tanker_capacity,deadweight_tonnes,point_estimate,318505792.90571004,27499733.0,0.5,0.05,52249492.699999996,0.8359543409765616,0.07770583848478652
ar_lag1_7,hormuz_tanker_capacity,deadweight_tonnes,point_estimate,318505792.90571004,27499733.0,0.5,0.1,49499519.4,0.8445883230304267,0.0690718564309214
ar_lag1_7,hormuz_tanker_capacity,deadweight_tonnes,point_estimate,318505792.90571004,27499733.0,0.5,0.2,43999572.800000004,0.8618562871381571,0.05180389232319105
ar_lag1_7,hormuz_tanker_capacity,deadweight_tonnes,point_estimate,318505792.90571004,27499733.0,0.7,0.0,91665776.66666666,0.7122005982044941,0.20145958125685404
ar_lag1_7,hormuz_tanker_capacity,deadweight_tonnes,point_estimate,318505792.90571004,27499733.0,0.7,0.05,87082487.83333331,0.7265905682942694,0.18706961116707876
ar_lag1_7,hormuz_tanker_capacity,deadweight_tonnes,point_estimate,318505792.90571004,27499733.0,0.7,0.1,82499198.99999999,0.7409805383840447,0.1726796410773035
ar_lag1_7,hormuz_tanker_capacity,deadweight_tonnes,point_estimate,318505792.90571004,27499733.0,0.7,0.2,73332621.33333333,0.7697604785635952,0.14389970089775295
ar_lag1_7,hormuz_tanker_capacity,deadweight_tonnes,point_estimate,318505792.90571004,27499733.0,0.9,0.0,274997330.00000006,0.13660179461348188,0.7770583848478663
ar_lag1_7,hormuz_tanker_capacity,deadweight_tonnes,point_estimate,318505792.90571004,27499733.0,0.9,0.05,261247463.50000003,0.1797717048828078,0.7338884745785403
ar_lag1_7,hormuz_tanker_capacity,deadweight_tonnes,point_estimate,318505792.90571004,27499733.0,0.9,0.1,247497597.00000006,0.22294161515213362,0.6907185643092145
ar_lag1_7,hormuz_tanker_capacity,deadweight_tonnes,point_estimate,318505792.90571004,27499733.0,0.9,0.2,219997864.00000006,0.3092814356907855,0.6043787437705627
ar_lag1_7,hormuz_tanker_capacity,deadweight_tonnes,bootstrap_block_lower,290459167.8247383,27499733.0,0.0,0.0,27499733.0,0.9053232397312616,0.0
ar_lag1_7,hormuz_tanker_capacity,deadweight_tonnes,bootstrap_block_lower,290459167.8247383,27499733.0,0.0,0.05,26124746.349999998,0.9100570777446986,-0.004733838013436964
ar_lag1_7,hormuz_tanker_capacity,deadweight_tonnes,bootstrap_block_lower,290459167.8247383,27499733.0,0.0,0.1,24749759.7,0.9147909157581354,-0.009467676026873817
ar_lag1_7,hormuz_tanker_capacity,deadweight_tonnes,bootstrap_block_lower,290459167.8247383,27499733.0,0.0,0.2,21999786.400000002,0.9242585917850092,-0.018935352053747634
ar_lag1_7,hormuz_tanker_capacity,deadweight_tonnes,bootstrap_block_lower,290459167.8247383,27499733.0,0.05,0.0,28947087.368421055,0.9003402523486964,0.004982987382565196
ar_lag1_7,hormuz_tanker_capacity,deadweight_tonnes,bootstrap_block_lower,290459167.8247383,27499733.0,0.05,0.05,27499733.0,0.9053232397312616,0.0
ar_lag1_7,hormuz_tanker_capacity,deadweight_tonnes,bootstrap_block_lower,290459167.8247383,27499733.0,0.05,0.1,26052378.63157895,0.9103062271138268,-0.004982987382565196
ar_lag1_7,hormuz_tanker_capacity,deadweight_tonnes,bootstrap_block_lower,290459167.8247383,27499733.0,0.05,0.2,23157669.894736845,0.9202722018789571,-0.014948962147695477
ar_lag1_7,hormuz_tanker_capacity,deadweight_tonnes,bootstrap_block_lower,290459167.8247383,27499733.0,0.1,0.0,30555258.888888888,0.8948035997014018,0.010519640029859834
ar_lag1_7,hormuz_tanker_capacity,deadweight_tonnes,bootstrap_block_lower,290459167.8247383,27499733.0,0.1,0.05,29027495.94444444,0.9000634197163317,0.005259820014929861
ar_lag1_7,hormuz_tanker_capacity,deadweight_tonnes,bootstrap_block_lower,290459167.8247383,27499733.0,0.1,0.1,27499733.0,0.9053232397312616,0.0
ar_lag1_7,hormuz_tanker_capacity,deadweight_tonnes,bootstrap_block_lower,290459167.8247383,27499733.0,0.1,0.2,24444207.111111112,0.9158428797611214,-0.010519640029859834
ar_lag1_7,hormuz_tanker_capacity,deadweight_tonnes,bootstrap_block_lower,290459167.8247383,27499733.0,0.2,0.0,34374666.25,0.881654049664077,0.023669190067184598
ar_lag1_7,hormuz_tanker_capacity,deadweight_tonnes,bootstrap_block_lower,290459167.8247383,27499733.0,0.2,0.05,32655932.937499996,0.8875713471808732,0.01775189255038845
ar_lag1_7,hormuz_tanker_capacity,deadweight_tonnes,bootstrap_block_lower,290459167.8247383,27499733.0,0.2,0.1,30937199.624999996,0.8934886446976693,0.011834595033592299
ar_lag1_7,hormuz_tanker_capacity,deadweight_tonnes,bootstrap_block_lower,290459167.8247383,27499733.0,0.2,0.2,27499733.0,0.9053232397312616,0.0
ar_lag1_7,hormuz_tanker_capacity,deadweight_tonnes,bootstrap_block_lower,290459167.8247383,27499733.0,0.3,0.0,39285332.85714286,0.8647474853303737,0.0405757544008879
ar_lag1_7,hormuz_tanker_capacity,deadweight_tonnes,bootstrap_block_lower,290459167.8247383,27499733.0,0.3,0.05,37321066.21428572,0.871510111063855,0.0338131286674066
ar_lag1_7,hormuz_tanker_capacity,deadweight_tonnes,bootstrap_block_lower,290459167.8247383,27499733.0,0.3,0.1,35356799.571428575,0.8782727367973363,0.027050502933925302
ar_lag1_7,hormuz_tanker_capacity,deadweight_tonnes,bootstrap_block_lower,290459167.8247383,27499733.0,0.3,0.2,31428266.28571429,0.891797988264299,0.013525251466962596
ar_lag1_7,hormuz_tanker_capacity,deadweight_tonnes,bootstrap_block_lower,290459167.8247383,27499733.0,0.4,0.0,45832888.333333336,0.8422053995521027,0.06311784017915889
ar_lag1_7,hormuz_tanker_capacity,deadweight_tonnes,bootstrap_block_lower,290459167.8247383,27499733.0,0.4,0.05,43541243.916666664,0.8500951295744976,0.05522811015676399
ar_lag1_7,hormuz_tanker_capacity,deadweight_tonnes,bootstrap_block_lower,290459167.8247383,27499733.0,0.4,0.1,41249599.5,0.8579848595968924,0.047338380134369196
ar_lag1_7,hormuz_tanker_capacity,deadweight_tonnes,bootstrap_block_lower,290459167.8247383,27499733.0,0.4,0.2,36666310.66666667,0.8737643196416821,0.0315589200895795
ar_lag1_7,hormuz_tanker_capacity,deadweight_tonnes,bootstrap_block_lower,290459167.8247383,27499733.0,0.5,0.0,54999466.0,0.8106464794625232,0.09467676026873839
ar_lag1_7,hormuz_tanker_capacity,deadweight_tonnes,bootstrap_block_lower,290459167.8247383,27499733.0,0.5,0.05,52249492.699999996,0.8201141554893971,0.08520908424186446
ar_lag1_7,hormuz_tanker_capacity,deadweight_tonnes,bootstrap_block_lower,290459167.8247383,27499733.0,0.5,0.1,49499519.4,0.8295818315162709,0.07574140821499076
ar_lag1_7,hormuz_tanker_capacity,deadweight_tonnes,bootstrap_block_lower,290459167.8247383,27499733.0,0.5,0.2,43999572.800000004,0.8485171835700186,0.05680605616124301
ar_lag1_7,hormuz_tanker_capacity,deadweight_tonnes,bootstrap_block_lower,290459167.8247383,27499733.0,0.7,0.0,91665776.66666666,0.6844107991042054,0.22091244062705617
ar_lag1_7,hormuz_tanker_capacity,deadweight_tonnes,bootstrap_block_lower,290459167.8247383,27499733.0,0.7,0.05,87082487.83333331,0.7001902591489952,0.20513298058226637
ar_lag1_7,hormuz_tanker_capacity,deadweight_tonnes,bootstrap_block_lower,290459167.8247383,27499733.0,0.7,0.1,82499198.99999999,0.7159697191937848,0.18935352053747678
ar_lag1_7,hormuz_tanker_capacity,deadweight_tonnes,bootstrap_block_lower,290459167.8247383,27499733.0,0.7,0.2,73332621.33333333,0.7475286392833643,0.15779460044789728
ar_lag1_7,hormuz_tanker_capacity,deadweight_tonnes,bootstrap_block_lower,290459167.8247383,27499733.0,0.9,0.0,274997330.00000006,0.053232397312615976,0.8520908424186456
ar_lag1_7,hormuz_tanker_capacity,deadweight_tonnes,bootstrap_block_lower,290459167.8247383,27499733.0,0.9,0.05,261247463.50000003,0.10057077744698528,0.8047524622842763
ar_lag1_7,hormuz_tanker_capacity,deadweight_tonnes,bootstrap_block_lower,290459167.8247383,27499733.0,0.9,0.1,247497597.00000006,0.14790915758135437,0.7574140821499072
ar_lag1_7,hormuz_tanker_capacity,deadweight_tonnes,bootstrap_block_lower,290459167.8247383,27499733.0,0.9,0.2,219997864.00000006,0.24258591785009276,0.6627373218811689
ar_lag1_7,hormuz_tanker_capacity,deadweight_tonnes,bootstrap_block_upper,345014771.7949276,27499733.0,0.0,0.0,27499733.0,0.9202940417393332,0.0
ar_lag1_7,hormuz_tanker_capacity,deadweight_tonnes,bootstrap_block_upper,345014771.7949276,27499733.0,0.0,0.05,26124746.349999998,0.9242793396523665,-0.00398529791303337
ar_lag1_7,hormuz_tanker_capacity,deadweight_tonnes,bootstrap_block_upper,345014771.7949276,27499733.0,0.0,0.1,24749759.7,0.9282646375653998,-0.007970595826066629
ar_lag1_7,hormuz_tanker_capacity,deadweight_tonnes,bootstrap_block_upper,345014771.7949276,27499733.0,0.0,0.2,21999786.400000002,0.9362352333914665,-0.01594119165213337
ar_lag1_7,hormuz_tanker_capacity,deadweight_tonnes,bootstrap_block_upper,345014771.7949276,27499733.0,0.05,0.0,28947087.368421055,0.9160989913045612,0.004195050434771974
ar_lag1_7,hormuz_tanker_capacity,deadweight_tonnes,bootstrap_block_upper,345014771.7949276,27499733.0,0.05,0.05,27499733.0,0.9202940417393332,0.0
ar_lag1_7,hormuz_tanker_capacity,deadweight_tonnes,bootstrap_block_upper,345014771.7949276,27499733.0,0.05,0.1,26052378.63157895,0.9244890921741051,-0.004195050434771974
ar_lag1_7,hormuz_tanker_capacity,deadweight_tonnes,bootstrap_block_upper,345014771.7949276,27499733.0,0.05,0.2,23157669.894736845,0.932879193043649,-0.012585151304315811
ar_lag1_7,hormuz_tanker_capacity,deadweight_tonnes,bootstrap_block_upper,345014771.7949276,27499733.0,0.1,0.0,30555258.888888888,0.9114378241548146,0.0088562175845186
ar_lag1_7,hormuz_tanker_capacity,deadweight_tonnes,bootstrap_block_upper,345014771.7949276,27499733.0,0.1,0.05,29027495.94444444,0.9158659329470739,0.0044281087922593
ar_lag1_7,hormuz_tanker_capacity,deadweight_tonnes,bootstrap_block_upper,345014771.7949276,27499733.0,0.1,0.1,27499733.0,0.9202940417393332,0.0
ar_lag1_7,hormuz_tanker_capacity,deadweight_tonnes,bootstrap_block_upper,345014771.7949276,27499733.0,0.1,0.2,24444207.111111112,0.9291502593238516,-0.008856217584518489
ar_lag1_7,hormuz_tanker_capacity,deadweight_tonnes,bootstrap_block_upper,345014771.7949276,27499733.0,0.2,0.0,34374666.25,0.9003675521741664,0.01992648956516674
ar_lag1_7,hormuz_tanker_capacity,deadweight_tonnes,bootstrap_block_upper,345014771.7949276,27499733.0,0.2,0.05,32655932.937499996,0.9053491745654582,0.014944867173874998
ar_lag1_7,hormuz_tanker_capacity,deadweight_tonnes,bootstrap_block_upper,345014771.7949276,27499733.0,0.2,0.1,30937199.624999996,0.9103307969567498,0.00996324478258337
ar_lag1_7,hormuz_tanker_capacity,deadweight_tonnes,bootstrap_block_upper,345014771.7949276,27499733.0,0.2,0.2,27499733.0,0.9202940417393332,0.0
ar_lag1_7,hormuz_tanker_capacity,deadweight_tonnes,bootstrap_block_upper,345014771.7949276,27499733.0,0.3,0.0,39285332.85714286,0.8861343453419045,0.03415969639742866
ar_lag1_7,hormuz_tanker_capacity,deadweight_tonnes,bootstrap_block_upper,345014771.7949276,27499733.0,0.3,0.05,37321066.21428572,0.8918276280748092,0.02846641366452396
ar_lag1_7,hormuz_tanker_capacity,deadweight_tonnes,bootstrap_block_upper,345014771.7949276,27499733.0,0.3,0.1,35356799.571428575,0.897520910807714,0.022773130931619145
ar_lag1_7,hormuz_tanker_capacity,deadweight_tonnes,bootstrap_block_upper,345014771.7949276,27499733.0,0.3,0.2,31428266.28571429,0.9089074762735235,0.011386565465809628
ar_lag1_7,hormuz_tanker_capacity,deadweight_tonnes,bootstrap_block_upper,345014771.7949276,27499733.0,0.4,0.0,45832888.333333336,0.8671567362322219,0.053137305507111265
ar_lag1_7,hormuz_tanker_capacity,deadweight_tonnes,bootstrap_block_upper,345014771.7949276,27499733.0,0.4,0.05,43541243.916666664,0.8737988994206108,0.046495142318722316
ar_lag1_7,hormuz_tanker_capacity,deadweight_tonnes,bootstrap_block_upper,345014771.7949276,27499733.0,0.4,0.1,41249599.5,0.8804410626089997,0.03985297913033348
ar_lag1_7,hormuz_tanker_capacity,deadweight_tonnes,bootstrap_block_upper,345014771.7949276,27499733.0,0.4,0.2,36666310.66666667,0.8937253889857775,0.026568652753555688
ar_lag1_7,hormuz_tanker_capacity,deadweight_tonnes,bootstrap_block_upper,345014771.7949276,27499733.0,0.5,0.0,54999466.0,0.8405880834786663,0.07970595826066684
ar_lag1_7,hormuz_tanker_capacity,deadweight_tonnes,bootstrap_block_upper,345014771.7949276,27499733.0,0.5,0.05,52249492.699999996,0.8485586793047329,0.07173536243460021
ar_lag1_7,hormuz_tanker_capacity,deadweight_tonnes,bootstrap_block_upper,345014771.7949276,27499733.0,0.5,0.1,49499519.4,0.8565292751307997,0.06376476660853347
ar_lag1_7,hormuz_tanker_capacity,deadweight_tonnes,bootstrap_block_upper,345014771.7949276,27499733.0,0.5,0.2,43999572.800000004,0.872470466782933,0.047823574956400106
ar_lag1_7,hormuz_tanker_capacity,deadweight_tonnes,bootstrap_block_upper,345014771.7949276,27499733.0,0.7,0.0,91665776.66666666,0.7343134724644438,0.18598056927488937
ar_lag1_7,hormuz_tanker_capacity,deadweight_tonnes,bootstrap_block_upper,345014771.7949276,27499733.0,0.7,0.05,87082487.83333331,0.7475977988412217,0.17269624289811147
ar_lag1_7,hormuz_tanker_capacity,deadweight_tonnes,bootstrap_block_upper,345014771.7949276,27499733.0,0.7,0.1,82499198.99999999,0.7608821252179995,0.15941191652133369
ar_lag1_7,hormuz_tanker_capacity,deadweight_tonnes,bootstrap_block_upper,345014771.7949276,27499733.0,0.7,0.2,73332621.33333333,0.787450777971555,0.1328432637677781
ar_lag1_7,hormuz_tanker_capacity,deadweight_tonnes,bootstrap_block_upper,345014771.7949276,27499733.0,0.9,0.0,274997330.00000006,0.20294041739333124,0.7173536243460019
ar_lag1_7,hormuz_tanker_capacity,deadweight_tonnes,bootstrap_block_upper,345014771.7949276,27499733.0,0.9,0.05,261247463.50000003,0.24279339652366472,0.6775006452156684
ar_lag1_7,hormuz_tanker_capacity,deadweight_tonnes,bootstrap_block_upper,345014771.7949276,27499733.0,0.9,0.1,247497597.00000006,0.2826463756539981,0.6376476660853351
ar_lag1_7,hormuz_tanker_capacity,deadweight_tonnes,bootstrap_block_upper,345014771.7949276,27499733.0,0.9,0.2,219997864.00000006,0.3623523339146649,0.5579417078246682
