terminal_pair,support_status,pre_sequences,post_sequences,pre_share,post_share,pre_mean_burden,post_mean_burden,terminal_radius_km,cohort
T100000130212 -> T100000130446,common,3,2,0.0031645569620253164,0.0027548209366391185,847955570.752264,862575494.3859237,30,all_retained
T100000130212 -> T100000130498,common,3,4,0.0031645569620253164,0.005509641873278237,928430845.6262589,927630474.2076155,30,all_retained
T100000130212 -> T100000130522,common,2,1,0.002109704641350211,0.0013774104683195593,873988183.5446105,910622418.7830074,30,all_retained
T100000130212 -> T100000130557,common,1,1,0.0010548523206751054,0.0013774104683195593,811972918.1078398,811972918.1078398,30,all_retained
T100000130212 -> T100000130685,common,1,2,0.0010548523206751054,0.0027548209366391185,1170562912.3748732,1168544700.4569855,30,all_retained
T100000130214 -> T100000130426,common,1,1,0.0010548523206751054,0.0013774104683195593,862408635.8866409,862408635.8866409,30,all_retained
T100000130214 -> T100000130446,common,3,1,0.0031645569620253164,0.0013774104683195593,862733439.539948,851961512.3720258,30,all_retained
T100000130214 -> T100000130456,common,1,1,0.0010548523206751054,0.0013774104683195593,832143291.5082123,860837887.7671163,30,all_retained
T100000130214 -> T100000130492,common,1,1,0.0010548523206751054,0.0013774104683195593,851940309.8416162,867901720.7988361,30,all_retained
T100000130214 -> T100000130532,common,2,1,0.002109704641350211,0.0013774104683195593,812995747.9280459,810192314.3145009,30,all_retained
T100000130214 -> T100000130566,common,4,4,0.004219409282700422,0.005509641873278237,275954911.01096654,291161098.5192492,30,all_retained
T100000130214 -> T100000130575,common,5,5,0.005274261603375527,0.006887052341597796,263922735.56673646,256441932.404414,30,all_retained
T100000130214 -> T100000130662,common,2,2,0.002109704641350211,0.0027548209366391185,1809797454.407868,1707457717.402661,30,all_retained
T100000130214 -> T100000130685,common,1,2,0.0010548523206751054,0.0027548209366391185,1174568853.994635,1174568853.994635,30,all_retained
T100000130216 -> T100000130317,common,2,1,0.002109704641350211,0.0013774104683195593,1789539723.770903,1837591690.387354,30,all_retained
T100000130216 -> T100000130320,common,1,2,0.0010548523206751054,0.0027548209366391185,1920621991.4129329,1995312846.6345468,30,all_retained
T100000130216 -> T100000130321,common,1,4,0.0010548523206751054,0.005509641873278237,2454751402.338942,2332013832.221995,30,all_retained
T100000130216 -> T100000130446,common,2,5,0.002109704641350211,0.006887052341597796,904761377.5981636,882041814.1162542,30,all_retained
T100000130216 -> T100000130474,common,2,3,0.002109704641350211,0.004132231404958678,975130906.267003,1021019419.5030975,30,all_retained
T100000130216 -> T100000130492,common,3,5,0.0031645569620253164,0.006887052341597796,866658581.8135848,898117605.9250858,30,all_retained
T100000130216 -> T100000130500,common,2,2,0.002109704641350211,0.0027548209366391185,816222843.0673133,816222843.0673133,30,all_retained
T100000130216 -> T100000130528,common,2,1,0.002109704641350211,0.0013774104683195593,880773604.5113931,880773604.5113931,30,all_retained
T100000130216 -> T100000130562,common,2,1,0.002109704641350211,0.0013774104683195593,305445057.80176777,312632000.33827996,30,all_retained
T100000130216 -> T100000131096,common,3,1,0.0031645569620253164,0.0013774104683195593,1021378530.8337688,1032854694.101564,30,all_retained
T100000130217 -> T100000130427,common,2,4,0.002109704641350211,0.005509641873278237,1488936273.066986,1483626229.2971325,30,all_retained
T100000130217 -> T100000130492,common,1,1,0.0010548523206751054,0.0013774104683195593,620058066.6778487,617919935.4134424,30,all_retained
T100000130217 -> T100000130557,common,2,1,0.002109704641350211,0.0013774104683195593,566963608.2315272,586514077.4808902,30,all_retained
T100000130224 -> T100000130426,common,1,3,0.0010548523206751054,0.004132231404958678,890034342.3744879,858241425.4631977,30,all_retained
T100000130224 -> T100000130430,common,2,3,0.002109704641350211,0.004132231404958678,1140201201.4262984,1119587394.3948624,30,all_retained
T100000130224 -> T100000130446,common,4,2,0.004219409282700422,0.0027548209366391185,881621035.7479689,892780795.6941458,30,all_retained
T100000130224 -> T100000130448,common,1,2,0.0010548523206751054,0.0027548209366391185,972155472.508228,952416275.0968933,30,all_retained
T100000130224 -> T100000130456,common,1,1,0.0010548523206751054,0.0013774104683195593,872279187.9039941,840295617.6808476,30,all_retained
T100000130224 -> T100000130460,common,2,3,0.002109704641350211,0.004132231404958678,908574053.335304,917973095.2663589,30,all_retained
T100000130224 -> T100000130492,common,4,3,0.004219409282700422,0.004132231404958678,901693410.926497,869700554.142924,30,all_retained
T100000130224 -> T100000130517,common,2,1,0.002109704641350211,0.0013774104683195593,1676224119.464438,1676224119.464438,30,all_retained
T100000130224 -> T100000130575,common,1,2,0.0010548523206751054,0.0027548209366391185,263485723.6132061,263485723.6132061,30,all_retained
T100000130224 -> T100000130618,common,1,1,0.0010548523206751054,0.0013774104683195593,1187748879.6968074,1183653193.9047494,30,all_retained
T100000130240 -> T100000130291,common,1,1,0.0010548523206751054,0.0013774104683195593,2344984065.8708153,2040136137.307609,30,all_retained
T100000130240 -> T100000130313,common,3,3,0.0031645569620253164,0.004132231404958678,1674909266.9468956,1601838235.3973427,30,all_retained
T100000130240 -> T100000130321,common,1,3,0.0010548523206751054,0.004132231404958678,2195504626.899451,2333740103.4079347,30,all_retained
T100000130240 -> T100000130446,common,3,2,0.0031645569620253164,0.0027548209366391185,851561963.7629544,877149567.2674105,30,all_retained
T100000130240 -> T100000130448,common,1,1,0.0010548523206751054,0.0013774104683195593,974262252.7328614,941786844.3084328,30,all_retained
T100000130240 -> T100000130456,common,2,2,0.002109704641350211,0.0027548209366391185,845255210.5689576,830928851.0677888,30,all_retained
T100000130240 -> T100000130467,common,1,1,0.0010548523206751054,0.0013774104683195593,1490104048.6690552,1620488152.9275978,30,all_retained
T100000130240 -> T100000130492,common,13,7,0.013713080168776372,0.009641873278236915,867875048.0724317,877574238.8062646,30,all_retained
T100000130240 -> T100000130498,common,7,2,0.007383966244725738,0.0027548209366391185,990857275.4187635,929616791.0352428,30,all_retained
T100000130240 -> T100000130500,common,1,1,0.0010548523206751054,0.0013774104683195593,792367249.9873577,814225656.8835607,30,all_retained
T100000130240 -> T100000130522,common,3,2,0.0031645569620253164,0.0027548209366391185,920763227.3643417,913413919.9623458,30,all_retained
T100000130240 -> T100000130524,common,1,2,0.0010548523206751054,0.0027548209366391185,869214067.9771489,860463590.7827481,30,all_retained
T100000130240 -> T100000130545,common,1,2,0.0010548523206751054,0.0027548209366391185,1119933678.553796,1143184896.7936673,30,all_retained
T100000130240 -> T100000130553,common,1,1,0.0010548523206751054,0.0013774104683195593,865932645.2241158,885612932.615573,30,all_retained
T100000130240 -> T100000130557,common,4,1,0.004219409282700422,0.0013774104683195593,813593780.7537194,814764419.287178,30,all_retained
T100000130240 -> T100000130575,common,5,1,0.005274261603375527,0.0013774104683195593,244880938.3908332,258224000.954576,30,all_retained
T100000130240 -> T100000130685,common,6,7,0.006329113924050633,0.009641873278236915,1173354413.5542114,1161216264.4484782,30,all_retained
T100000130240 -> T100000130926,common,2,1,0.002109704641350211,0.0013774104683195593,592333415.1198616,582293865.7110504,30,all_retained
T100000130242 -> T100000130272,common,1,2,0.0010548523206751054,0.0027548209366391185,1954020835.7126968,1954020835.7126968,30,all_retained
T100000130242 -> T100000130426,common,5,1,0.005274261603375527,0.0013774104683195593,804060502.1802046,827442677.0210532,30,all_retained
T100000130242 -> T100000130446,common,3,4,0.0031645569620253164,0.005509641873278237,788132345.0128169,819858676.956338,30,all_retained
T100000130242 -> T100000130448,common,5,1,0.005274261603375527,0.0013774104683195593,876765932.7259715,910898449.3331684,30,all_retained
T100000130242 -> T100000130456,common,3,4,0.0031645569620253164,0.005509641873278237,777663845.6347642,800040456.0925244,30,all_retained
T100000130242 -> T100000130458,common,3,1,0.0031645569620253164,0.0013774104683195593,864974676.3667188,864974676.3667188,30,all_retained
T100000130242 -> T100000130460,common,1,2,0.0010548523206751054,0.0027548209366391185,865411294.4539676,880332178.841105,30,all_retained
T100000130242 -> T100000130466,common,2,3,0.002109704641350211,0.004132231404958678,1080806032.0439312,1079563726.2599728,30,all_retained
T100000130242 -> T100000130474,common,1,1,0.0010548523206751054,0.0013774104683195593,940078308.7097272,943331174.8298302,30,all_retained
T100000130242 -> T100000130492,common,1,2,0.0010548523206751054,0.0027548209366391185,835798885.3831483,835798885.3831483,30,all_retained
T100000130242 -> T100000130575,common,1,1,0.0010548523206751054,0.0013774104683195593,239681495.27159935,244227178.80261248,30,all_retained
T100000130243 -> T100000130430,common,1,2,0.0010548523206751054,0.0027548209366391185,216479828.22990653,236099690.4625559,30,all_retained
T100000130243 -> T100000130448,common,3,5,0.0031645569620253164,0.006887052341597796,94494551.94366138,88081243.0049938,30,all_retained
T100000130243 -> T100000130522,common,1,2,0.0010548523206751054,0.0027548209366391185,66480365.721490994,59940678.988701716,30,all_retained
T100000130243 -> T100000130536,common,1,1,0.0010548523206751054,0.0013774104683195593,46615940.42719263,45246432.572834425,30,all_retained
T100000130243 -> T100000130541,common,3,1,0.0031645569620253164,0.0013774104683195593,221258547.41127595,249478572.1631407,30,all_retained
T100000130243 -> T100000130545,common,7,3,0.007383966244725738,0.004132231404958678,243634144.3799266,249958741.14659867,30,all_retained
T100000130243 -> T100000130553,common,3,2,0.0031645569620253164,0.0027548209366391185,236730098.85423264,272466933.78622484,30,all_retained
T100000130243 -> T100000130618,common,1,2,0.0010548523206751054,0.0027548209366391185,318513917.0971856,295802651.18076813,30,all_retained
T100000130245 -> T100000130427,common,1,4,0.0010548523206751054,0.005509641873278237,1062464728.9355862,1063128769.391171,30,all_retained
T100000130245 -> T100000130536,common,1,1,0.0010548523206751054,0.0013774104683195593,674400782.4569758,674400782.4569758,30,all_retained
T100000130252 -> T100000130321,common,1,1,0.0010548523206751054,0.0013774104683195593,1542333717.890762,1542333717.890762,30,all_retained
T100000130252 -> T100000130448,common,1,1,0.0010548523206751054,0.0013774104683195593,730341813.273204,732868947.5751873,30,all_retained
T100000130259 -> T100000130291,common,1,3,0.0010548523206751054,0.004132231404958678,1157534644.8648822,1366328719.1041033,30,all_retained
T100000130259 -> T100000130313,common,1,1,0.0010548523206751054,0.0013774104683195593,1493736063.8024,1843333865.9689193,30,all_retained
T100000130259 -> T100000130321,common,2,2,0.002109704641350211,0.0027548209366391185,1441170645.1171107,1425583199.9443362,30,all_retained
T100000130259 -> T100000130426,common,1,1,0.0010548523206751054,0.0013774104683195593,769794187.7632574,765370083.2358823,30,all_retained
T100000130259 -> T100000130427,common,6,7,0.006329113924050633,0.009641873278236915,1104120060.6279092,1136898135.605423,30,all_retained
T100000130259 -> T100000130448,common,4,2,0.004219409282700422,0.0027548209366391185,654381727.2211845,591140152.0221348,30,all_retained
T100000130259 -> T100000130455,common,1,1,0.0010548523206751054,0.0013774104683195593,1276081250.3471107,1040043099.993888,30,all_retained
T100000130259 -> T100000130500,common,7,6,0.007383966244725738,0.008264462809917356,586968565.3515447,565393874.7931157,30,all_retained
T100000130259 -> T100000130522,common,1,2,0.0010548523206751054,0.0027548209366391185,572457658.2278758,553231869.8432522,30,all_retained
T100000130259 -> T100000130526,common,1,1,0.0010548523206751054,0.0013774104683195593,642930721.9785342,529600560.81621635,30,all_retained
T100000130259 -> T100000130532,common,3,2,0.0031645569620253164,0.0027548209366391185,531196265.6919326,547562547.2255113,30,all_retained
T100000130273 -> T100000130320,common,1,2,0.0010548523206751054,0.0027548209366391185,202156104.46105587,190658476.01983333,30,all_retained
T100000130273 -> T100000130467,common,1,3,0.0010548523206751054,0.004132231404958678,390016044.3909509,376914730.23828334,30,all_retained
T100000130273 -> T100000130481,common,1,1,0.0010548523206751054,0.0013774104683195593,348111141.11905825,366582344.5253756,30,all_retained
T100000130278 -> T100000130284,common,1,2,0.0010548523206751054,0.0027548209366391185,126436300.4980372,128095937.64637528,30,all_retained
T100000130278 -> T100000130320,common,1,1,0.0010548523206751054,0.0013774104683195593,257540245.99624217,257540245.99624217,30,all_retained
T100000130278 -> T100000130467,common,2,1,0.002109704641350211,0.0013774104683195593,458701970.85053486,458701970.85053486,30,all_retained
T100000130294 -> T100000130291,common,4,2,0.004219409282700422,0.0027548209366391185,99244807.83898069,89722773.48319787,30,all_retained
T100000130294 -> T100000130310,common,3,1,0.0031645569620253164,0.0013774104683195593,369371251.0517695,341631021.46873176,30,all_retained
T100000130294 -> T100000130312,common,2,5,0.002109704641350211,0.006887052341597796,332426999.6008817,373859929.9859192,30,all_retained
T100000130294 -> T100000130313,common,7,4,0.007383966244725738,0.005509641873278237,322182166.19158125,329009312.76709133,30,all_retained
T100000130294 -> T100000130314,common,1,2,0.0010548523206751054,0.0027548209366391185,399517248.2744633,370427398.6344789,30,all_retained
T100000130294 -> T100000130321,common,3,2,0.0031645569620253164,0.0027548209366391185,211558698.5570867,214690967.99901766,30,all_retained
T100000130294 -> T100000130405,common,8,8,0.008438818565400843,0.011019283746556474,291186488.0987339,299158079.7538636,30,all_retained
T100000130294 -> T100000130414,common,2,1,0.002109704641350211,0.0013774104683195593,332870454.58380634,332870454.58380634,30,all_retained
T100000130294 -> T100000130467,common,6,4,0.006329113924050633,0.005509641873278237,389113918.6082925,408189813.2615831,30,all_retained
T100000130294 -> T100000130475,common,1,1,0.0010548523206751054,0.0013774104683195593,368688642.8740604,335737095.41719127,30,all_retained
T100000130294 -> T100000130513,common,2,1,0.002109704641350211,0.0013774104683195593,347884615.5791223,310398078.4165127,30,all_retained
T100000130294 -> T100000130525,common,4,1,0.004219409282700422,0.0013774104683195593,328849086.6760105,404231415.7755883,30,all_retained
T100000130294 -> T100000130710,common,2,1,0.002109704641350211,0.0013774104683195593,328591438.4129665,328591438.4129665,30,all_retained
T100000130304 -> T100000130320,common,4,4,0.004219409282700422,0.005509641873278237,496879742.02481496,511227333.35987806,30,all_retained
T100000130304 -> T100000130404,common,4,4,0.004219409282700422,0.005509641873278237,623377995.3592838,626156797.7160116,30,all_retained
T100000130304 -> T100000130467,common,6,4,0.006329113924050633,0.005509641873278237,581801504.1992275,567639604.1701828,30,all_retained
T100000130304 -> T100000130481,common,4,3,0.004219409282700422,0.004132231404958678,529529125.29216915,552264567.8300843,30,all_retained
T100000130304 -> T100000130517,common,1,2,0.0010548523206751054,0.0027548209366391185,606583679.3309429,563029560.4952618,30,all_retained
T100000130333 -> T100000130290,common,1,3,0.0010548523206751054,0.004132231404958678,537027571.9014378,579906231.8404909,30,all_retained
T100000130333 -> T100000130291,common,10,10,0.010548523206751054,0.013774104683195593,584448176.1365337,576420332.0399538,30,all_retained
T100000130333 -> T100000130310,common,1,2,0.0010548523206751054,0.0027548209366391185,750315075.2505271,736538103.5298254,30,all_retained
T100000130333 -> T100000130312,common,3,4,0.0031645569620253164,0.005509641873278237,699287141.7832936,630645459.1542586,30,all_retained
T100000130333 -> T100000130313,common,9,4,0.00949367088607595,0.005509641873278237,593698883.1349543,624250244.814328,30,all_retained
T100000130333 -> T100000130314,common,1,1,0.0010548523206751054,0.0013774104683195593,575219574.4776218,741394118.2156014,30,all_retained
T100000130333 -> T100000130321,common,1,3,0.0010548523206751054,0.004132231404958678,729823026.9818872,726166880.7966214,30,all_retained
T100000130333 -> T100000130379,common,1,1,0.0010548523206751054,0.0013774104683195593,664131381.3931361,717261891.904587,30,all_retained
T100000130333 -> T100000130386,common,3,2,0.0031645569620253164,0.0027548209366391185,706019930.7704757,711136017.2253343,30,all_retained
T100000130333 -> T100000130392,common,1,1,0.0010548523206751054,0.0013774104683195593,708829175.5632737,711690654.3573583,30,all_retained
T100000130333 -> T100000130404,common,5,2,0.005274261603375527,0.0027548209366391185,702584129.4260873,743766854.755453,30,all_retained
T100000130333 -> T100000130411,common,4,5,0.004219409282700422,0.006887052341597796,772134828.479362,774493016.3913968,30,all_retained
T100000130333 -> T100000130421,common,1,1,0.0010548523206751054,0.0013774104683195593,685818329.2799662,630275316.9718242,30,all_retained
T100000130333 -> T100000130423,common,7,6,0.007383966244725738,0.008264462809917356,662800265.728803,657062684.5130546,30,all_retained
T100000130333 -> T100000130467,common,2,2,0.002109704641350211,0.0027548209366391185,656136011.6048818,614158433.917192,30,all_retained
T100000130333 -> T100000130811,common,2,2,0.002109704641350211,0.0027548209366391185,726156006.6169398,781804496.3326577,30,all_retained
T100000130333 -> T100000130943,common,4,4,0.004219409282700422,0.005509641873278237,663968479.5003443,664541112.945364,30,all_retained
T100000130333 -> T100000130958,common,2,1,0.002109704641350211,0.0013774104683195593,695584938.821379,599297764.6364552,30,all_retained
T100000130333 -> T100000130968,common,1,2,0.0010548523206751054,0.0027548209366391185,559229515.8476769,551837401.5577363,30,all_retained
T100000130334 -> T100000130291,common,4,7,0.004219409282700422,0.009641873278236915,322216194.3089026,317086848.2345206,30,all_retained
T100000130334 -> T100000130310,common,7,1,0.007383966244725738,0.0013774104683195593,631075812.271472,603900298.8243752,30,all_retained
T100000130334 -> T100000130317,common,1,3,0.0010548523206751054,0.004132231404958678,512019752.3174243,497306541.0439351,30,all_retained
T100000130334 -> T100000130320,common,3,4,0.0031645569620253164,0.005509641873278237,469609334.8897633,495498176.4348696,30,all_retained
T100000130334 -> T100000130321,common,2,1,0.002109704641350211,0.0013774104683195593,437480665.48513925,445938112.4453089,30,all_retained
T100000130334 -> T100000130384,common,1,1,0.0010548523206751054,0.0013774104683195593,511743454.5497342,520566617.5592124,30,all_retained
T100000130334 -> T100000130467,common,7,6,0.007383966244725738,0.008264462809917356,664808498.416688,664369718.7029718,30,all_retained
T100000130334 -> T100000130531,common,1,2,0.0010548523206751054,0.0027548209366391185,640550954.9168754,661851936.7905957,30,all_retained
T100000130337 -> T100000130312,common,3,1,0.0031645569620253164,0.0013774104683195593,582170694.1120692,561851027.3285108,30,all_retained
T100000130337 -> T100000130313,common,1,1,0.0010548523206751054,0.0013774104683195593,608776690.9290751,587809759.5798563,30,all_retained
T100000130337 -> T100000130314,common,2,1,0.002109704641350211,0.0013774104683195593,633567330.8757234,619229721.5531535,30,all_retained
T100000130337 -> T100000130320,common,8,3,0.008438818565400843,0.004132231404958678,448572340.9723386,443560485.0658888,30,all_retained
T100000130337 -> T100000130321,common,2,1,0.002109704641350211,0.0013774104683195593,402416199.57691586,419283944.4693614,30,all_retained
T100000130337 -> T100000130384,common,16,15,0.016877637130801686,0.02066115702479339,411681198.7743842,421674549.18720573,30,all_retained
T100000130337 -> T100000130395,common,1,1,0.0010548523206751054,0.0013774104683195593,445002231.2155076,445559180.19074607,30,all_retained
T100000130337 -> T100000130463,common,2,1,0.002109704641350211,0.0013774104683195593,643457078.0960629,668516820.5024403,30,all_retained
T100000130337 -> T100000130467,common,7,2,0.007383966244725738,0.0027548209366391185,631517302.1325821,633829140.9445379,30,all_retained
T100000130337 -> T100000130481,common,1,2,0.0010548523206751054,0.0027548209366391185,659474387.1766987,589357857.5056129,30,all_retained
T100000130337 -> T100000130503,common,1,1,0.0010548523206751054,0.0013774104683195593,638733146.8593279,598209291.6205186,30,all_retained
T100000130337 -> T100000130517,common,3,3,0.0031645569620253164,0.004132231404958678,613620082.3869804,587810083.0453424,30,all_retained
T100000130337 -> T100000130525,common,1,1,0.0010548523206751054,0.0013774104683195593,596794564.9610085,596794564.9610085,30,all_retained
T100000130344 -> T100000130317,common,3,1,0.0031645569620253164,0.0013774104683195593,441008278.7529638,478381861.69813025,30,all_retained
T100000130344 -> T100000130320,common,3,1,0.0031645569620253164,0.0013774104683195593,466866442.84990066,463582731.832752,30,all_retained
T100000130344 -> T100000130463,common,3,3,0.0031645569620253164,0.004132231404958678,580381293.7349848,655683502.1231483,30,all_retained
T100000130344 -> T100000130467,common,11,6,0.011603375527426161,0.008264462809917356,674317142.0467287,642681464.3349895,30,all_retained
T100000130494 -> T100000130492,common,2,2,0.002109704641350211,0.0027548209366391185,197323957.3069235,197462236.18380293,30,all_retained
T100000130494 -> T100000130553,common,1,1,0.0010548523206751054,0.0013774104683195593,213073812.230568,238268350.8389122,30,all_retained
T100000130494 -> T100000131064,common,1,2,0.0010548523206751054,0.0027548209366391185,284002667.31234974,284002667.31234974,30,all_retained
T100000130512 -> T100000130392,common,3,8,0.0031645569620253164,0.011019283746556474,209855180.86487576,208172721.2251832,30,all_retained
T100000130512 -> T100000130463,common,4,4,0.004219409282700422,0.005509641873278237,161744526.89064297,161579985.15423334,30,all_retained
T100000130512 -> T100000130467,common,5,6,0.005274261603375527,0.008264462809917356,138370503.64590088,137917695.88921943,30,all_retained
T100000130512 -> T100000130475,common,2,1,0.002109704641350211,0.0013774104683195593,156320305.09368744,156320305.09368744,30,all_retained
T100000130512 -> T100000130477,common,2,1,0.002109704641350211,0.0013774104683195593,95813843.26766075,95289554.11161336,30,all_retained
T100000130512 -> T100000130485,common,1,1,0.0010548523206751054,0.0013774104683195593,119753504.21050976,119753504.21050976,30,all_retained
T100000130512 -> T100000130509,common,2,1,0.002109704641350211,0.0013774104683195593,171716619.7726243,172479283.27007705,30,all_retained
T100000130512 -> T100000130811,common,3,3,0.0031645569620253164,0.004132231404958678,235274989.72373733,263662629.32890186,30,all_retained
T100000130518 -> T100000130426,common,14,15,0.014767932489451477,0.02066115702479339,453535119.5031572,453196351.4663468,30,all_retained
T100000130518 -> T100000130446,common,11,10,0.011603375527426161,0.013774104683195593,456891001.8210043,457209762.98506546,30,all_retained
T100000130518 -> T100000130456,common,6,7,0.006329113924050633,0.009641873278236915,537573871.6293352,537529248.5803081,30,all_retained
T100000130518 -> T100000130492,common,5,6,0.005274261603375527,0.008264462809917356,449284862.9340226,449284862.9340226,30,all_retained
T100000130518 -> T100000130524,common,5,6,0.005274261603375527,0.008264462809917356,563808485.0701218,563742971.6509875,30,all_retained
T100000130518 -> T100000130534,common,3,5,0.0031645569620253164,0.006887052341597796,566190517.1812803,566190517.1812803,30,all_retained
T100000130579 -> T100000130312,common,1,1,0.0010548523206751054,0.0013774104683195593,1703443726.4147396,1703443726.4147396,30,all_retained
T100000130579 -> T100000130492,common,1,1,0.0010548523206751054,0.0013774104683195593,739687772.936688,728592456.3426375,30,all_retained
T100000130579 -> T100000130557,common,1,1,0.0010548523206751054,0.0013774104683195593,669760081.7308125,665910885.8587964,30,all_retained
T100000130579 -> T100000130560,common,4,3,0.004219409282700422,0.004132231404958678,681306284.4952174,680326551.5580659,30,all_retained
T100000130579 -> T100000130562,common,1,5,0.0010548523206751054,0.006887052341597796,167953351.35448107,170154119.4067122,30,all_retained
T100000130593 -> T100000130312,common,2,1,0.002109704641350211,0.0013774104683195593,939942866.0986784,883016768.9155273,30,all_retained
T100000130593 -> T100000130320,common,2,2,0.002109704641350211,0.0027548209366391185,768574134.0079565,768574134.0079566,30,all_retained
T100000130593 -> T100000130321,common,4,3,0.004219409282700422,0.004132231404958678,653747916.6567568,622023918.3194388,30,all_retained
T100000130593 -> T100000130427,common,3,5,0.0031645569620253164,0.006887052341597796,139298538.03434598,136037128.71987763,30,all_retained
T100000130593 -> T100000130439,common,2,2,0.002109704641350211,0.0027548209366391185,135486183.06376195,144877982.511452,30,all_retained
T100000130593 -> T100000130447,common,2,1,0.002109704641350211,0.0013774104683195593,223990958.98807895,223990958.98807895,30,all_retained
T100000130593 -> T100000130467,common,1,1,0.0010548523206751054,0.0013774104683195593,969535388.0905194,970141347.708076,30,all_retained
T100000130593 -> T100000130477,common,1,1,0.0010548523206751054,0.0013774104683195593,1075616000.685357,1073134764.2362562,30,all_retained
T100000130594 -> T100000130299,common,15,1,0.015822784810126583,0.0013774104683195593,138243174.02015147,130339255.78548571,30,all_retained
T100000130594 -> T100000130671,common,2,3,0.002109704641350211,0.004132231404958678,36519856.75836092,40004083.37488299,30,all_retained
T100000130212 -> T100000130458,post_only_entry,0,1,0.0,0.0013774104683195593,,893071570.1626447,30,all_retained
T100000130212 -> T100000130466,post_only_entry,0,1,0.0,0.0013774104683195593,,1105079122.647306,30,all_retained
T100000130212 -> T100000130474,post_only_entry,0,1,0.0,0.0013774104683195593,,971428068.625756,30,all_retained
T100000130212 -> T100000130500,post_only_entry,0,1,0.0,0.0013774104683195593,,786853073.8121296,30,all_retained
T100000130212 -> T100000130575,post_only_entry,0,2,0.0,0.0027548209366391185,,258756686.09519732,30,all_retained
T100000130214 -> T100000130312,post_only_entry,0,1,0.0,0.0013774104683195593,,1757884659.4996774,30,all_retained
T100000130214 -> T100000130321,post_only_entry,0,2,0.0,0.0027548209366391185,,2123535579.776559,30,all_retained
T100000130214 -> T100000130427,post_only_entry,0,1,0.0,0.0013774104683195593,,1660925363.0974116,30,all_retained
T100000130214 -> T100000130458,post_only_entry,0,1,0.0,0.0013774104683195593,,912544365.4338276,30,all_retained
T100000130214 -> T100000130462,post_only_entry,0,1,0.0,0.0013774104683195593,,1106221615.8948796,30,all_retained
T100000130214 -> T100000130481,post_only_entry,0,1,0.0,0.0013774104683195593,,1704843355.984936,30,all_retained
T100000130214 -> T100000130498,post_only_entry,0,1,0.0,0.0013774104683195593,,932436787.2460208,30,all_retained
T100000130214 -> T100000130500,post_only_entry,0,1,0.0,0.0013774104683195593,,777710056.6192256,30,all_retained
T100000130214 -> T100000130503,post_only_entry,0,1,0.0,0.0013774104683195593,,1650786950.264686,30,all_retained
T100000130214 -> T100000130526,post_only_entry,0,1,0.0,0.0013774104683195593,,863950282.3320432,30,all_retained
T100000130214 -> T100000130560,post_only_entry,0,1,0.0,0.0013774104683195593,,730440788.3929144,30,all_retained
T100000130214 -> T100000130926,post_only_entry,0,1,0.0,0.0013774104683195593,,583508306.151474,30,all_retained
T100000130214 -> T100000131064,post_only_entry,0,1,0.0,0.0013774104683195593,,1000401032.362904,30,all_retained
T100000130214 -> T100000131141,post_only_entry,0,1,0.0,0.0013774104683195593,,930830394.3455732,30,all_retained
T100000130216 -> T100000130272,post_only_entry,0,1,0.0,0.0013774104683195593,,2008764823.7679176,30,all_retained
T100000130216 -> T100000130314,post_only_entry,0,1,0.0,0.0013774104683195593,,1692150704.8877623,30,all_retained
T100000130216 -> T100000130427,post_only_entry,0,1,0.0,0.0013774104683195593,,1980054152.3169043,30,all_retained
T100000130216 -> T100000130458,post_only_entry,0,2,0.0,0.0027548209366391185,,935575882.7740417,30,all_retained
T100000130216 -> T100000130466,post_only_entry,0,1,0.0,0.0013774104683195593,,1135550020.0991514,30,all_retained
T100000130216 -> T100000130524,post_only_entry,0,1,0.0,0.0013774104683195593,,869735055.2053694,30,all_retained
T100000130216 -> T100000130557,post_only_entry,0,3,0.0,0.004132231404958678,,857898633.3410912,30,all_retained
T100000130216 -> T100000130560,post_only_entry,0,1,0.0,0.0013774104683195593,,742538928.6512344,30,all_retained
T100000130216 -> T100000130575,post_only_entry,0,1,0.0,0.0013774104683195593,,253641808.216994,30,all_retained
T100000130216 -> T100000130618,post_only_entry,0,1,0.0,0.0013774104683195593,,1378540355.023783,30,all_retained
T100000130216 -> T100000130662,post_only_entry,0,1,0.0,0.0013774104683195593,,1897074230.4191096,30,all_retained
T100000130216 -> T100000130685,post_only_entry,0,2,0.0,0.0027548209366391185,,1195145851.4503152,30,all_retained
T100000130217 -> T100000130536,post_only_entry,0,2,0.0,0.0027548209366391185,,597653742.415139,30,all_retained
T100000130217 -> T100000130685,post_only_entry,0,2,0.0,0.0027548209366391185,,969308029.294804,30,all_retained
T100000130221 -> T100000130462,post_only_entry,0,2,0.0,0.0027548209366391185,,884627706.0593913,30,all_retained
T100000130221 -> T100000130466,post_only_entry,0,1,0.0,0.0013774104683195593,,936399013.3996776,30,all_retained
T100000130221 -> T100000130474,post_only_entry,0,1,0.0,0.0013774104683195593,,796169245.3021783,30,all_retained
T100000130224 -> T100000130291,post_only_entry,0,1,0.0,0.0013774104683195593,,2123183277.1176016,30,all_retained
T100000130224 -> T100000130313,post_only_entry,0,1,0.0,0.0013774104683195593,,1620334497.0717082,30,all_retained
T100000130224 -> T100000130427,post_only_entry,0,1,0.0,0.0013774104683195593,,1711065883.3418229,30,all_retained
T100000130224 -> T100000130458,post_only_entry,0,3,0.0,0.004132231404958678,,918575796.5727454,30,all_retained
T100000130224 -> T100000130463,post_only_entry,0,1,0.0,0.0013774104683195593,,1645886859.1313214,30,all_retained
T100000130224 -> T100000130466,post_only_entry,0,2,0.0,0.0027548209366391185,,1098453407.4531136,30,all_retained
T100000130224 -> T100000130474,post_only_entry,0,2,0.0,0.0027548209366391185,,984793082.1013196,30,all_retained
T100000130224 -> T100000130533,post_only_entry,0,1,0.0,0.0013774104683195593,,1651952850.1661763,30,all_retained
T100000130224 -> T100000130534,post_only_entry,0,1,0.0,0.0013774104683195593,,814048550.8174236,30,all_retained
T100000130224 -> T100000130536,post_only_entry,0,1,0.0,0.0013774104683195593,,903664221.55799,30,all_retained
T100000130224 -> T100000130684,post_only_entry,0,1,0.0,0.0013774104683195593,,192328348.7151442,30,all_retained
T100000130240 -> T100000130320,post_only_entry,0,1,0.0,0.0013774104683195593,,1843288677.6670911,30,all_retained
T100000130240 -> T100000130392,post_only_entry,0,1,0.0,0.0013774104683195593,,1765620989.13882,30,all_retained
T100000130240 -> T100000130427,post_only_entry,0,1,0.0,0.0013774104683195593,,1698791519.4357507,30,all_retained
T100000130240 -> T100000130430,post_only_entry,0,1,0.0,0.0013774104683195593,,1019403580.163913,30,all_retained
T100000130240 -> T100000130439,post_only_entry,0,1,0.0,0.0013774104683195593,,1691786531.7713163,30,all_retained
T100000130240 -> T100000130458,post_only_entry,0,4,0.0,0.005509641873278237,,895090775.5908263,30,all_retained
T100000130240 -> T100000130460,post_only_entry,0,1,0.0,0.0013774104683195593,,896299689.429232,30,all_retained
T100000130240 -> T100000130462,post_only_entry,0,1,0.0,0.0013774104683195593,,1068133121.5912932,30,all_retained
T100000130240 -> T100000130466,post_only_entry,0,3,0.0,0.004132231404958678,,1124472523.8814852,30,all_retained
T100000130240 -> T100000130533,post_only_entry,0,1,0.0,0.0013774104683195593,,1693035246.8140955,30,all_retained
T100000130242 -> T100000130309,post_only_entry,0,1,0.0,0.0013774104683195593,,1785097065.1200922,30,all_retained
T100000130242 -> T100000130312,post_only_entry,0,1,0.0,0.0013774104683195593,,1737234204.7224553,30,all_retained
T100000130242 -> T100000130317,post_only_entry,0,1,0.0,0.0013774104683195593,,1804843095.351812,30,all_retained
T100000130242 -> T100000130427,post_only_entry,0,1,0.0,0.0013774104683195593,,1667903124.460486,30,all_retained
T100000130242 -> T100000130528,post_only_entry,0,1,0.0,0.0013774104683195593,,796670496.3057932,30,all_retained
T100000130242 -> T100000130532,post_only_entry,0,1,0.0,0.0013774104683195593,,778200178.3312811,30,all_retained
T100000130242 -> T100000130566,post_only_entry,0,1,0.0,0.0013774104683195593,,266759291.0521664,30,all_retained
T100000130242 -> T100000130685,post_only_entry,0,6,0.0,0.008264462809917356,,1140496249.5813973,30,all_retained
T100000130242 -> T100000131096,post_only_entry,0,1,0.0,0.0013774104683195593,,943682216.2429582,30,all_retained
T100000130243 -> T100000130543,post_only_entry,0,2,0.0,0.0027548209366391185,,200735219.93398303,30,all_retained
T100000130245 -> T100000130272,post_only_entry,0,3,0.0,0.004132231404958678,,1190606492.9151895,30,all_retained
T100000130245 -> T100000130431,post_only_entry,0,2,0.0,0.0027548209366391185,,1174538876.8034735,30,all_retained
T100000130245 -> T100000130447,post_only_entry,0,1,0.0,0.0013774104683195593,,1105373951.285257,30,all_retained
T100000130245 -> T100000130460,post_only_entry,0,1,0.0,0.0013774104683195593,,817553140.043692,30,all_retained
T100000130247 -> T100000130321,post_only_entry,0,1,0.0,0.0013774104683195593,,1549932374.3282125,30,all_retained
T100000130247 -> T100000130427,post_only_entry,0,1,0.0,0.0013774104683195593,,1093971666.519066,30,all_retained
T100000130249 -> T100000130448,post_only_entry,0,1,0.0,0.0013774104683195593,,269946769.9085342,30,all_retained
T100000130252 -> T100000130309,post_only_entry,0,1,0.0,0.0013774104683195593,,1411179739.6656811,30,all_retained
T100000130252 -> T100000130384,post_only_entry,0,1,0.0,0.0013774104683195593,,1463682891.7457151,30,all_retained
T100000130252 -> T100000130685,post_only_entry,0,1,0.0,0.0013774104683195593,,964436516.8209662,30,all_retained
T100000130259 -> T100000130272,post_only_entry,0,2,0.0,0.0027548209366391185,,1351985019.0130496,30,all_retained
T100000130259 -> T100000130317,post_only_entry,0,2,0.0,0.0027548209366391185,,1707858525.9122636,30,all_retained
T100000130259 -> T100000130386,post_only_entry,0,1,0.0,0.0013774104683195593,,1618867588.9566123,30,all_retained
T100000130259 -> T100000130392,post_only_entry,0,1,0.0,0.0013774104683195593,,1648038089.8300395,30,all_retained
T100000130259 -> T100000130411,post_only_entry,0,1,0.0,0.0013774104683195593,,1877706534.889638,30,all_retained
T100000130259 -> T100000130423,post_only_entry,0,1,0.0,0.0013774104683195593,,1420849040.845018,30,all_retained
T100000130259 -> T100000130439,post_only_entry,0,3,0.0,0.004132231404958678,,1113125165.1770747,30,all_retained
T100000130259 -> T100000130447,post_only_entry,0,1,0.0,0.0013774104683195593,,1023447979.7912096,30,all_retained
T100000130259 -> T100000130469,post_only_entry,0,1,0.0,0.0013774104683195593,,1964930797.7693632,30,all_retained
T100000130259 -> T100000130474,post_only_entry,0,1,0.0,0.0013774104683195593,,739244230.9707243,30,all_retained
T100000130259 -> T100000130481,post_only_entry,0,1,0.0,0.0013774104683195593,,1874210439.146551,30,all_retained
T100000130259 -> T100000131096,post_only_entry,0,1,0.0,0.0013774104683195593,,633998148.5683948,30,all_retained
T100000130273 -> T100000130291,post_only_entry,0,1,0.0,0.0013774104683195593,,116623771.5022338,30,all_retained
T100000130273 -> T100000130312,post_only_entry,0,2,0.0,0.0027548209366391185,,329095040.19808626,30,all_retained
T100000130273 -> T100000130386,post_only_entry,0,1,0.0,0.0013774104683195593,,176860615.48321256,30,all_retained
T100000130273 -> T100000130423,post_only_entry,0,1,0.0,0.0013774104683195593,,184845439.23418432,30,all_retained
T100000130273 -> T100000130517,post_only_entry,0,2,0.0,0.0027548209366391185,,367434588.7353198,30,all_retained
T100000130273 -> T100000130521,post_only_entry,0,1,0.0,0.0013774104683195593,,423033859.53823835,30,all_retained
T100000130273 -> T100000130527,post_only_entry,0,1,0.0,0.0013774104683195593,,404196646.7975121,30,all_retained
T100000130273 -> T100000130958,post_only_entry,0,1,0.0,0.0013774104683195593,,233078260.978843,30,all_retained
T100000130278 -> T100000130312,post_only_entry,0,1,0.0,0.0013774104683195593,,427236550.3844154,30,all_retained
T100000130292 -> T100000130323,post_only_entry,0,1,0.0,0.0013774104683195593,,149982644.2107823,30,all_retained
T100000130292 -> T100000130384,post_only_entry,0,1,0.0,0.0013774104683195593,,226478987.447499,30,all_retained
T100000130292 -> T100000130405,post_only_entry,0,1,0.0,0.0013774104683195593,,277683791.4200948,30,all_retained
T100000130292 -> T100000130503,post_only_entry,0,1,0.0,0.0013774104683195593,,435998281.02761185,30,all_retained
T100000130292 -> T100000130517,post_only_entry,0,1,0.0,0.0013774104683195593,,364861905.62727386,30,all_retained
T100000130292 -> T100000130710,post_only_entry,0,1,0.0,0.0013774104683195593,,328613176.16407406,30,all_retained
T100000130294 -> T100000130311,post_only_entry,0,1,0.0,0.0013774104683195593,,339451569.4989256,30,all_retained
T100000130294 -> T100000130411,post_only_entry,0,1,0.0,0.0013774104683195593,,404411036.1168224,30,all_retained
T100000130294 -> T100000130423,post_only_entry,0,1,0.0,0.0013774104683195593,,221747524.56746665,30,all_retained
T100000130294 -> T100000130489,post_only_entry,0,1,0.0,0.0013774104683195593,,467741940.3293002,30,all_retained
T100000130294 -> T100000130533,post_only_entry,0,1,0.0,0.0013774104683195593,,373097069.5426825,30,all_retained
T100000130294 -> T100000130968,post_only_entry,0,2,0.0,0.0027548209366391185,,139836518.57871157,30,all_retained
T100000130304 -> T100000130384,post_only_entry,0,1,0.0,0.0013774104683195593,,497832350.0283677,30,all_retained
T100000130304 -> T100000130475,post_only_entry,0,1,0.0,0.0013774104683195593,,565980988.4566811,30,all_retained
T100000130304 -> T100000130477,post_only_entry,0,1,0.0,0.0013774104683195593,,707451030.5521601,30,all_retained
T100000130333 -> T100000130323,post_only_entry,0,1,0.0,0.0013774104683195593,,692829872.7481025,30,all_retained
T100000130333 -> T100000130384,post_only_entry,0,3,0.0,0.004132231404958678,,650389723.3521194,30,all_retained
T100000130333 -> T100000130395,post_only_entry,0,2,0.0,0.0027548209366391185,,642213148.9528801,30,all_retained
T100000130333 -> T100000130409,post_only_entry,0,2,0.0,0.0027548209366391185,,790890661.1637334,30,all_retained
T100000130334 -> T100000130272,post_only_entry,0,3,0.0,0.004132231404958678,,586623083.0002971,30,all_retained
T100000130334 -> T100000130313,post_only_entry,0,1,0.0,0.0013774104683195593,,666697335.4784193,30,all_retained
T100000130334 -> T100000130314,post_only_entry,0,1,0.0,0.0013774104683195593,,644514307.2104794,30,all_retained
T100000130334 -> T100000130323,post_only_entry,0,1,0.0,0.0013774104683195593,,390835349.3837733,30,all_retained
T100000130334 -> T100000130481,post_only_entry,0,1,0.0,0.0013774104683195593,,686128555.1526462,30,all_retained
T100000130334 -> T100000130517,post_only_entry,0,2,0.0,0.0027548209366391185,,610677746.2905132,30,all_retained
T100000130334 -> T100000130527,post_only_entry,0,1,0.0,0.0013774104683195593,,658759906.9536926,30,all_retained
T100000130337 -> T100000130317,post_only_entry,0,5,0.0,0.006887052341597796,,468851996.64434147,30,all_retained
T100000130337 -> T100000131131,post_only_entry,0,1,0.0,0.0013774104683195593,,640068791.902979,30,all_retained
T100000130344 -> T100000130291,post_only_entry,0,1,0.0,0.0013774104683195593,,331620760.84995407,30,all_retained
T100000130344 -> T100000130321,post_only_entry,0,4,0.0,0.005509641873278237,,433538788.6652658,30,all_retained
T100000130344 -> T100000130475,post_only_entry,0,1,0.0,0.0013774104683195593,,563003102.4981254,30,all_retained
T100000130344 -> T100000130525,post_only_entry,0,1,0.0,0.0013774104683195593,,647304539.8808256,30,all_retained
T100000130344 -> T100000131131,post_only_entry,0,1,0.0,0.0013774104683195593,,562452901.7985158,30,all_retained
T100000130358 -> T100000130310,post_only_entry,0,1,0.0,0.0013774104683195593,,860941099.1848103,30,all_retained
T100000130358 -> T100000130312,post_only_entry,0,1,0.0,0.0013774104683195593,,869821527.1903011,30,all_retained
T100000130358 -> T100000130313,post_only_entry,0,5,0.0,0.006887052341597796,,866892736.1988862,30,all_retained
T100000130358 -> T100000130320,post_only_entry,0,3,0.0,0.004132231404958678,,963769027.834906,30,all_retained
T100000130358 -> T100000130392,post_only_entry,0,2,0.0,0.0027548209366391185,,877257172.6194026,30,all_retained
T100000130358 -> T100000130416,post_only_entry,0,1,0.0,0.0013774104683195593,,890985103.722987,30,all_retained
T100000130358 -> T100000130419,post_only_entry,0,1,0.0,0.0013774104683195593,,955721265.510021,30,all_retained
T100000130358 -> T100000130423,post_only_entry,0,1,0.0,0.0013774104683195593,,1014437780.8828144,30,all_retained
T100000130358 -> T100000130463,post_only_entry,0,1,0.0,0.0013774104683195593,,760365063.4967704,30,all_retained
T100000130358 -> T100000130467,post_only_entry,0,1,0.0,0.0013774104683195593,,733639461.0586463,30,all_retained
T100000130358 -> T100000130469,post_only_entry,0,1,0.0,0.0013774104683195593,,678932276.134599,30,all_retained
T100000130358 -> T100000130489,post_only_entry,0,1,0.0,0.0013774104683195593,,734972032.7826855,30,all_retained
T100000130358 -> T100000130517,post_only_entry,0,2,0.0,0.0027548209366391185,,785007213.590678,30,all_retained
T100000130358 -> T100000130811,post_only_entry,0,1,0.0,0.0013774104683195593,,915240785.949836,30,all_retained
T100000130358 -> T100000131131,post_only_entry,0,1,0.0,0.0013774104683195593,,795968645.5773072,30,all_retained
T100000130494 -> T100000130426,post_only_entry,0,1,0.0,0.0013774104683195593,,200709681.31412792,30,all_retained
T100000130494 -> T100000130427,post_only_entry,0,1,0.0,0.0013774104683195593,,1139057924.576449,30,all_retained
T100000130494 -> T100000130488,post_only_entry,0,3,0.0,0.004132231404958678,,257001280.11212897,30,all_retained
T100000130494 -> T100000130557,post_only_entry,0,1,0.0,0.0013774104683195593,,241279526.22661805,30,all_retained
T100000130512 -> T100000130404,post_only_entry,0,1,0.0,0.0013774104683195593,,220345459.42653605,30,all_retained
T100000130512 -> T100000130411,post_only_entry,0,1,0.0,0.0013774104683195593,,246690195.65898952,30,all_retained
T100000130512 -> T100000130421,post_only_entry,0,1,0.0,0.0013774104683195593,,217809782.35636687,30,all_retained
T100000130512 -> T100000130521,post_only_entry,0,1,0.0,0.0013774104683195593,,104640520.44568025,30,all_retained
T100000130512 -> T100000130701,post_only_entry,0,1,0.0,0.0013774104683195593,,177630706.98176634,30,all_retained
T100000130512 -> T100000130713,post_only_entry,0,1,0.0,0.0013774104683195593,,173210590.03479984,30,all_retained
T100000130512 -> T100000130958,post_only_entry,0,1,0.0,0.0013774104683195593,,240223365.46858263,30,all_retained
T100000130576 -> T100000130321,post_only_entry,0,1,0.0,0.0013774104683195593,,2005670517.5993156,30,all_retained
T100000130576 -> T100000130384,post_only_entry,0,1,0.0,0.0013774104683195593,,1768934726.1222148,30,all_retained
T100000130576 -> T100000130423,post_only_entry,0,1,0.0,0.0013774104683195593,,1784635851.014947,30,all_retained
T100000130576 -> T100000130560,post_only_entry,0,1,0.0,0.0013774104683195593,,219739043.29480293,30,all_retained
T100000130579 -> T100000130272,post_only_entry,0,1,0.0,0.0013774104683195593,,1833325366.196258,30,all_retained
T100000130579 -> T100000130427,post_only_entry,0,2,0.0,0.0027548209366391185,,1483534573.5258887,30,all_retained
T100000130579 -> T100000130591,post_only_entry,0,2,0.0,0.0027548209366391185,,1019043171.5880854,30,all_retained
T100000130579 -> T100000130680,post_only_entry,0,1,0.0,0.0013774104683195593,,368680867.53841895,30,all_retained
T100000130579 -> T100000130958,post_only_entry,0,1,0.0,0.0013774104683195593,,1809985546.231126,30,all_retained
T100000130593 -> T100000130272,post_only_entry,0,1,0.0,0.0013774104683195593,,493394150.0799798,30,all_retained
T100000130593 -> T100000130384,post_only_entry,0,1,0.0,0.0013774104683195593,,797040456.6009206,30,all_retained
T100000130593 -> T100000130423,post_only_entry,0,2,0.0,0.0027548209366391185,,747594892.9695468,30,all_retained
T100000130593 -> T100000130431,post_only_entry,0,1,0.0,0.0013774104683195593,,438142855.82410055,30,all_retained
T100000130593 -> T100000130455,post_only_entry,0,3,0.0,0.004132231404958678,,107281384.39380682,30,all_retained
T100000130593 -> T100000130794,post_only_entry,0,1,0.0,0.0013774104683195593,,798719841.6545192,30,all_retained
T100000130601 -> T100000130411,post_only_entry,0,1,0.0,0.0013774104683195593,,866809719.8772696,30,all_retained
T100000130212 -> T100000130426,pre_only_exit,1,0,0.0010548523206751054,0.0,855442684.9763036,,30,all_retained
T100000130212 -> T100000130448,pre_only_exit,2,0,0.002109704641350211,0.0,886109398.5160763,,30,all_retained
T100000130212 -> T100000130492,pre_only_exit,5,0,0.005274261603375527,0.0,845029089.7487266,,30,all_retained
T100000130212 -> T100000130526,pre_only_exit,1,0,0.0010548523206751054,0.0,889597593.8402909,,30,all_retained
T100000130212 -> T100000130528,pre_only_exit,1,0,0.0010548523206751054,0.0,853207644.9328128,,30,all_retained
T100000130212 -> T100000130532,pre_only_exit,1,0,0.0010548523206751054,0.0,808989806.3082839,,30,all_retained
T100000130212 -> T100000130560,pre_only_exit,1,0,0.0010548523206751054,0.0,751484324.2480887,,30,all_retained
T100000130212 -> T100000130562,pre_only_exit,2,0,0.002109704641350211,0.0,296016663.42837,,30,all_retained
T100000130212 -> T100000131096,pre_only_exit,1,0,0.0010548523206751054,0.0,971779110.0388842,,30,all_retained
T100000130212 -> T100000131141,pre_only_exit,1,0,0.0010548523206751054,0.0,926824452.7258112,,30,all_retained
T100000130214 -> T100000130310,pre_only_exit,1,0,0.0010548523206751054,0.0,1749004231.4941862,,30,all_retained
T100000130214 -> T100000130460,pre_only_exit,1,0,0.0010548523206751054,0.0,897514129.8696556,,30,all_retained
T100000130214 -> T100000130467,pre_only_exit,2,0,0.002109704641350211,0.0,1621702593.3680212,,30,all_retained
T100000130214 -> T100000130474,pre_only_exit,4,0,0.004219409282700422,0.0,974593118.8573754,,30,all_retained
T100000130214 -> T100000130488,pre_only_exit,3,0,0.0031645569620253164,0.0,963660721.9044905,,30,all_retained
T100000130214 -> T100000130557,pre_only_exit,1,0,0.0010548523206751054,0.0,815978859.7276016,,30,all_retained
T100000130214 -> T100000130591,pre_only_exit,1,0,0.0010548523206751054,0.0,1147212534.146714,,30,all_retained
T100000130214 -> T100000131096,pre_only_exit,1,0,0.0010548523206751054,0.0,1009432812.0606686,,30,all_retained
T100000130214 -> T100000131131,pre_only_exit,1,0,0.0010548523206751054,0.0,1684031777.886683,,30,all_retained
T100000130216 -> T100000130312,pre_only_exit,1,0,0.0010548523206751054,0.0,2034462988.2275832,,30,all_retained
T100000130216 -> T100000130448,pre_only_exit,7,0,0.007383966244725738,0.0,965642437.3883884,,30,all_retained
T100000130216 -> T100000130456,pre_only_exit,2,0,0.002109704641350211,0.0,869522106.9778783,,30,all_retained
T100000130216 -> T100000130498,pre_only_exit,3,0,0.0031645569620253164,0.0,955077939.885553,,30,all_retained
T100000130216 -> T100000130522,pre_only_exit,1,0,0.0010548523206751054,0.0,937269513.0423017,,30,all_retained
T100000130216 -> T100000130526,pre_only_exit,2,0,0.002109704641350211,0.0,856019316.5242796,,30,all_retained
T100000130216 -> T100000130532,pre_only_exit,2,0,0.002109704641350211,0.0,861570459.5507097,,30,all_retained
T100000130216 -> T100000130536,pre_only_exit,1,0,0.0010548523206751054,0.0,940493601.096891,,30,all_retained
T100000130216 -> T100000130566,pre_only_exit,1,0,0.0010548523206751054,0.0,301898020.64816165,,30,all_retained
T100000130216 -> T100000131141,pre_only_exit,2,0,0.002109704641350211,0.0,899222303.7945735,,30,all_retained
T100000130217 -> T100000130320,pre_only_exit,1,0,0.0010548523206751054,0.0,1946100850.1007583,,30,all_retained
T100000130217 -> T100000130321,pre_only_exit,1,0,0.0010548523206751054,0.0,1941618975.1550949,,30,all_retained
T100000130217 -> T100000130446,pre_only_exit,2,0,0.002109704641350211,0.0,604117858.2510382,,30,all_retained
T100000130217 -> T100000130467,pre_only_exit,1,0,0.0010548523206751054,0.0,1656509253.8862638,,30,all_retained
T100000130217 -> T100000130532,pre_only_exit,1,0,0.0010548523206751054,0.0,589492621.4291872,,30,all_retained
T100000130217 -> T100000130534,pre_only_exit,2,0,0.002109704641350211,0.0,544706383.491737,,30,all_retained
T100000130221 -> T100000130562,pre_only_exit,2,0,0.002109704641350211,0.0,319327641.81682074,,30,all_retained
T100000130224 -> T100000130321,pre_only_exit,1,0,0.0010548523206751054,0.0,2163356411.157167,,30,all_retained
T100000130224 -> T100000130488,pre_only_exit,2,0,0.002109704641350211,0.0,993407700.7288723,,30,all_retained
T100000130224 -> T100000130498,pre_only_exit,1,0,0.0010548523206751054,0.0,943496710.7116692,,30,all_retained
T100000130224 -> T100000130522,pre_only_exit,1,0,0.0010548523206751054,0.0,925688283.8684176,,30,all_retained
T100000130224 -> T100000130524,pre_only_exit,2,0,0.002109704641350211,0.0,858153826.0314854,,30,all_retained
T100000130224 -> T100000130545,pre_only_exit,2,0,0.002109704641350211,0.0,1116169142.633326,,30,all_retained
T100000130224 -> T100000130553,pre_only_exit,1,0,0.0010548523206751054,0.0,868366865.4344593,,30,all_retained
T100000130224 -> T100000130557,pre_only_exit,1,0,0.0010548523206751054,0.0,811828874.5368224,,30,all_retained
T100000130224 -> T100000130685,pre_only_exit,1,0,0.0010548523206751054,0.0,1181540402.3655927,,30,all_retained
T100000130224 -> T100000131064,pre_only_exit,3,0,0.0031645569620253164,0.0,1011460955.8285524,,30,all_retained
T100000130224 -> T100000131141,pre_only_exit,3,0,0.0031645569620253164,0.0,937379348.8561872,,30,all_retained
T100000130240 -> T100000130314,pre_only_exit,1,0,0.0010548523206751054,0.0,1929698993.3207111,,30,all_retained
T100000130240 -> T100000130317,pre_only_exit,1,0,0.0010548523206751054,0.0,1448938925.0515282,,30,all_retained
T100000130240 -> T100000130426,pre_only_exit,3,0,0.0031645569620253164,0.0,861194195.4462172,,30,all_retained
T100000130240 -> T100000130474,pre_only_exit,1,0,0.0010548523206751054,0.0,970860191.9781804,,30,all_retained
T100000130240 -> T100000130488,pre_only_exit,1,0,0.0010548523206751054,0.0,960970759.827874,,30,all_retained
T100000130240 -> T100000130526,pre_only_exit,1,0,0.0010548523206751054,0.0,859760890.712683,,30,all_retained
T100000130240 -> T100000130532,pre_only_exit,2,0,0.002109704641350211,0.0,827643700.852323,,30,all_retained
T100000130240 -> T100000130534,pre_only_exit,2,0,0.002109704641350211,0.0,829421572.6669154,,30,all_retained
T100000130240 -> T100000130560,pre_only_exit,1,0,0.0010548523206751054,0.0,729226347.9524907,,30,all_retained
T100000130240 -> T100000130562,pre_only_exit,1,0,0.0010548523206751054,0.0,298287283.7097448,,30,all_retained
T100000130240 -> T100000130591,pre_only_exit,1,0,0.0010548523206751054,0.0,1231737881.6196644,,30,all_retained
T100000130240 -> T100000130603,pre_only_exit,1,0,0.0010548523206751054,0.0,1672933942.6829653,,30,all_retained
T100000130240 -> T100000130925,pre_only_exit,1,0,0.0010548523206751054,0.0,725475616.4390243,,30,all_retained
T100000130240 -> T100000131096,pre_only_exit,1,0,0.0010548523206751054,0.0,974570611.2182229,,30,all_retained
T100000130240 -> T100000131141,pre_only_exit,1,0,0.0010548523206751054,0.0,737281618.614429,,30,all_retained
T100000130242 -> T100000130462,pre_only_exit,1,0,0.0010548523206751054,0.0,1037244726.616029,,30,all_retained
T100000130242 -> T100000130557,pre_only_exit,3,0,0.0031645569620253164,0.0,782975017.3874174,,30,all_retained
T100000130242 -> T100000130591,pre_only_exit,2,0,0.002109704641350211,0.0,1198779056.495013,,30,all_retained
T100000130243 -> T100000130314,pre_only_exit,1,0,0.0010548523206751054,0.0,1665178080.1267602,,30,all_retained
T100000130243 -> T100000130526,pre_only_exit,1,0,0.0010548523206751054,0.0,29156067.480343927,,30,all_retained
T100000130245 -> T100000130321,pre_only_exit,1,0,0.0010548523206751054,0.0,1321744427.3561623,,30,all_retained
T100000130245 -> T100000130439,pre_only_exit,1,0,0.0010548523206751054,0.0,1056096271.329435,,30,all_retained
T100000130245 -> T100000130446,pre_only_exit,2,0,0.002109704641350211,0.0,767034927.8929147,,30,all_retained
T100000130245 -> T100000130492,pre_only_exit,2,0,0.002109704641350211,0.0,779779785.5076535,,30,all_retained
T100000130245 -> T100000130526,pre_only_exit,2,0,0.002109704641350211,0.0,648862327.5453928,,30,all_retained
T100000130245 -> T100000130532,pre_only_exit,1,0,0.0010548523206751054,0.0,612053292.723877,,30,all_retained
T100000130247 -> T100000130446,pre_only_exit,1,0,0.0010548523206751054,0.0,789001305.1897002,,30,all_retained
T100000130247 -> T100000130545,pre_only_exit,1,0,0.0010548523206751054,0.0,925490980.0632108,,30,all_retained
T100000130252 -> T100000130313,pre_only_exit,1,0,0.0010548523206751054,0.0,1829499729.2194796,,30,all_retained
T100000130252 -> T100000130386,pre_only_exit,1,0,0.0010548523206751054,0.0,1611363901.0972056,,30,all_retained
T100000130252 -> T100000130427,pre_only_exit,1,0,0.0010548523206751054,0.0,1259593123.4774697,,30,all_retained
T100000130252 -> T100000130466,pre_only_exit,1,0,0.0010548523206751054,0.0,902776530.2859504,,30,all_retained
T100000130252 -> T100000130467,pre_only_exit,1,0,0.0010548523206751054,0.0,1761404036.0198455,,30,all_retained
T100000130252 -> T100000130492,pre_only_exit,1,0,0.0010548523206751054,0.0,797071626.7362851,,30,all_retained
T100000130259 -> T100000130384,pre_only_exit,1,0,0.0010548523206751054,0.0,1641119532.7133672,,30,all_retained
T100000130259 -> T100000130430,pre_only_exit,1,0,0.0010548523206751054,0.0,749241509.6619277,,30,all_retained
T100000130259 -> T100000130456,pre_only_exit,1,0,0.0010548523206751054,0.0,708031456.6795987,,30,all_retained
T100000130259 -> T100000130467,pre_only_exit,1,0,0.0010548523206751054,0.0,1937687840.9220064,,30,all_retained
T100000130259 -> T100000130489,pre_only_exit,1,0,0.0010548523206751054,0.0,1913873565.94123,,30,all_retained
T100000130259 -> T100000130536,pre_only_exit,2,0,0.002109704641350211,0.0,590442085.4390473,,30,all_retained
T100000130259 -> T100000130557,pre_only_exit,1,0,0.0010548523206751054,0.0,731809687.3919327,,30,all_retained
T100000130259 -> T100000130671,pre_only_exit,3,0,0.0031645569620253164,0.0,1343922783.537522,,30,all_retained
T100000130259 -> T100000130684,pre_only_exit,2,0,0.002109704641350211,0.0,920551994.1380644,,30,all_retained
T100000130259 -> T100000130968,pre_only_exit,2,0,0.002109704641350211,0.0,1617015920.2015295,,30,all_retained
T100000130273 -> T100000130310,pre_only_exit,2,0,0.002109704641350211,0.0,330124658.4689524,,30,all_retained
T100000130273 -> T100000130313,pre_only_exit,2,0,0.002109704641350211,0.0,330003510.7596309,,30,all_retained
T100000130273 -> T100000130317,pre_only_exit,1,0,0.0010548523206751054,0.0,199327621.53741127,,30,all_retained
T100000130273 -> T100000130321,pre_only_exit,3,0,0.0031645569620253164,0.0,202834517.31072772,,30,all_retained
T100000130273 -> T100000130463,pre_only_exit,1,0,0.0010548523206751054,0.0,376895658.0367488,,30,all_retained
T100000130273 -> T100000130477,pre_only_exit,1,0,0.0010548523206751054,0.0,424918339.367161,,30,all_retained
T100000130273 -> T100000130533,pre_only_exit,1,0,0.0010548523206751054,0.0,358218121.8738813,,30,all_retained
T100000130273 -> T100000130794,pre_only_exit,1,0,0.0010548523206751054,0.0,184586380.455492,,30,all_retained
T100000130278 -> T100000130310,pre_only_exit,1,0,0.0010548523206751054,0.0,416913515.0603762,,30,all_retained
T100000130278 -> T100000130321,pre_only_exit,1,0,0.0010548523206751054,0.0,325099455.82305175,,30,all_retained
T100000130278 -> T100000130421,pre_only_exit,1,0,0.0010548523206751054,0.0,347394283.07725483,,30,all_retained
T100000130294 -> T100000130272,pre_only_exit,1,0,0.0010548523206751054,0.0,329826929.1493718,,30,all_retained
T100000130294 -> T100000130320,pre_only_exit,1,0,0.0010548523206751054,0.0,229491396.99590823,,30,all_retained
T100000130294 -> T100000130323,pre_only_exit,1,0,0.0010548523206751054,0.0,132020899.03469951,,30,all_retained
T100000130294 -> T100000130384,pre_only_exit,1,0,0.0010548523206751054,0.0,195482062.668954,,30,all_retained
T100000130294 -> T100000130392,pre_only_exit,1,0,0.0010548523206751054,0.0,311042767.4945196,,30,all_retained
T100000130294 -> T100000130463,pre_only_exit,2,0,0.002109704641350211,0.0,374023067.6159538,,30,all_retained
T100000130294 -> T100000130469,pre_only_exit,1,0,0.0010548523206751054,0.0,512416914.15824807,,30,all_retained
T100000130294 -> T100000130497,pre_only_exit,1,0,0.0010548523206751054,0.0,345397135.52447826,,30,all_retained
T100000130294 -> T100000130503,pre_only_exit,1,0,0.0010548523206751054,0.0,412487586.9195626,,30,all_retained
T100000130294 -> T100000130517,pre_only_exit,1,0,0.0010548523206751054,0.0,376502575.8063594,,30,all_retained
T100000130294 -> T100000130521,pre_only_exit,1,0,0.0010548523206751054,0.0,485149808.8444679,,30,all_retained
T100000130294 -> T100000130876,pre_only_exit,2,0,0.002109704641350211,0.0,409764511.28382933,,30,all_retained
T100000130304 -> T100000130312,pre_only_exit,1,0,0.0010548523206751054,0.0,662641481.149519,,30,all_retained
T100000130304 -> T100000130314,pre_only_exit,1,0,0.0010548523206751054,0.0,665754718.2405936,,30,all_retained
T100000130304 -> T100000130321,pre_only_exit,2,0,0.002109704641350211,0.0,588715763.8948557,,30,all_retained
T100000130304 -> T100000130463,pre_only_exit,1,0,0.0010548523206751054,0.0,612502015.8567659,,30,all_retained
T100000130304 -> T100000130497,pre_only_exit,1,0,0.0010548523206751054,0.0,612111886.9520109,,30,all_retained
T100000130304 -> T100000130794,pre_only_exit,1,0,0.0010548523206751054,0.0,536205637.2924326,,30,all_retained
T100000130333 -> T100000130315,pre_only_exit,1,0,0.0010548523206751054,0.0,560250606.3730968,,30,all_retained
T100000130333 -> T100000130385,pre_only_exit,3,0,0.0031645569620253164,0.0,719452219.5478686,,30,all_retained
T100000130333 -> T100000130416,pre_only_exit,4,0,0.004219409282700422,0.0,705856738.5232264,,30,all_retained
T100000130333 -> T100000130419,pre_only_exit,1,0,0.0010548523206751054,0.0,669706745.9510398,,30,all_retained
T100000130333 -> T100000130481,pre_only_exit,1,0,0.0010548523206751054,0.0,647073501.7960447,,30,all_retained
T100000130333 -> T100000130517,pre_only_exit,2,0,0.002109704641350211,0.0,625219863.1311953,,30,all_retained
T100000130333 -> T100000130794,pre_only_exit,1,0,0.0010548523206751054,0.0,667755943.3680346,,30,all_retained
T100000130334 -> T100000130312,pre_only_exit,7,0,0.007383966244725738,0.0,664201134.9903487,,30,all_retained
T100000130334 -> T100000130421,pre_only_exit,3,0,0.0031645569620253164,0.0,538648032.7998514,,30,all_retained
T100000130334 -> T100000130463,pre_only_exit,2,0,0.002109704641350211,0.0,696281636.5120392,,30,all_retained
T100000130334 -> T100000130485,pre_only_exit,2,0,0.002109704641350211,0.0,675640547.5402098,,30,all_retained
T100000130334 -> T100000130503,pre_only_exit,2,0,0.002109704641350211,0.0,690167141.1886407,,30,all_retained
T100000130334 -> T100000130662,pre_only_exit,1,0,0.0010548523206751054,0.0,551859922.7558637,,30,all_retained
T100000130334 -> T100000130968,pre_only_exit,1,0,0.0010548523206751054,0.0,410648845.2904437,,30,all_retained
T100000130334 -> T100000131131,pre_only_exit,1,0,0.0010548523206751054,0.0,666722959.8789266,,30,all_retained
T100000130337 -> T100000130291,pre_only_exit,1,0,0.0010548523206751054,0.0,265364941.53883725,,30,all_retained
T100000130337 -> T100000130487,pre_only_exit,1,0,0.0010548523206751054,0.0,689298710.065342,,30,all_retained
T100000130337 -> T100000130527,pre_only_exit,1,0,0.0010548523206751054,0.0,599432410.1331346,,30,all_retained
T100000130337 -> T100000130533,pre_only_exit,1,0,0.0010548523206751054,0.0,668886422.3987913,,30,all_retained
T100000130344 -> T100000130310,pre_only_exit,1,0,0.0010548523206751054,0.0,611459399.7708508,,30,all_retained
T100000130344 -> T100000130421,pre_only_exit,1,0,0.0010548523206751054,0.0,546207133.746327,,30,all_retained
T100000130344 -> T100000130477,pre_only_exit,3,0,0.0031645569620253164,0.0,733752135.8705462,,30,all_retained
T100000130344 -> T100000130489,pre_only_exit,1,0,0.0010548523206751054,0.0,756520410.7123413,,30,all_retained
T100000130344 -> T100000130509,pre_only_exit,1,0,0.0010548523206751054,0.0,555569469.9548426,,30,all_retained
T100000130344 -> T100000130517,pre_only_exit,1,0,0.0010548523206751054,0.0,658144064.5968982,,30,all_retained
T100000130344 -> T100000130521,pre_only_exit,1,0,0.0010548523206751054,0.0,738916454.6997192,,30,all_retained
T100000130494 -> T100000130448,pre_only_exit,1,0,0.0010548523206751054,0.0,495168890.5601089,,30,all_retained
T100000130494 -> T100000130524,pre_only_exit,1,0,0.0010548523206751054,0.0,292217127.7158999,,30,all_retained
T100000130494 -> T100000130536,pre_only_exit,1,0,0.0010548523206751054,0.0,531761033.3263166,,30,all_retained
T100000130494 -> T100000130685,pre_only_exit,1,0,0.0010548523206751054,0.0,813725589.2286098,,30,all_retained
T100000130494 -> T100000131141,pre_only_exit,1,0,0.0010548523206751054,0.0,249245259.4816944,,30,all_retained
T100000130512 -> T100000130312,pre_only_exit,1,0,0.0010548523206751054,0.0,203373290.93001175,,30,all_retained
T100000130512 -> T100000130313,pre_only_exit,6,0,0.006329113924050633,0.0,204273727.39815506,,30,all_retained
T100000130512 -> T100000130323,pre_only_exit,1,0,0.0010548523206751054,0.0,442795878.667092,,30,all_retained
T100000130512 -> T100000130384,pre_only_exit,2,0,0.002109704641350211,0.0,295599925.188302,,30,all_retained
T100000130512 -> T100000130489,pre_only_exit,1,0,0.0010548523206751054,0.0,103403869.38815662,,30,all_retained
T100000130512 -> T100000130503,pre_only_exit,3,0,0.0031645569620253164,0.0,139605839.89785755,,30,all_retained
T100000130512 -> T100000130533,pre_only_exit,3,0,0.0031645569620253164,0.0,160978057.92438486,,30,all_retained
T100000130518 -> T100000130500,pre_only_exit,1,0,0.0010548523206751054,0.0,623487314.7384243,,30,all_retained
T100000130518 -> T100000130522,pre_only_exit,1,0,0.0010548523206751054,0.0,758864944.4113158,,30,all_retained
T100000130576 -> T100000130310,pre_only_exit,1,0,0.0010548523206751054,0.0,1631139169.3169425,,30,all_retained
T100000130576 -> T100000130312,pre_only_exit,1,0,0.0010548523206751054,0.0,1640019597.3224337,,30,all_retained
T100000130576 -> T100000130314,pre_only_exit,1,0,0.0010548523206751054,0.0,1562187502.4521987,,30,all_retained
T100000130576 -> T100000130320,pre_only_exit,1,0,0.0010548523206751054,0.0,1720684131.599477,,30,all_retained
T100000130576 -> T100000130492,pre_only_exit,1,0,0.0010548523206751054,0.0,1110996815.4963298,,30,all_retained
T100000130576 -> T100000130522,pre_only_exit,1,0,0.0010548523206751054,0.0,1124486292.6549876,,30,all_retained
T100000130576 -> T100000130811,pre_only_exit,1,0,0.0010548523206751054,0.0,1685438856.0819683,,30,all_retained
T100000130579 -> T100000130291,pre_only_exit,1,0,0.0010548523206751054,0.0,1821139905.1130097,,30,all_retained
T100000130579 -> T100000130430,pre_only_exit,2,0,0.002109704641350211,0.0,892817350.0056536,,30,all_retained
T100000130579 -> T100000130466,pre_only_exit,1,0,0.0010548523206751054,0.0,898999716.9876169,,30,all_retained
T100000130579 -> T100000130488,pre_only_exit,1,0,0.0010548523206751054,0.0,867666479.3200094,,30,all_retained
T100000130579 -> T100000130542,pre_only_exit,1,0,0.0010548523206751054,0.0,757252397.2814717,,30,all_retained
T100000130579 -> T100000130546,pre_only_exit,1,0,0.0010548523206751054,0.0,508664877.5461181,,30,all_retained
T100000130579 -> T100000130685,pre_only_exit,1,0,0.0010548523206751054,0.0,960659703.5226324,,30,all_retained
T100000130579 -> T100000131096,pre_only_exit,1,0,0.0010548523206751054,0.0,788147483.986183,,30,all_retained
T100000130593 -> T100000130313,pre_only_exit,2,0,0.002109704641350211,0.0,915341523.5375607,,30,all_retained
T100000130593 -> T100000130317,pre_only_exit,2,0,0.002109704641350211,0.0,721634561.1644721,,30,all_retained
T100000130593 -> T100000130463,pre_only_exit,1,0,0.0010548523206751054,0.0,1038585028.7628816,,30,all_retained
T100000130593 -> T100000130487,pre_only_exit,1,0,0.0010548523206751054,0.0,1003119993.7787832,,30,all_retained
T100000130593 -> T100000130489,pre_only_exit,1,0,0.0010548523206751054,0.0,911610698.1261902,,30,all_retained
T100000130593 -> T100000130517,pre_only_exit,3,0,0.0031645569620253164,0.0,918459981.166934,,30,all_retained
T100000130593 -> T100000130531,pre_only_exit,1,0,0.0010548523206751054,0.0,932986830.2025378,,30,all_retained
T100000130593 -> T100000130671,pre_only_exit,3,0,0.0031645569620253164,0.0,145125730.07822466,,30,all_retained
T100000130593 -> T100000130968,pre_only_exit,1,0,0.0010548523206751054,0.0,785205673.1653023,,30,all_retained
T100000130594 -> T100000130272,pre_only_exit,12,0,0.012658227848101266,0.0,536091480.2004865,,30,all_retained
T100000130594 -> T100000130312,pre_only_exit,1,0,0.0010548523206751054,0.0,1084459019.2320626,,30,all_retained
T100000130594 -> T100000130313,pre_only_exit,1,0,0.0010548523206751054,0.0,949682806.5042088,,30,all_retained
T100000130594 -> T100000130314,pre_only_exit,1,0,0.0010548523206751054,0.0,1123498778.700204,,30,all_retained
T100000130594 -> T100000130317,pre_only_exit,14,0,0.014767932489451477,0.0,770149905.8041908,,30,all_retained
T100000130594 -> T100000130320,pre_only_exit,10,0,0.010548523206751054,0.0,805566646.6711695,,30,all_retained
T100000130594 -> T100000130321,pre_only_exit,2,0,0.002109704641350211,0.0,711065523.8599589,,30,all_retained
T100000130594 -> T100000130323,pre_only_exit,1,0,0.0010548523206751054,0.0,660693891.9259825,,30,all_retained
T100000130594 -> T100000130384,pre_only_exit,4,0,0.004219409282700422,0.0,844156776.4747095,,30,all_retained
T100000130594 -> T100000130395,pre_only_exit,1,0,0.0010548523206751054,0.0,730743008.7840476,,30,all_retained
T100000130594 -> T100000130416,pre_only_exit,2,0,0.002109704641350211,0.0,836198712.0230454,,30,all_retained
T100000130594 -> T100000130423,pre_only_exit,3,0,0.0031645569620253164,0.0,823546754.8788825,,30,all_retained
T100000130594 -> T100000130426,pre_only_exit,5,0,0.005274261603375527,0.0,1050488838.3436155,,30,all_retained
T100000130594 -> T100000130427,pre_only_exit,32,0,0.03375527426160337,0.0,194452610.63935703,,30,all_retained
T100000130594 -> T100000130431,pre_only_exit,6,0,0.006329113924050633,0.0,515486671.519564,,30,all_retained
T100000130594 -> T100000130455,pre_only_exit,1,0,0.0010548523206751054,0.0,159696144.9413726,,30,all_retained
T100000130594 -> T100000130463,pre_only_exit,2,0,0.002109704641350211,0.0,1089203756.4802237,,30,all_retained
T100000130594 -> T100000130466,pre_only_exit,1,0,0.0010548523206751054,0.0,773295171.2671717,,30,all_retained
T100000130594 -> T100000130467,pre_only_exit,2,0,0.002109704641350211,0.0,1104344373.6963713,,30,all_retained
T100000130594 -> T100000130489,pre_only_exit,1,0,0.0010548523206751054,0.0,1170889358.0418568,,30,all_retained
T100000130594 -> T100000130522,pre_only_exit,1,0,0.0010548523206751054,0.0,822957422.7816918,,30,all_retained
T100000130594 -> T100000130527,pre_only_exit,1,0,0.0010548523206751054,0.0,940771792.9433368,,30,all_retained
T100000130594 -> T100000130811,pre_only_exit,1,0,0.0010548523206751054,0.0,1117348180.791899,,30,all_retained
T100000130594 -> T100000130958,pre_only_exit,4,0,0.004219409282700422,0.0,769005430.9736112,,30,all_retained
T100000130594 -> T100000130968,pre_only_exit,1,0,0.0010548523206751054,0.0,738681927.6558218,,30,all_retained
T100000130601 -> T100000130312,pre_only_exit,1,0,0.0010548523206751054,0.0,905829808.1060792,,30,all_retained
T100000130601 -> T100000130313,pre_only_exit,1,0,0.0010548523206751054,0.0,840141269.8525741,,30,all_retained
T100000130601 -> T100000130405,pre_only_exit,1,0,0.0010548523206751054,0.0,783554576.2735841,,30,all_retained
T100000130601 -> T100000130427,pre_only_exit,10,0,0.010548523206751054,0.0,188401037.6152626,,30,all_retained
T100000130601 -> T100000130439,pre_only_exit,2,0,0.002109704641350211,0.0,194386404.87897497,,30,all_retained
T100000130601 -> T100000130467,pre_only_exit,2,0,0.002109704641350211,0.0,895511105.1691606,,30,all_retained
T100000130601 -> T100000130671,pre_only_exit,1,0,0.0010548523206751054,0.0,47872082.47559037,,30,all_retained
