hypothesis,onset,model,portname,vessel_class,n_days,pre_onset_mean,observed_sum,counterfactual_sum,cumulative_gap,event_statistic,historical_reference_mean,historical_reference_sd,reference_q025,reference_q975,studentized_statistic,raw_resampling_p_value,romano_wolf_p_value,stepdown_rank,family_size,n_joint_resamples,family,block_length_days
n_dry_bulk::Cape of Good Hope,external_onset,ar_lag1_7,Cape of Good Hope,n_dry_bulk,130,27.81858407079646,4870.0,3619.2429041829973,1250.7570958170027,0.3458554326444588,0.01612780171603236,0.03623885349343835,-0.0510279623362077,0.09048630090266867,9.09873241404089,9.999000099990002e-05,9.999000099990002e-05,2.0,2.0,10000.0,anchor_negative_controls,7
n_roro::Cape of Good Hope,external_onset,ar_lag1_7,Cape of Good Hope,n_roro,130,1.0553097345132743,380.0,136.80263530711807,243.1973646928819,1.7727013198062027,-0.15144213224957795,0.0723996958185052,-0.29111356778128494,-0.005745159196490063,26.576678676652314,9.999000099990002e-05,9.999000099990002e-05,1.0,2.0,10000.0,anchor_negative_controls,7
n_dry_bulk::Cape of Good Hope,external_onset,chronos2_univariate,Cape of Good Hope,n_dry_bulk,130,27.81858407079646,4870.0,3579.7982234954834,1290.2017765045166,0.35676255214058405,0.03059621949711719,0.024769336480516768,-0.01659830962216785,0.08054208449779698,13.168149776641169,9.999000099990002e-05,9.999000099990002e-05,2.0,2.0,10000.0,anchor_negative_controls,7
n_roro::Cape of Good Hope,external_onset,chronos2_univariate,Cape of Good Hope,n_roro,130,1.0553097345132743,380.0,82.37340080738068,297.6265991926193,2.1694440063709717,0.24071077253229167,0.07484818606580944,0.09477677065092717,0.3876640667774623,25.768603558980878,9.999000099990002e-05,9.999000099990002e-05,1.0,2.0,10000.0,anchor_negative_controls,7
n_tanker::Bab el-Mandeb Strait,external_onset,ar_lag1_7,Bab el-Mandeb Strait,n_tanker,130,20.027101769911503,1822.0,2647.77725894936,-825.7772589493602,-0.3171768353767642,0.19144687523694484,0.041280641231450775,0.11088049049550831,0.27224082026512164,,,,,,,context_descriptive_not_tested,7
n_tanker::Suez Canal,external_onset,ar_lag1_7,Suez Canal,n_tanker,130,18.861725663716815,2018.0,2519.7537940353595,-501.7537940353598,-0.20462839075892922,0.22765855406114238,0.047818572298096475,0.1321619596908198,0.32039767448255824,,,,,,,context_descriptive_not_tested,7
n_tanker::Bab el-Mandeb Strait,external_onset,chronos2_univariate,Bab el-Mandeb Strait,n_tanker,130,20.027101769911503,1822.0,3514.083604812622,-1692.083604812622,-0.6499206864211874,0.045808486121683985,0.025521498319507226,-0.003933476087201508,0.0964002301863618,,,,,,,context_descriptive_not_tested,7
n_tanker::Suez Canal,external_onset,chronos2_univariate,Suez Canal,n_tanker,130,18.861725663716815,2018.0,3379.390693664551,-1361.3906936645508,-0.5552109224691328,0.07059603530832988,0.032264952616197995,0.008127880733959451,0.1346531423859384,,,,,,,context_descriptive_not_tested,7
n_tanker::Bab el-Mandeb Strait,external_onset,ar_lag1_7,Bab el-Mandeb Strait,n_tanker,130,20.027101769911503,1822.0,2647.77725894936,-825.7772589493602,-0.3171768353767642,0.19144687523694484,0.041280641231450775,0.11088049049550831,0.27224082026512164,-12.32111942646376,1.0,1.0,16.0,16.0,10000.0,eligible_receiver_family,7
n_tanker::Bohai Strait,external_onset,ar_lag1_7,Bohai Strait,n_tanker,130,37.0033185840708,4705.0,4804.646870189998,-99.64687018999737,-0.020714747093166726,0.025811879518033494,0.025972957178431396,-0.026102467910375685,0.07674483873030413,-1.7913488360823662,0.960903909609039,1.0,13.0,16.0,10000.0,eligible_receiver_family,7
n_tanker::Bosporus Strait,external_onset,ar_lag1_7,Bosporus Strait,n_tanker,130,23.190818584070797,3251.0,3016.9700852709775,234.02991472902244,0.07762684645106518,-0.005081062708510074,0.024200676401886997,-0.05255974659110631,0.04286088064495313,3.4175866734504283,0.00019998000199980003,0.0040995900409959,2.0,16.0,10000.0,eligible_receiver_family,7
n_tanker::Cape of Good Hope,external_onset,ar_lag1_7,Cape of Good Hope,n_tanker,130,10.896017699115044,2255.0,1416.1292494877289,838.8707505122712,0.5922211311699282,-0.1307835655999196,0.0337191111554555,-0.19566509714279448,-0.06459157730113539,21.441985627574027,9.999000099990002e-05,9.999000099990002e-05,1.0,16.0,10000.0,eligible_receiver_family,7
n_tanker::Dover Strait,external_onset,ar_lag1_7,Dover Strait,n_tanker,130,56.14048672566372,8327.0,7325.535622784417,1001.4643772155839,0.13721954656488586,0.09289312243600935,0.01960804503333961,0.054860539748870535,0.131825977802478,2.2606243536011967,0.0150984901509849,0.11498850114988501,6.0,16.0,10000.0,eligible_receiver_family,7
n_tanker::Gibraltar Strait,external_onset,ar_lag1_7,Gibraltar Strait,n_tanker,130,41.608960176991154,6238.0,5464.766838278131,773.233161721869,0.14294871519403207,0.1518834127900571,0.0251890816961838,0.10283729621545093,0.2003032434371895,-0.35470517360617604,0.6391360863913609,0.9963003699630038,11.0,16.0,10000.0,eligible_receiver_family,7
n_tanker::Korea Strait,external_onset,ar_lag1_7,Korea Strait,n_tanker,130,63.254977876106196,8139.0,8213.191223743845,-74.19122374384412,-0.00902224204748428,-0.015476658027090405,0.01822594216961191,-0.05262424388300186,0.019381510397137508,0.354133460950379,0.37366263373662634,0.9622037796220378,9.0,16.0,10000.0,eligible_receiver_family,7
n_tanker::Lombok Strait,external_onset,ar_lag1_7,Lombok Strait,n_tanker,130,6.991150442477876,991.0,908.38289509293,82.61710490707009,0.0909029489240401,0.01638798822910584,0.031095029842767734,-0.04409629110485805,0.07672907481408375,2.3963624113474005,0.0072992700729927005,0.09259074092590741,5.0,16.0,10000.0,eligible_receiver_family,7
n_tanker::Luzon Strait,external_onset,ar_lag1_7,Luzon Strait,n_tanker,130,24.627765486725664,3822.0,3196.938904338276,625.0610956617238,0.19523339528762956,0.09153439411484307,0.033128307490889866,0.025341454669627783,0.155158553974103,3.130223335475356,0.0007999200079992001,0.0122987701229877,3.0,16.0,10000.0,eligible_receiver_family,7
n_tanker::Makassar Strait,external_onset,ar_lag1_7,Makassar Strait,n_tanker,130,5.382743362831858,689.0,699.882661046084,-10.882661046084063,-0.015552065486831695,0.07530269338954337,0.03596753022919466,0.005448416302514704,0.1469001571184966,-2.52602161720375,0.9943005699430058,1.0,15.0,16.0,10000.0,eligible_receiver_family,7
n_tanker::Malacca Strait,external_onset,ar_lag1_7,Malacca Strait,n_tanker,130,72.55530973451327,10754.0,9578.501378272991,1175.498621727009,0.12462626268558953,0.11881647318708934,0.028454347294172344,0.06148880344303435,0.17247861642733933,0.20417932762387006,0.4283571642835716,0.9665033496650335,10.0,16.0,10000.0,eligible_receiver_family,7
n_tanker::Oresund Strait,external_onset,ar_lag1_7,Oresund Strait,n_tanker,130,11.860619469026549,1519.0,1542.7006462028571,-23.700646202857126,-0.015371259787484281,-0.027358305875460377,0.025281405443969354,-0.07646656298911804,0.022519815926520352,0.4741447667750408,0.31766823317668236,0.9596040395960403,8.0,16.0,10000.0,eligible_receiver_family,7
n_tanker::Sunda Strait,external_onset,ar_lag1_7,Sunda Strait,n_tanker,130,10.803097345132743,1554.0,1405.8659345296428,148.13406547035729,0.10547834337749727,0.028559488018480465,0.02902466559364942,-0.0282475961203829,0.08511742694150189,2.6501202954719525,0.004299570042995701,0.04789521047895211,4.0,16.0,10000.0,eligible_receiver_family,7
n_tanker::Taiwan Strait,external_onset,ar_lag1_7,Taiwan Strait,n_tanker,130,58.26327433628319,6569.0,7557.032764524085,-988.032764524085,-0.13044670285665066,-0.09015296264301606,0.018566569513176236,-0.12589420462017273,-0.052298656241002474,-2.1702307572241137,0.987001299870013,1.0,14.0,16.0,10000.0,eligible_receiver_family,7
n_tanker::Tsugaru Strait,external_onset,ar_lag1_7,Tsugaru Strait,n_tanker,130,12.018805309734514,1471.0,1559.8378334104552,-88.83783341045527,-0.05685822606325998,-0.020711773301217467,0.03667053783850124,-0.09334317654773351,0.049417655941314975,-0.9857082795249194,0.8373162683731626,0.9999000099990001,12.0,16.0,10000.0,eligible_receiver_family,7
n_tanker::Yucatan Channel,external_onset,ar_lag1_7,Yucatan Channel,n_tanker,130,21.99778761061947,3073.0,2858.258181366049,214.74181863395103,0.07509210346865276,0.03861778300860758,0.018300634196430028,0.0023536671868396057,0.07390623120126084,1.9930631948897355,0.021997800219978002,0.19458054194580543,7.0,16.0,10000.0,eligible_receiver_family,7
n_tanker::Bab el-Mandeb Strait,external_onset,chronos2_univariate,Bab el-Mandeb Strait,n_tanker,130,20.027101769911503,1822.0,3514.083604812622,-1692.083604812622,-0.6499206864211874,0.045808486121683985,0.025521498319507226,-0.003933476087201508,0.0964002301863618,-27.26051440369762,1.0,1.0,16.0,16.0,10000.0,eligible_receiver_family,7
n_tanker::Bohai Strait,external_onset,chronos2_univariate,Bohai Strait,n_tanker,130,37.0033185840708,4705.0,4816.816757202148,-111.81675720214844,-0.023244642223123647,-0.01847021721752772,0.026355029841581154,-0.06904648903249515,0.03423511084421887,-0.1811580193342513,0.5624437556244376,0.9968003199680032,10.0,16.0,10000.0,eligible_receiver_family,7
n_tanker::Bosporus Strait,external_onset,chronos2_univariate,Bosporus Strait,n_tanker,130,23.190818584070797,3251.0,3220.989646911621,30.010353088378906,0.00995432175340164,0.0004626942810787888,0.0242343433761105,-0.048838225503767124,0.0463256372323399,0.3916601875699846,0.3521647835216478,0.9612038796120388,9.0,16.0,10000.0,eligible_receiver_family,7
n_tanker::Cape of Good Hope,external_onset,chronos2_univariate,Cape of Good Hope,n_tanker,130,10.896017699115044,2255.0,1242.6398105621338,1012.3601894378662,0.7147002040232965,-0.004388585076005802,0.029987450127923813,-0.06230563146888349,0.054819039740854766,23.979657691191917,9.999000099990002e-05,9.999000099990002e-05,1.0,16.0,10000.0,eligible_receiver_family,7
n_tanker::Dover Strait,external_onset,chronos2_univariate,Dover Strait,n_tanker,130,56.14048672566372,8327.0,8614.55228805542,-287.5522880554199,-0.03940009797489395,0.027706694796490457,0.014998054459974992,-0.0013872991581522166,0.05747360582779098,-4.4743665220359725,1.0,1.0,14.0,16.0,10000.0,eligible_receiver_family,7
n_tanker::Gibraltar Strait,external_onset,chronos2_univariate,Gibraltar Strait,n_tanker,130,41.608960176991154,6238.0,6766.097415924072,-528.0974159240723,-0.09763012095281612,0.016164125107357152,0.022153843471462063,-0.025933508578709925,0.06097015754661691,-5.136546451037253,1.0,1.0,15.0,16.0,10000.0,eligible_receiver_family,7
n_tanker::Korea Strait,external_onset,chronos2_univariate,Korea Strait,n_tanker,130,63.254977876106196,8139.0,7459.176643371582,679.823356628418,0.08267191944712642,-0.013614963063424426,0.017430798869477848,-0.04898714462244403,0.02025310472074196,5.5239512102427915,9.999000099990002e-05,9.999000099990002e-05,2.0,16.0,10000.0,eligible_receiver_family,7
n_tanker::Lombok Strait,external_onset,chronos2_univariate,Lombok Strait,n_tanker,130,6.991150442477876,991.0,915.3211679458618,75.67883205413818,0.08326882202646169,0.053280753279186924,0.03204623588163512,-0.009453074767967976,0.11626720872559124,0.9357750738039147,0.1735826417358264,0.8624137586241376,6.0,16.0,10000.0,eligible_receiver_family,7
n_tanker::Luzon Strait,external_onset,chronos2_univariate,Luzon Strait,n_tanker,130,24.627765486725664,3822.0,3443.104393005371,378.8956069946289,0.1183453526807916,0.01992318105419902,0.033667992105827785,-0.04844512218625854,0.08339429333867227,2.9233157509727503,0.0012998700129987,0.027897210278972105,3.0,16.0,10000.0,eligible_receiver_family,7
n_tanker::Makassar Strait,external_onset,chronos2_univariate,Makassar Strait,n_tanker,130,5.382743362831858,689.0,760.8329381942749,-71.8329381942749,-0.10265417200610913,0.005956184117818518,0.038305484054679616,-0.06842942375542636,0.08142109706854178,-2.835373545179341,0.9989001099890011,1.0,13.0,16.0,10000.0,eligible_receiver_family,7
n_tanker::Malacca Strait,external_onset,chronos2_univariate,Malacca Strait,n_tanker,130,72.55530973451327,10754.0,10928.341430664062,-174.3414306640625,-0.018483663471250602,0.029302915471435823,0.024935443980585028,-0.016286433544787732,0.0808018213722363,-1.91641179438768,0.9807019298070193,1.0,12.0,16.0,10000.0,eligible_receiver_family,7
n_tanker::Oresund Strait,external_onset,chronos2_univariate,Oresund Strait,n_tanker,130,11.860619469026549,1519.0,1512.187985420227,6.812014579772942,0.0044179911756666666,-0.010548358462475482,0.026066980392093587,-0.06071479248473375,0.04212040297996329,0.5741497255540045,0.2766723327667233,0.9612038796120388,7.0,16.0,10000.0,eligible_receiver_family,7
n_tanker::Sunda Strait,external_onset,chronos2_univariate,Sunda Strait,n_tanker,130,10.803097345132743,1554.0,1473.8744659423828,80.12553405761719,0.05705310637225377,0.019533893439858428,0.028239875863614667,-0.035435163224077144,0.07597812626702462,1.3285898675190893,0.0898910108989101,0.666033396660334,5.0,16.0,10000.0,eligible_receiver_family,7
n_tanker::Taiwan Strait,external_onset,chronos2_univariate,Taiwan Strait,n_tanker,130,58.26327433628319,6569.0,6617.639961242676,-48.63996124267577,-0.006421773446185814,-0.017024232996360182,0.01869480532458707,-0.05316436863671213,0.020868242229614257,0.5671339907578606,0.27587241275872415,0.9612038796120388,8.0,16.0,10000.0,eligible_receiver_family,7
n_tanker::Tsugaru Strait,external_onset,chronos2_univariate,Tsugaru Strait,n_tanker,130,12.018805309734514,1471.0,1520.9044389724731,-49.90443897247315,-0.031939971560845146,-0.006292573910163695,0.035546359067668544,-0.07613025574361908,0.062328265728015836,-0.7215196808724421,0.7654234576542346,1.0,11.0,16.0,10000.0,eligible_receiver_family,7
n_tanker::Yucatan Channel,external_onset,chronos2_univariate,Yucatan Channel,n_tanker,130,21.99778761061947,3073.0,2925.1361865997314,147.86381340026855,0.05170583375774328,0.018132666974231118,0.02106878324982259,-0.023484213354361436,0.0592716099254022,1.5935028798492605,0.055694430556944306,0.51994800519948,4.0,16.0,10000.0,eligible_receiver_family,7
n_tanker::Cape of Good Hope,external_onset,ar_lag1_7,Cape of Good Hope,n_tanker,130,10.896017699115044,2255.0,1416.1292494877289,838.8707505122712,0.5922211311699282,-0.1307835655999194,0.0337191111554555,-0.19566509714279448,-0.06459157730113539,21.441985627574024,9.999000099990002e-05,9.999000099990002e-05,1.0,1.0,10000.0,ex_ante_designated_anchor,7
n_tanker::Cape of Good Hope,external_onset,chronos2_univariate,Cape of Good Hope,n_tanker,130,10.896017699115044,2255.0,1242.6398105621338,1012.3601894378662,0.7147002040232965,-0.004388585076005811,0.029987450127923813,-0.06230563146888349,0.054819039740854766,23.979657691191917,9.999000099990002e-05,9.999000099990002e-05,1.0,1.0,10000.0,ex_ante_designated_anchor,7
n_dry_bulk::Cape of Good Hope,external_onset,ar_lag1_7,Cape of Good Hope,n_dry_bulk,130,27.81858407079646,4870.0,3619.2429041829973,1250.7570958170027,0.3458554326444588,0.015494792712520081,0.0455024717369267,-0.06914094464237594,0.10798831207945939,7.260278998510768,9.999000099990002e-05,9.999000099990002e-05,2.0,2.0,10000.0,anchor_negative_controls,14
n_roro::Cape of Good Hope,external_onset,ar_lag1_7,Cape of Good Hope,n_roro,130,1.0553097345132743,380.0,136.80263530711807,243.1973646928819,1.7727013198062027,-0.14971170967517503,0.06773200730826308,-0.2775487445795249,-0.013434832741837014,28.382637779093987,9.999000099990002e-05,9.999000099990002e-05,1.0,2.0,10000.0,anchor_negative_controls,14
n_dry_bulk::Cape of Good Hope,external_onset,chronos2_univariate,Cape of Good Hope,n_dry_bulk,130,27.81858407079646,4870.0,3579.7982234954834,1290.2017765045166,0.35676255214058405,0.03084122828125183,0.02745399217352767,-0.021724856932264662,0.08564838324792536,11.871545740935982,9.999000099990002e-05,9.999000099990002e-05,2.0,2.0,10000.0,anchor_negative_controls,14
n_roro::Cape of Good Hope,external_onset,chronos2_univariate,Cape of Good Hope,n_roro,130,1.0553097345132743,380.0,82.37340080738068,297.6265991926193,2.1694440063709717,0.24148409042708344,0.0737317608916971,0.09794923135329209,0.389544561179948,26.148296102351665,9.999000099990002e-05,9.999000099990002e-05,1.0,2.0,10000.0,anchor_negative_controls,14
n_tanker::Bab el-Mandeb Strait,external_onset,ar_lag1_7,Bab el-Mandeb Strait,n_tanker,130,20.027101769911503,1822.0,2647.77725894936,-825.7772589493602,-0.3171768353767642,0.1922888492254511,0.05386304326228231,0.08535224499352315,0.29310248617809465,,,,,,,context_descriptive_not_tested,14
n_tanker::Suez Canal,external_onset,ar_lag1_7,Suez Canal,n_tanker,130,18.861725663716815,2018.0,2519.7537940353595,-501.7537940353598,-0.20462839075892922,0.22810736554067995,0.06270177440247923,0.10342092759375887,0.34705516702683664,,,,,,,context_descriptive_not_tested,14
n_tanker::Bab el-Mandeb Strait,external_onset,chronos2_univariate,Bab el-Mandeb Strait,n_tanker,130,20.027101769911503,1822.0,3514.083604812622,-1692.083604812622,-0.6499206864211874,0.04595868902573209,0.02965360810876585,-0.00769741171262839,0.10608954447627504,,,,,,,context_descriptive_not_tested,14
n_tanker::Suez Canal,external_onset,chronos2_univariate,Suez Canal,n_tanker,130,18.861725663716815,2018.0,3379.390693664551,-1361.3906936645508,-0.5552109224691328,0.07086151706182651,0.0386763472366749,-0.0019030362270315991,0.1515139491873126,,,,,,,context_descriptive_not_tested,14
n_tanker::Bab el-Mandeb Strait,external_onset,ar_lag1_7,Bab el-Mandeb Strait,n_tanker,130,20.027101769911503,1822.0,2647.77725894936,-825.7772589493602,-0.3171768353767642,0.1922888492254511,0.05386304326228231,0.08535224499352315,0.29310248617809465,-9.458538800368332,1.0,1.0,16.0,16.0,10000.0,eligible_receiver_family,14
n_tanker::Bohai Strait,external_onset,ar_lag1_7,Bohai Strait,n_tanker,130,37.0033185840708,4705.0,4804.646870189998,-99.64687018999737,-0.020714747093166726,0.026025426749546426,0.029515423629604146,-0.030190229761368745,0.0862351323387775,-1.583584719273095,0.9458054194580542,1.0,13.0,16.0,10000.0,eligible_receiver_family,14
n_tanker::Bosporus Strait,external_onset,ar_lag1_7,Bosporus Strait,n_tanker,130,23.190818584070797,3251.0,3016.9700852709775,234.02991472902244,0.07762684645106518,-0.005004228245538183,0.0271168519265527,-0.05824466364755299,0.048050441160492716,3.047222255754968,0.0008999100089991,0.015298470152984701,2.0,16.0,10000.0,eligible_receiver_family,14
n_tanker::Cape of Good Hope,external_onset,ar_lag1_7,Cape of Good Hope,n_tanker,130,10.896017699115044,2255.0,1416.1292494877289,838.8707505122712,0.5922211311699282,-0.13116571965126692,0.04071607324973833,-0.20637584012990448,-0.04673034174606494,17.766616303693876,9.999000099990002e-05,9.999000099990002e-05,1.0,16.0,10000.0,eligible_receiver_family,14
n_tanker::Dover Strait,external_onset,ar_lag1_7,Dover Strait,n_tanker,130,56.14048672566372,8327.0,7325.535622784417,1001.4643772155839,0.13721954656488586,0.09328369118225797,0.02471672542604638,0.04666142863528866,0.14300265964510916,1.7775758975065712,0.0428957104289571,0.30146985301469853,7.0,16.0,10000.0,eligible_receiver_family,14
n_tanker::Gibraltar Strait,external_onset,ar_lag1_7,Gibraltar Strait,n_tanker,130,41.608960176991154,6238.0,5464.766838278131,773.233161721869,0.14294871519403207,0.15237754594500405,0.03128203961873582,0.09092858622553367,0.21225913968834678,-0.3014135544194103,0.6199380061993801,0.9934006599340066,11.0,16.0,10000.0,eligible_receiver_family,14
n_tanker::Korea Strait,external_onset,ar_lag1_7,Korea Strait,n_tanker,130,63.254977876106196,8139.0,8213.191223743845,-74.19122374384412,-0.00902224204748428,-0.015576428362650387,0.021420263839128675,-0.06184862672022679,0.022313223332580328,0.3059806529177054,0.40045995400459955,0.9679032096790321,9.0,16.0,10000.0,eligible_receiver_family,14
n_tanker::Lombok Strait,external_onset,ar_lag1_7,Lombok Strait,n_tanker,130,6.991150442477876,991.0,908.38289509293,82.61710490707009,0.0909029489240401,0.016296541998616854,0.030760732171969545,-0.04407377761706538,0.07555256305220891,2.4253781252127578,0.007499250074992501,0.0862913708629137,4.0,16.0,10000.0,eligible_receiver_family,14
n_tanker::Luzon Strait,external_onset,ar_lag1_7,Luzon Strait,n_tanker,130,24.627765486725664,3822.0,3196.938904338276,625.0610956617238,0.19523339528762956,0.09185402868380164,0.03870653948047923,0.015015880977792995,0.16719098770253765,2.670850145515203,0.0031996800319968005,0.044995500449955005,3.0,16.0,10000.0,eligible_receiver_family,14
n_tanker::Makassar Strait,external_onset,ar_lag1_7,Makassar Strait,n_tanker,130,5.382743362831858,689.0,699.882661046084,-10.882661046084063,-0.015552065486831695,0.07506473823674924,0.038707781975712056,0.0016840490966656464,0.1523556900771939,-2.3410487271122946,0.9933006699330067,1.0,15.0,16.0,10000.0,eligible_receiver_family,14
n_tanker::Malacca Strait,external_onset,ar_lag1_7,Malacca Strait,n_tanker,130,72.55530973451327,10754.0,9578.501378272991,1175.498621727009,0.12462626268558953,0.11923803183134751,0.03869675735060649,0.03916228632856296,0.1889491726341067,0.1392424384664254,0.46465353464653536,0.9717028297170283,10.0,16.0,10000.0,eligible_receiver_family,14
n_tanker::Oresund Strait,external_onset,ar_lag1_7,Oresund Strait,n_tanker,130,11.860619469026549,1519.0,1542.7006462028571,-23.700646202857126,-0.015371259787484281,-0.027945945846041625,0.026306058702663084,-0.07806177309143583,0.025542747268496365,0.4780148254319964,0.3066693330666933,0.9584041595840416,8.0,16.0,10000.0,eligible_receiver_family,14
n_tanker::Sunda Strait,external_onset,ar_lag1_7,Sunda Strait,n_tanker,130,10.803097345132743,1554.0,1405.8659345296428,148.13406547035729,0.10547834337749727,0.029095782884957105,0.03300225197598382,-0.03609375200984458,0.0924292701171354,2.3144651022034735,0.0096990300969903,0.10578942105789421,5.0,16.0,10000.0,eligible_receiver_family,14
n_tanker::Taiwan Strait,external_onset,ar_lag1_7,Taiwan Strait,n_tanker,130,58.26327433628319,6569.0,7557.032764524085,-988.032764524085,-0.13044670285665066,-0.09006811659010303,0.021246670177027395,-0.12956940855513055,-0.04644425327107073,-1.900466563942161,0.9785021497850215,1.0,14.0,16.0,10000.0,eligible_receiver_family,14
n_tanker::Tsugaru Strait,external_onset,ar_lag1_7,Tsugaru Strait,n_tanker,130,12.018805309734514,1471.0,1559.8378334104552,-88.83783341045527,-0.05685822606325998,-0.020319799273789862,0.038843561864042864,-0.09613939243209016,0.05600923878214151,-0.9406559294783264,0.825917408259174,0.9994000599940006,12.0,16.0,10000.0,eligible_receiver_family,14
n_tanker::Yucatan Channel,external_onset,ar_lag1_7,Yucatan Channel,n_tanker,130,21.99778761061947,3073.0,2858.258181366049,214.74181863395103,0.07509210346865276,0.03869959573351344,0.02020771067184355,-0.0012730871839732741,0.07777139761447231,1.8009218523623702,0.0324967503249675,0.30146985301469853,6.0,16.0,10000.0,eligible_receiver_family,14
n_tanker::Bab el-Mandeb Strait,external_onset,chronos2_univariate,Bab el-Mandeb Strait,n_tanker,130,20.027101769911503,1822.0,3514.083604812622,-1692.083604812622,-0.6499206864211874,0.04595868902573209,0.02965360810876585,-0.00769741171262839,0.10608954447627504,-23.466937746479893,1.0,1.0,16.0,16.0,10000.0,eligible_receiver_family,14
n_tanker::Bohai Strait,external_onset,chronos2_univariate,Bohai Strait,n_tanker,130,37.0033185840708,4705.0,4816.816757202148,-111.81675720214844,-0.023244642223123647,-0.018566893314771515,0.031066220547917564,-0.07646008772412338,0.045145094827026284,-0.15057347903447146,0.5442455754424558,0.9944005599440056,10.0,16.0,10000.0,eligible_receiver_family,14
n_tanker::Bosporus Strait,external_onset,chronos2_univariate,Bosporus Strait,n_tanker,130,23.190818584070797,3251.0,3220.989646911621,30.010353088378906,0.00995432175340164,0.00041970795332957697,0.02722961920456586,-0.05483145566917314,0.051182246314751115,0.35015597274578486,0.3725627437256274,0.9656034396560343,9.0,16.0,10000.0,eligible_receiver_family,14
n_tanker::Cape of Good Hope,external_onset,chronos2_univariate,Cape of Good Hope,n_tanker,130,10.896017699115044,2255.0,1242.6398105621338,1012.3601894378662,0.7147002040232965,-0.003512651398764151,0.03434342062900947,-0.06924456923967784,0.06583292297250075,20.912676788385923,9.999000099990002e-05,9.999000099990002e-05,1.0,16.0,10000.0,eligible_receiver_family,14
n_tanker::Dover Strait,external_onset,chronos2_univariate,Dover Strait,n_tanker,130,56.14048672566372,8327.0,8614.55228805542,-287.5522880554199,-0.03940009797489395,0.027859494443486597,0.016773058501787317,-0.004120014388236271,0.06155925537443153,-4.009977811215137,1.0,1.0,14.0,16.0,10000.0,eligible_receiver_family,14
n_tanker::Gibraltar Strait,external_onset,chronos2_univariate,Gibraltar Strait,n_tanker,130,41.608960176991154,6238.0,6766.097415924072,-528.0974159240723,-0.09763012095281612,0.01611859033536214,0.0262589579028893,-0.03234962313026371,0.07038071889254396,-4.33180599583742,1.0,1.0,15.0,16.0,10000.0,eligible_receiver_family,14
n_tanker::Korea Strait,external_onset,chronos2_univariate,Korea Strait,n_tanker,130,63.254977876106196,8139.0,7459.176643371582,679.823356628418,0.08267191944712642,-0.013293705585552908,0.02036664517620536,-0.056708170551740225,0.02389709953036463,4.711901454678325,9.999000099990002e-05,0.00029997000299970003,2.0,16.0,10000.0,eligible_receiver_family,14
n_tanker::Lombok Strait,external_onset,chronos2_univariate,Lombok Strait,n_tanker,130,6.991150442477876,991.0,915.3211679458618,75.67883205413818,0.08326882202646169,0.053277195650113456,0.03263358379663422,-0.011976523670620904,0.11645375848071834,0.9190417627205727,0.18118188181181882,0.8698130186981302,6.0,16.0,10000.0,eligible_receiver_family,14
n_tanker::Luzon Strait,external_onset,chronos2_univariate,Luzon Strait,n_tanker,130,24.627765486725664,3822.0,3443.104393005371,378.8956069946289,0.1183453526807916,0.019900112384678367,0.039710730672460635,-0.05961092941873678,0.09684584205262728,2.4790588999256298,0.006399360063993601,0.09769023097690231,3.0,16.0,10000.0,eligible_receiver_family,14
n_tanker::Makassar Strait,external_onset,chronos2_univariate,Makassar Strait,n_tanker,130,5.382743362831858,689.0,760.8329381942749,-71.8329381942749,-0.10265417200610913,0.0057540185652020645,0.042447970477299174,-0.07444889482212148,0.09129152764724976,-2.553907509648477,0.9968003199680032,1.0,13.0,16.0,10000.0,eligible_receiver_family,14
n_tanker::Malacca Strait,external_onset,chronos2_univariate,Malacca Strait,n_tanker,130,72.55530973451327,10754.0,10928.341430664062,-174.3414306640625,-0.018483663471250602,0.029102428703110524,0.033250353741202436,-0.02906852702769459,0.09899126334434578,-1.4311454411805082,0.9367063293670633,1.0,12.0,16.0,10000.0,eligible_receiver_family,14
n_tanker::Oresund Strait,external_onset,chronos2_univariate,Oresund Strait,n_tanker,130,11.860619469026549,1519.0,1512.187985420227,6.812014579772942,0.0044179911756666666,-0.010477963455268762,0.027803520886570485,-0.06446605788738255,0.04495308671572274,0.5357578520974441,0.28997100289971,0.9656034396560343,7.0,16.0,10000.0,eligible_receiver_family,14
n_tanker::Sunda Strait,external_onset,chronos2_univariate,Sunda Strait,n_tanker,130,10.803097345132743,1554.0,1473.8744659423828,80.12553405761719,0.05705310637225377,0.019482163185930584,0.031536142027239596,-0.04103050414468652,0.08284632994957776,1.1913614275922206,0.11818818118188182,0.7447255274472553,5.0,16.0,10000.0,eligible_receiver_family,14
n_tanker::Taiwan Strait,external_onset,chronos2_univariate,Taiwan Strait,n_tanker,130,58.26327433628319,6569.0,6617.639961242676,-48.63996124267577,-0.006421773446185814,-0.016623487813551188,0.020392329874243113,-0.05741789152220012,0.02269236194790936,0.5002721332127343,0.3104689531046895,0.9656034396560343,8.0,16.0,10000.0,eligible_receiver_family,14
n_tanker::Tsugaru Strait,external_onset,chronos2_univariate,Tsugaru Strait,n_tanker,130,12.018805309734514,1471.0,1520.9044389724731,-49.90443897247315,-0.031939971560845146,-0.006067617621791842,0.03823179137504741,-0.08121804184504976,0.0690315255030028,-0.6767235593344263,0.75002499750025,0.9998000199980002,11.0,16.0,10000.0,eligible_receiver_family,14
n_tanker::Yucatan Channel,external_onset,chronos2_univariate,Yucatan Channel,n_tanker,130,21.99778761061947,3073.0,2925.1361865997314,147.86381340026855,0.05170583375774328,0.018270061869041534,0.02519021255658927,-0.03199743909057214,0.06696588677253061,1.3273318680256865,0.09059094090590941,0.6873312668733127,4.0,16.0,10000.0,eligible_receiver_family,14
n_tanker::Cape of Good Hope,external_onset,ar_lag1_7,Cape of Good Hope,n_tanker,130,10.896017699115044,2255.0,1416.1292494877289,838.8707505122712,0.5922211311699282,-0.13116571965126636,0.04071607324973833,-0.20637584012990448,-0.04673034174606494,17.766616303693862,9.999000099990002e-05,9.999000099990002e-05,1.0,1.0,10000.0,ex_ante_designated_anchor,14
n_tanker::Cape of Good Hope,external_onset,chronos2_univariate,Cape of Good Hope,n_tanker,130,10.896017699115044,2255.0,1242.6398105621338,1012.3601894378662,0.7147002040232965,-0.0035126513987641388,0.03434342062900947,-0.06924456923967784,0.06583292297250075,20.912676788385923,9.999000099990002e-05,9.999000099990002e-05,1.0,1.0,10000.0,ex_ante_designated_anchor,14
n_dry_bulk::Cape of Good Hope,external_onset,ar_lag1_7,Cape of Good Hope,n_dry_bulk,130,27.81858407079646,4870.0,3619.2429041829973,1250.7570958170027,0.3458554326444588,0.017208449250681664,0.060738970577836046,-0.09255188659635213,0.1461241023852756,5.410809242685816,9.999000099990002e-05,9.999000099990002e-05,2.0,2.0,10000.0,anchor_negative_controls,28
n_roro::Cape of Good Hope,external_onset,ar_lag1_7,Cape of Good Hope,n_roro,130,1.0553097345132743,380.0,136.80263530711807,243.1973646928819,1.7727013198062027,-0.15134996653944746,0.05833905189237235,-0.2652044270097766,-0.0381849446986721,32.98050317813296,9.999000099990002e-05,9.999000099990002e-05,1.0,2.0,10000.0,anchor_negative_controls,28
n_dry_bulk::Cape of Good Hope,external_onset,chronos2_univariate,Cape of Good Hope,n_dry_bulk,130,27.81858407079646,4870.0,3579.7982234954834,1290.2017765045166,0.35676255214058405,0.030518895840430434,0.03187776243996681,-0.03201475273920925,0.09361137989148408,10.234208154181015,9.999000099990002e-05,9.999000099990002e-05,2.0,2.0,10000.0,anchor_negative_controls,28
n_roro::Cape of Good Hope,external_onset,chronos2_univariate,Cape of Good Hope,n_roro,130,1.0553097345132743,380.0,82.37340080738068,297.6265991926193,2.1694440063709717,0.24037370106124667,0.07228177007695745,0.09862071886819673,0.3809037997314687,26.688199573085566,9.999000099990002e-05,9.999000099990002e-05,1.0,2.0,10000.0,anchor_negative_controls,28
n_tanker::Bab el-Mandeb Strait,external_onset,ar_lag1_7,Bab el-Mandeb Strait,n_tanker,130,20.027101769911503,1822.0,2647.77725894936,-825.7772589493602,-0.3171768353767642,0.19273754870515677,0.07126130777433677,0.05209756747641774,0.32899187935126206,,,,,,,context_descriptive_not_tested,28
n_tanker::Suez Canal,external_onset,ar_lag1_7,Suez Canal,n_tanker,130,18.861725663716815,2018.0,2519.7537940353595,-501.7537940353598,-0.20462839075892922,0.22873725411036352,0.08221594520479168,0.0653158922002673,0.38542108400862657,,,,,,,context_descriptive_not_tested,28
n_tanker::Bab el-Mandeb Strait,external_onset,chronos2_univariate,Bab el-Mandeb Strait,n_tanker,130,20.027101769911503,1822.0,3514.083604812622,-1692.083604812622,-0.6499206864211874,0.04591394809032277,0.0363944291538646,-0.015369247507579434,0.12492278854072571,,,,,,,context_descriptive_not_tested,28
n_tanker::Suez Canal,external_onset,chronos2_univariate,Suez Canal,n_tanker,130,18.861725663716815,2018.0,3379.390693664551,-1361.3906936645508,-0.5552109224691328,0.07061776337591218,0.04703944019119791,-0.009808257697083676,0.17421855152097238,,,,,,,context_descriptive_not_tested,28
n_tanker::Bab el-Mandeb Strait,external_onset,ar_lag1_7,Bab el-Mandeb Strait,n_tanker,130,20.027101769911503,1822.0,2647.77725894936,-825.7772589493602,-0.3171768353767642,0.19273754870515677,0.07126130777433677,0.05209756747641774,0.32899187935126206,-7.155557482844228,1.0,1.0,16.0,16.0,10000.0,eligible_receiver_family,28
n_tanker::Bohai Strait,external_onset,ar_lag1_7,Bohai Strait,n_tanker,130,37.0033185840708,4705.0,4804.646870189998,-99.64687018999737,-0.020714747093166726,0.025883406923300628,0.034764217905403065,-0.03829668641899583,0.09681582330930553,-1.3404056476479818,0.9119088091190881,1.0,13.0,16.0,10000.0,eligible_receiver_family,28
n_tanker::Bosporus Strait,external_onset,ar_lag1_7,Bosporus Strait,n_tanker,130,23.190818584070797,3251.0,3016.9700852709775,234.02991472902244,0.07762684645106518,-0.004811067461121697,0.03194993123943145,-0.06773080724889718,0.0582519904884785,2.5802219508518065,0.0045995400459954,0.05319468053194681,2.0,16.0,10000.0,eligible_receiver_family,28
n_tanker::Cape of Good Hope,external_onset,ar_lag1_7,Cape of Good Hope,n_tanker,130,10.896017699115044,2255.0,1416.1292494877289,838.8707505122712,0.5922211311699282,-0.13093342134657127,0.05047261931311193,-0.22064995375899613,-0.026903529638628895,14.327660469339586,9.999000099990002e-05,9.999000099990002e-05,1.0,16.0,10000.0,eligible_receiver_family,28
n_tanker::Dover Strait,external_onset,ar_lag1_7,Dover Strait,n_tanker,130,56.14048672566372,8327.0,7325.535622784417,1001.4643772155839,0.13721954656488586,0.0930570349481211,0.03143418728868716,0.03556264134477189,0.15864670969818273,1.4049197840294851,0.0856914308569143,0.4931506849315068,7.0,16.0,10000.0,eligible_receiver_family,28
n_tanker::Gibraltar Strait,external_onset,ar_lag1_7,Gibraltar Strait,n_tanker,130,41.608960176991154,6238.0,5464.766838278131,773.233161721869,0.14294871519403207,0.15238668654636991,0.03958696355987335,0.07366894461256716,0.22691129784734096,-0.2384110955634011,0.5987401259874012,0.9916008399160084,11.0,16.0,10000.0,eligible_receiver_family,28
n_tanker::Korea Strait,external_onset,ar_lag1_7,Korea Strait,n_tanker,130,63.254977876106196,8139.0,8213.191223743845,-74.19122374384412,-0.00902224204748428,-0.015663624307153182,0.025720625834079247,-0.07290703034031427,0.025705215135992002,0.25821231188197685,0.45145485451454853,0.9809019098090191,9.0,16.0,10000.0,eligible_receiver_family,28
n_tanker::Lombok Strait,external_onset,ar_lag1_7,Lombok Strait,n_tanker,130,6.991150442477876,991.0,908.38289509293,82.61710490707009,0.0909029489240401,0.016838461741056993,0.032520389775026776,-0.047488285781531026,0.07992777552179184,2.2774784587563306,0.010698930106989302,0.1065893410658934,4.0,16.0,10000.0,eligible_receiver_family,28
n_tanker::Luzon Strait,external_onset,ar_lag1_7,Luzon Strait,n_tanker,130,24.627765486725664,3822.0,3196.938904338276,625.0610956617238,0.19523339528762956,0.09121726043363743,0.045319967932821476,0.0038579233090257495,0.18035149324121702,2.295150230648374,0.0108989101089891,0.1065893410658934,3.0,16.0,10000.0,eligible_receiver_family,28
n_tanker::Makassar Strait,external_onset,ar_lag1_7,Makassar Strait,n_tanker,130,5.382743362831858,689.0,699.882661046084,-10.882661046084063,-0.015552065486831695,0.07526856391289923,0.04259796957038905,-0.004941533929422309,0.1599936196945238,-2.1320412760438865,0.9876012398760124,1.0,15.0,16.0,10000.0,eligible_receiver_family,28
n_tanker::Malacca Strait,external_onset,ar_lag1_7,Malacca Strait,n_tanker,130,72.55530973451327,10754.0,9578.501378272991,1175.498621727009,0.12462626268558953,0.11883552697401115,0.051629943456545584,0.008608524135602192,0.20267039372605256,0.1121584747899669,0.48635136486351366,0.9809019098090191,10.0,16.0,10000.0,eligible_receiver_family,28
n_tanker::Oresund Strait,external_onset,ar_lag1_7,Oresund Strait,n_tanker,130,11.860619469026549,1519.0,1542.7006462028571,-23.700646202857126,-0.015371259787484281,-0.02749354703317197,0.026716306526981023,-0.08046437098147113,0.023372208215928662,0.4537411349673387,0.32786721327867213,0.9679032096790321,8.0,16.0,10000.0,eligible_receiver_family,28
n_tanker::Sunda Strait,external_onset,ar_lag1_7,Sunda Strait,n_tanker,130,10.803097345132743,1554.0,1405.8659345296428,148.13406547035729,0.10547834337749727,0.029520960569751595,0.04071217009318062,-0.05278002102715925,0.105175448114443,1.8657168761551404,0.024797520247975203,0.24957504249575044,5.0,16.0,10000.0,eligible_receiver_family,28
n_tanker::Taiwan Strait,external_onset,ar_lag1_7,Taiwan Strait,n_tanker,130,58.26327433628319,6569.0,7557.032764524085,-988.032764524085,-0.13044670285665066,-0.08995496344261951,0.024862930041910182,-0.13629817516912696,-0.03815755288628302,-1.6285988556367363,0.9564043595640436,1.0,14.0,16.0,10000.0,eligible_receiver_family,28
n_tanker::Tsugaru Strait,external_onset,ar_lag1_7,Tsugaru Strait,n_tanker,130,12.018805309734514,1471.0,1559.8378334104552,-88.83783341045527,-0.05685822606325998,-0.02010725890671117,0.04313829765261368,-0.10650904940681986,0.061677224205903235,-0.8519336449597271,0.8014198580141986,0.9994000599940006,12.0,16.0,10000.0,eligible_receiver_family,28
n_tanker::Yucatan Channel,external_onset,ar_lag1_7,Yucatan Channel,n_tanker,130,21.99778761061947,3073.0,2858.258181366049,214.74181863395103,0.07509210346865276,0.03839382398216403,0.023572242541039592,-0.00878760321298103,0.08310462653682488,1.5568429445181777,0.058694130586941305,0.42795720427957207,6.0,16.0,10000.0,eligible_receiver_family,28
n_tanker::Bab el-Mandeb Strait,external_onset,chronos2_univariate,Bab el-Mandeb Strait,n_tanker,130,20.027101769911503,1822.0,3514.083604812622,-1692.083604812622,-0.6499206864211874,0.04591394809032277,0.0363944291538646,-0.015369247507579434,0.12492278854072571,-19.119262224713914,1.0,1.0,16.0,16.0,10000.0,eligible_receiver_family,28
n_tanker::Bohai Strait,external_onset,chronos2_univariate,Bohai Strait,n_tanker,130,37.0033185840708,4705.0,4816.816757202148,-111.81675720214844,-0.023244642223123647,-0.019181278677945033,0.037169897959058965,-0.08477291071010029,0.06112709505195287,-0.10931866290443502,0.5107489251074893,0.9903009699030098,10.0,16.0,10000.0,eligible_receiver_family,28
n_tanker::Bosporus Strait,external_onset,chronos2_univariate,Bosporus Strait,n_tanker,130,23.190818584070797,3251.0,3220.989646911621,30.010353088378906,0.00995432175340164,0.00026609842552943974,0.031984142686321035,-0.06588226371603627,0.05928170163072907,0.302907081890166,0.39386061393860616,0.9649035096490352,9.0,16.0,10000.0,eligible_receiver_family,28
n_tanker::Cape of Good Hope,external_onset,chronos2_univariate,Cape of Good Hope,n_tanker,130,10.896017699115044,2255.0,1242.6398105621338,1012.3601894378662,0.7147002040232965,-0.004018530816476394,0.04028209148464832,-0.0803939049595271,0.07550223853183137,17.842140473606733,9.999000099990002e-05,9.999000099990002e-05,1.0,16.0,10000.0,eligible_receiver_family,28
n_tanker::Dover Strait,external_onset,chronos2_univariate,Dover Strait,n_tanker,130,56.14048672566372,8327.0,8614.55228805542,-287.5522880554199,-0.03940009797489395,0.028099697848963844,0.019843097266562554,-0.009232507930029884,0.06833697106034921,-3.4016764075233943,1.0,1.0,14.0,16.0,10000.0,eligible_receiver_family,28
n_tanker::Gibraltar Strait,external_onset,chronos2_univariate,Gibraltar Strait,n_tanker,130,41.608960176991154,6238.0,6766.097415924072,-528.0974159240723,-0.09763012095281612,0.01643437790906507,0.03318278928394885,-0.042163556391384506,0.08725831024114157,-3.437459638664444,1.0,1.0,15.0,16.0,10000.0,eligible_receiver_family,28
n_tanker::Korea Strait,external_onset,chronos2_univariate,Korea Strait,n_tanker,130,63.254977876106196,8139.0,7459.176643371582,679.823356628418,0.08267191944712642,-0.013125085220911813,0.02413259851560599,-0.06647386239372297,0.02654772931709697,3.9696100113748023,9.999000099990002e-05,0.0015998400159984002,2.0,16.0,10000.0,eligible_receiver_family,28
n_tanker::Lombok Strait,external_onset,chronos2_univariate,Lombok Strait,n_tanker,130,6.991150442477876,991.0,915.3211679458618,75.67883205413818,0.08326882202646169,0.05373807151079358,0.0354269318370217,-0.01693485271478001,0.1225340585827015,0.8335678249395566,0.20237976202379762,0.8879112088791121,6.0,16.0,10000.0,eligible_receiver_family,28
n_tanker::Luzon Strait,external_onset,chronos2_univariate,Luzon Strait,n_tanker,130,24.627765486725664,3822.0,3443.104393005371,378.8956069946289,0.1183453526807916,0.01994292948612915,0.04687324263626883,-0.0715510181820096,0.11005806963950919,2.099330399611018,0.016198380161983803,0.22007799220077992,3.0,16.0,10000.0,eligible_receiver_family,28
n_tanker::Makassar Strait,external_onset,chronos2_univariate,Makassar Strait,n_tanker,130,5.382743362831858,689.0,760.8329381942749,-71.8329381942749,-0.10265417200610913,0.0052004920314620015,0.049032918687820296,-0.08896660013291419,0.10126355892663096,-2.1996378539946484,0.9874012598740126,1.0,13.0,16.0,10000.0,eligible_receiver_family,28
n_tanker::Malacca Strait,external_onset,chronos2_univariate,Malacca Strait,n_tanker,130,72.55530973451327,10754.0,10928.341430664062,-174.3414306640625,-0.018483663471250602,0.029083854172891988,0.044643079625769834,-0.04075476337691314,0.1278429426545126,-1.0655070851493105,0.8657134286571343,0.9998000199980002,12.0,16.0,10000.0,eligible_receiver_family,28
n_tanker::Oresund Strait,external_onset,chronos2_univariate,Oresund Strait,n_tanker,130,11.860619469026549,1519.0,1512.187985420227,6.812014579772942,0.0044179911756666666,-0.010558656107934385,0.029613191584060145,-0.06921016982612511,0.047370559724868457,0.5057424236454984,0.30696930306969306,0.9649035096490352,7.0,16.0,10000.0,eligible_receiver_family,28
n_tanker::Sunda Strait,external_onset,chronos2_univariate,Sunda Strait,n_tanker,130,10.803097345132743,1554.0,1473.8744659423828,80.12553405761719,0.05705310637225377,0.019742736396594147,0.03708021768063765,-0.05065243805905882,0.09328636808471553,1.006206875509853,0.15528447155284472,0.8266173382661733,5.0,16.0,10000.0,eligible_receiver_family,28
n_tanker::Taiwan Strait,external_onset,chronos2_univariate,Taiwan Strait,n_tanker,130,58.26327433628319,6569.0,6617.639961242676,-48.63996124267577,-0.006421773446185814,-0.016537579389830616,0.023134578463578585,-0.0652542269109863,0.024890541351880378,0.4372591426107201,0.34636536346365365,0.9649035096490352,8.0,16.0,10000.0,eligible_receiver_family,28
n_tanker::Tsugaru Strait,external_onset,chronos2_univariate,Tsugaru Strait,n_tanker,130,12.018805309734514,1471.0,1520.9044389724731,-49.90443897247315,-0.031939971560845146,-0.006009509264016522,0.04262648302475963,-0.08903947334244987,0.07688120128633347,-0.6083181265920271,0.7229277072292771,0.9997000299970003,11.0,16.0,10000.0,eligible_receiver_family,28
n_tanker::Yucatan Channel,external_onset,chronos2_univariate,Yucatan Channel,n_tanker,130,21.99778761061947,3073.0,2925.1361865997314,147.86381340026855,0.05170583375774328,0.018535802907465846,0.02977617067556569,-0.03879359256418956,0.0769530197337862,1.1139790677481824,0.1331866813318668,0.8075192480751925,4.0,16.0,10000.0,eligible_receiver_family,28
n_tanker::Cape of Good Hope,external_onset,ar_lag1_7,Cape of Good Hope,n_tanker,130,10.896017699115044,2255.0,1416.1292494877289,838.8707505122712,0.5922211311699282,-0.1309334213465715,0.05047261931311193,-0.22064995375899613,-0.026903529638628895,14.327660469339591,9.999000099990002e-05,9.999000099990002e-05,1.0,1.0,10000.0,ex_ante_designated_anchor,28
n_tanker::Cape of Good Hope,external_onset,chronos2_univariate,Cape of Good Hope,n_tanker,130,10.896017699115044,2255.0,1242.6398105621338,1012.3601894378662,0.7147002040232965,-0.0040185308164764144,0.04028209148464832,-0.0803939049595271,0.07550223853183137,17.842140473606733,9.999000099990002e-05,9.999000099990002e-05,1.0,1.0,10000.0,ex_ante_designated_anchor,28
n_dry_bulk::Cape of Good Hope,register_onset,ar_lag1_7,Cape of Good Hope,n_dry_bulk,130,27.853645266594125,5288.0,3641.7912560348805,1646.208743965119,0.4546314876614887,0.017842110423397565,0.03623152984506317,-0.049123650649754394,0.09162665563470189,12.055504669715377,9.999000099990002e-05,9.999000099990002e-05,2.0,2.0,10000.0,anchor_negative_controls,7
n_roro::Cape of Good Hope,register_onset,ar_lag1_7,Cape of Good Hope,n_roro,130,1.0761697497279652,409.0,140.29932192243464,268.7006780775654,1.9206340760152647,-0.11200161842954853,0.09030709801005662,-0.2679394117237622,0.0831495846230173,22.508039115800823,9.999000099990002e-05,9.999000099990002e-05,1.0,2.0,10000.0,anchor_negative_controls,7
n_dry_bulk::Cape of Good Hope,register_onset,chronos2_univariate,Cape of Good Hope,n_dry_bulk,130,27.853645266594125,5288.0,4227.157167434692,1060.8428325653076,0.29297168837927917,0.023731799959550572,0.02943298994003725,-0.03336230862199137,0.08264065832442861,9.147554800522855,9.999000099990002e-05,9.999000099990002e-05,1.0,2.0,10000.0,anchor_negative_controls,7
n_roro::Cape of Good Hope,register_onset,chronos2_univariate,Cape of Good Hope,n_roro,130,1.0761697497279652,409.0,7196.99680185318,-6787.99680185318,-48.51963180293282,0.2692433928000315,0.09379221889679888,0.10511698291279382,0.47537685462516965,-520.1804133604734,1.0,1.0,2.0,2.0,10000.0,anchor_negative_controls,7
n_tanker::Bab el-Mandeb Strait,register_onset,ar_lag1_7,Bab el-Mandeb Strait,n_tanker,130,20.03264417845484,1588.0,2578.388897919415,-990.3888979194146,-0.38029808097101997,0.18826026129358994,0.04080538928320002,0.10822074053089534,0.2682484889410588,,,,,,,context_descriptive_not_tested,7
n_tanker::Suez Canal,register_onset,ar_lag1_7,Suez Canal,n_tanker,130,18.897170837867247,1841.0,2433.1546176869288,-592.1546176869289,-0.24104325243972707,0.22791995121064557,0.0469797755481193,0.13381972520641836,0.31819412355766913,,,,,,,context_descriptive_not_tested,7
n_tanker::Bab el-Mandeb Strait,register_onset,chronos2_univariate,Bab el-Mandeb Strait,n_tanker,130,20.03264417845484,1588.0,2636.665120124817,-1048.665120124817,-0.4026754879850862,0.033569450625874644,0.030845893714523953,-0.02766353174439994,0.0924251679720245,,,,,,,context_descriptive_not_tested,7
n_tanker::Suez Canal,register_onset,chronos2_univariate,Suez Canal,n_tanker,130,18.897170837867247,1841.0,2581.752721786499,-740.752721786499,-0.3015317958854437,0.040598068242858304,0.03736528903015954,-0.030742835527536896,0.11391418103994821,,,,,,,context_descriptive_not_tested,7
n_tanker::Bab el-Mandeb Strait,register_onset,ar_lag1_7,Bab el-Mandeb Strait,n_tanker,130,20.03264417845484,1588.0,2578.388897919415,-990.3888979194146,-0.38029808097101997,0.18826026129358994,0.04080538928320002,0.10822074053089534,0.2682484889410588,-13.93341301852721,1.0,1.0,16.0,16.0,10000.0,eligible_receiver_family,7
n_tanker::Bohai Strait,register_onset,ar_lag1_7,Bohai Strait,n_tanker,130,36.98639825897715,4735.0,4820.274267501947,-85.27426750194755,-0.01773505760869605,0.02114439231006841,0.025647462069968194,-0.02875507742400646,0.07190381437682274,-1.5159180199856976,0.936906309369063,0.9999000099990001,14.0,16.0,10000.0,eligible_receiver_family,7
n_tanker::Bosporus Strait,register_onset,ar_lag1_7,Bosporus Strait,n_tanker,130,23.19260065288357,3328.0,3012.6818977595676,315.31810224043227,0.10458179743143085,-0.005495505196751989,0.023761094291650214,-0.05249366585595486,0.04130985592545973,4.632669744796419,9.999000099990002e-05,9.999000099990002e-05,2.0,16.0,10000.0,eligible_receiver_family,7
n_tanker::Cape of Good Hope,register_onset,ar_lag1_7,Cape of Good Hope,n_tanker,130,10.914581066376495,2497.0,1420.144808033166,1076.855191966834,0.7589390216896315,-0.12775405920399519,0.03521064060479092,-0.19559843408371858,-0.056208337472191575,25.182531918291176,9.999000099990002e-05,9.999000099990002e-05,1.0,16.0,10000.0,eligible_receiver_family,7
n_tanker::Dover Strait,register_onset,ar_lag1_7,Dover Strait,n_tanker,130,56.255168661588684,8340.0,7338.52256014466,1001.4774398553411,0.13694159661336083,0.09408660256595695,0.019512438281754398,0.05660636236546536,0.13325654847468166,2.1962910748820423,0.015198480151984802,0.1344865513448655,6.0,16.0,10000.0,eligible_receiver_family,7
n_tanker::Gibraltar Strait,register_onset,ar_lag1_7,Gibraltar Strait,n_tanker,130,41.73939064200218,6107.0,5468.770284412609,638.2297155873904,0.11762173034054466,0.15435423436568912,0.024440258591361237,0.10646663344461554,0.20207006326145735,-1.502950710927752,0.9353064693530647,0.9999000099990001,13.0,16.0,10000.0,eligible_receiver_family,7
n_tanker::Korea Strait,register_onset,ar_lag1_7,Korea Strait,n_tanker,130,63.19042437431991,8303.0,8209.874709194464,93.12529080553665,0.011336344041122449,-0.018288560774603852,0.017958530090512258,-0.054413196005841026,0.015649742534676173,1.6496285980208119,0.046295370462953706,0.36806319368063195,7.0,16.0,10000.0,eligible_receiver_family,7
n_tanker::Lombok Strait,register_onset,ar_lag1_7,Lombok Strait,n_tanker,130,7.0,1000.0,910.3126531468188,89.6873468531813,0.09855752401448493,0.022516191537644732,0.030446705362808944,-0.03678168215729305,0.08191565213667246,2.497522525695857,0.006799320067993201,0.0673932606739326,5.0,16.0,10000.0,eligible_receiver_family,7
n_tanker::Luzon Strait,register_onset,ar_lag1_7,Luzon Strait,n_tanker,130,24.670293797606092,3956.0,3217.991724591361,738.0082754086392,0.23011427348560728,0.08881196787444523,0.0334462402866536,0.021508661329758014,0.15284259947785447,4.224759028223192,9.999000099990002e-05,9.999000099990002e-05,3.0,16.0,10000.0,eligible_receiver_family,7
n_tanker::Makassar Strait,register_onset,ar_lag1_7,Makassar Strait,n_tanker,130,5.390097932535364,639.0,700.3202743621121,-61.32027436211215,-0.0875112890478078,0.07201539071815662,0.035798939678908466,0.0020349924752896048,0.14212814103043991,-4.456184490289587,1.0,1.0,15.0,16.0,10000.0,eligible_receiver_family,7
n_tanker::Malacca Strait,register_onset,ar_lag1_7,Malacca Strait,n_tanker,130,72.74863982589771,10708.0,9562.649464909167,1145.3505350908335,0.12110726403343076,0.12251828532555967,0.028169026229151538,0.06531978668869988,0.1750334921274761,-0.05009123427449779,0.5276472352764724,0.9758024197580242,11.0,16.0,10000.0,eligible_receiver_family,7
n_tanker::Oresund Strait,register_onset,ar_lag1_7,Oresund Strait,n_tanker,130,11.856909684439609,1517.0,1541.390019669359,-24.39001966935897,-0.015823308173154325,-0.028113064322606532,0.025262057787013206,-0.07698413237071937,0.02135581072257829,0.4864906989394253,0.31526847315268475,0.9325067493250675,9.0,16.0,10000.0,eligible_receiver_family,7
n_tanker::Sunda Strait,register_onset,ar_lag1_7,Sunda Strait,n_tanker,130,10.831882480957562,1499.0,1409.248786537474,89.75121346252598,0.0637372082761653,0.03197967385841422,0.02906534145255981,-0.025291439020078337,0.08922622234136705,1.092625540614599,0.13988601139886012,0.7006299370062994,8.0,16.0,10000.0,eligible_receiver_family,7
n_tanker::Taiwan Strait,register_onset,ar_lag1_7,Taiwan Strait,n_tanker,130,58.11697497279652,6670.0,7536.036471294507,-866.0364712945068,-0.11462776603696284,-0.09438206873966573,0.018597535524574594,-0.12995180845892923,-0.05680732031357658,-1.088622590371969,0.8613138686131386,0.9999000099990001,12.0,16.0,10000.0,eligible_receiver_family,7
n_tanker::Tsugaru Strait,register_onset,ar_lag1_7,Tsugaru Strait,n_tanker,130,11.992927094668117,1521.0,1557.3760961405437,-36.37609614054338,-0.023331762291995278,-0.026274716454497412,0.0351282993133109,-0.09633755246850956,0.04174666989361825,0.08377730263152772,0.47015298470152983,0.9758024197580242,10.0,16.0,10000.0,eligible_receiver_family,7
n_tanker::Yucatan Channel,register_onset,ar_lag1_7,Yucatan Channel,n_tanker,130,22.01196953210011,3190.0,2860.645494895997,329.35450510400267,0.11509629746729882,0.041448015343522465,0.01762487752294306,0.006669276388827237,0.0763397704229052,4.178654973795149,9.999000099990002e-05,9.999000099990002e-05,4.0,16.0,10000.0,eligible_receiver_family,7
n_tanker::Bab el-Mandeb Strait,register_onset,chronos2_univariate,Bab el-Mandeb Strait,n_tanker,130,20.03264417845484,1588.0,2636.665120124817,-1048.665120124817,-0.4026754879850862,0.033569450625874644,0.030845893714523953,-0.02766353174439994,0.0924251679720245,-14.142723263211938,1.0,1.0,16.0,16.0,10000.0,eligible_receiver_family,7
n_tanker::Bohai Strait,register_onset,chronos2_univariate,Bohai Strait,n_tanker,130,36.98639825897715,4735.0,4746.92786026001,-11.927860260009751,-0.0024807165755474578,-0.0090302470133143,0.03064613844481681,-0.06775457191590953,0.05290944990708106,0.2137147050210029,0.41305869413058693,0.9706029397060294,10.0,16.0,10000.0,eligible_receiver_family,7
n_tanker::Bosporus Strait,register_onset,chronos2_univariate,Bosporus Strait,n_tanker,130,23.19260065288357,3328.0,3115.5349731445312,212.46502685546875,0.07046843883044579,-0.00776016331236627,0.023483694267875162,-0.05506538080190439,0.03612887211624698,3.3311880682174415,0.00039996000399960006,0.0057994200579942,5.0,16.0,10000.0,eligible_receiver_family,7
n_tanker::Cape of Good Hope,register_onset,chronos2_univariate,Cape of Good Hope,n_tanker,130,10.914581066376495,2497.0,1438.275465965271,1058.724534034729,0.7461610141207133,0.010586574461698754,0.03222711646571071,-0.05060224143362264,0.07571902996620865,22.824705413581057,9.999000099990002e-05,9.999000099990002e-05,1.0,16.0,10000.0,eligible_receiver_family,7
n_tanker::Dover Strait,register_onset,chronos2_univariate,Dover Strait,n_tanker,130,56.255168661588684,8340.0,8448.483295440674,-108.48329544067383,-0.014833959400693705,0.025738596021868045,0.01806090899962865,-0.009951752066194792,0.06137622068139175,-2.2464293144600838,0.9864013598640136,1.0,13.0,16.0,10000.0,eligible_receiver_family,7
n_tanker::Gibraltar Strait,register_onset,chronos2_univariate,Gibraltar Strait,n_tanker,130,41.73939064200218,6107.0,6597.826152801514,-490.8261528015137,-0.09045617898842821,0.006270613155028455,0.0219376410047386,-0.037151306432742774,0.049686298939570404,-4.409170162031705,1.0,1.0,14.0,16.0,10000.0,eligible_receiver_family,7
n_tanker::Korea Strait,register_onset,chronos2_univariate,Korea Strait,n_tanker,130,63.19042437431991,8303.0,7685.104690551758,617.8953094482422,0.07521773890540848,-0.018243855035992407,0.017460011590369192,-0.054169392727680746,0.01465337185341645,5.352894152312795,9.999000099990002e-05,9.999000099990002e-05,2.0,16.0,10000.0,eligible_receiver_family,7
n_tanker::Lombok Strait,register_onset,chronos2_univariate,Lombok Strait,n_tanker,130,7.0,1000.0,925.9754815101624,74.02451848983765,0.0813456247141073,0.05578475101109408,0.03187171085458621,-0.008413819651027303,0.11767157272978145,0.8019925199382613,0.21037896210378962,0.9197080291970803,6.0,16.0,10000.0,eligible_receiver_family,7
n_tanker::Luzon Strait,register_onset,chronos2_univariate,Luzon Strait,n_tanker,130,24.670293797606092,3956.0,3465.135471343994,490.86452865600586,0.15305375041897476,-0.006628835181823721,0.030662127115573746,-0.06756840693169881,0.05111429968655391,5.2078117411395555,9.999000099990002e-05,9.999000099990002e-05,3.0,16.0,10000.0,eligible_receiver_family,7
n_tanker::Makassar Strait,register_onset,chronos2_univariate,Makassar Strait,n_tanker,130,5.390097932535364,639.0,768.6449065208435,-129.6449065208435,-0.18501862566896007,-0.009068113047549039,0.03763920758155798,-0.08186731711628062,0.06538547727236058,-4.674660385454587,1.0,1.0,15.0,16.0,10000.0,eligible_receiver_family,7
n_tanker::Malacca Strait,register_onset,chronos2_univariate,Malacca Strait,n_tanker,130,72.74863982589771,10708.0,10782.093284606934,-74.0932846069336,-0.007834487964232193,0.02318113125261877,0.01984430754077699,-0.014296477551306249,0.06276629737319725,-1.5629479211163528,0.9452054794520548,1.0,11.0,16.0,10000.0,eligible_receiver_family,7
n_tanker::Oresund Strait,register_onset,chronos2_univariate,Oresund Strait,n_tanker,130,11.856909684439609,1517.0,1504.4222631454468,12.57773685455322,0.008159952680172115,-0.012213000014852572,0.025859844821083326,-0.06230086429931315,0.03905312294201934,0.7878219237578247,0.21547845215478453,0.9197080291970803,7.0,16.0,10000.0,eligible_receiver_family,7
n_tanker::Sunda Strait,register_onset,chronos2_univariate,Sunda Strait,n_tanker,130,10.831882480957562,1499.0,1543.3069343566895,-44.30693435668946,-0.03146475901799157,0.023075310003350943,0.028134017900298437,-0.032423651135608904,0.07812160431058496,-1.9385808743927744,0.973002699730027,1.0,12.0,16.0,10000.0,eligible_receiver_family,7
n_tanker::Taiwan Strait,register_onset,chronos2_univariate,Taiwan Strait,n_tanker,130,58.11697497279652,6670.0,6697.495094299316,-27.495094299316406,-0.0036392246065518126,-0.013736758086261317,0.019102841609725432,-0.050596927378178704,0.024539139692093974,0.5285880334457026,0.2967703229677032,0.9512048795120488,8.0,16.0,10000.0,eligible_receiver_family,7
n_tanker::Tsugaru Strait,register_onset,chronos2_univariate,Tsugaru Strait,n_tanker,130,11.992927094668117,1521.0,1518.1802406311035,2.8197593688964773,0.0018086040640956055,-0.00951618581681657,0.035081171566152466,-0.0783672882581165,0.057862230307279716,0.3228167525579085,0.3795620437956204,0.9706029397060294,9.0,16.0,10000.0,eligible_receiver_family,7
n_tanker::Yucatan Channel,register_onset,chronos2_univariate,Yucatan Channel,n_tanker,130,22.01196953210011,3190.0,2903.9194927215576,286.0805072784424,0.09997375671214156,0.01309515111813538,0.02062036390700767,-0.027370059396088282,0.05430890069037446,4.213243082702395,9.999000099990002e-05,9.999000099990002e-05,4.0,16.0,10000.0,eligible_receiver_family,7
n_tanker::Cape of Good Hope,register_onset,ar_lag1_7,Cape of Good Hope,n_tanker,130,10.914581066376495,2497.0,1420.144808033166,1076.855191966834,0.7589390216896315,-0.12775405920399516,0.03521064060479092,-0.19559843408371858,-0.056208337472191575,25.182531918291176,9.999000099990002e-05,9.999000099990002e-05,1.0,1.0,10000.0,ex_ante_designated_anchor,7
n_tanker::Cape of Good Hope,register_onset,chronos2_univariate,Cape of Good Hope,n_tanker,130,10.914581066376495,2497.0,1438.275465965271,1058.724534034729,0.7461610141207133,0.010586574461698748,0.03222711646571071,-0.05060224143362264,0.07571902996620865,22.824705413581057,9.999000099990002e-05,9.999000099990002e-05,1.0,1.0,10000.0,ex_ante_designated_anchor,7
n_dry_bulk::Cape of Good Hope,register_onset,ar_lag1_7,Cape of Good Hope,n_dry_bulk,130,27.853645266594125,5288.0,3641.7912560348805,1646.208743965119,0.4546314876614887,0.01781983573545816,0.04531491059920419,-0.06612473692293844,0.11086112401886676,9.639468469649849,9.999000099990002e-05,9.999000099990002e-05,2.0,2.0,10000.0,anchor_negative_controls,14
n_roro::Cape of Good Hope,register_onset,ar_lag1_7,Cape of Good Hope,n_roro,130,1.0761697497279652,409.0,140.29932192243464,268.7006780775654,1.9206340760152647,-0.11005547361777965,0.09792556071166564,-0.2660925915757174,0.12018922807879899,20.7370734961861,9.999000099990002e-05,9.999000099990002e-05,1.0,2.0,10000.0,anchor_negative_controls,14
n_dry_bulk::Cape of Good Hope,register_onset,chronos2_univariate,Cape of Good Hope,n_dry_bulk,130,27.853645266594125,5288.0,4227.157167434692,1060.8428325653076,0.29297168837927917,0.023848638290831534,0.03439041247331885,-0.043856993152558484,0.09023998230068049,7.825525509391364,9.999000099990002e-05,9.999000099990002e-05,1.0,2.0,10000.0,anchor_negative_controls,14
n_roro::Cape of Good Hope,register_onset,chronos2_univariate,Cape of Good Hope,n_roro,130,1.0761697497279652,409.0,7196.99680185318,-6787.99680185318,-48.51963180293282,0.2692431447719,0.10241658082760426,0.10346136296283145,0.5081845573085485,-476.3767209708947,1.0,1.0,2.0,2.0,10000.0,anchor_negative_controls,14
n_tanker::Bab el-Mandeb Strait,register_onset,ar_lag1_7,Bab el-Mandeb Strait,n_tanker,130,20.03264417845484,1588.0,2578.388897919415,-990.3888979194146,-0.38029808097101997,0.18785168255587872,0.05394515342033177,0.08119543542570432,0.2916757214927927,,,,,,,context_descriptive_not_tested,14
n_tanker::Suez Canal,register_onset,ar_lag1_7,Suez Canal,n_tanker,130,18.897170837867247,1841.0,2433.1546176869288,-592.1546176869289,-0.24104325243972707,0.2269746696640565,0.061715990044819626,0.10404248199962768,0.3458572247438434,,,,,,,context_descriptive_not_tested,14
n_tanker::Bab el-Mandeb Strait,register_onset,chronos2_univariate,Bab el-Mandeb Strait,n_tanker,130,20.03264417845484,1588.0,2636.665120124817,-1048.665120124817,-0.4026754879850862,0.0332028613809638,0.0371811418102573,-0.042997977988597315,0.1052238269886281,,,,,,,context_descriptive_not_tested,14
n_tanker::Suez Canal,register_onset,chronos2_univariate,Suez Canal,n_tanker,130,18.897170837867247,1841.0,2581.752721786499,-740.752721786499,-0.3015317958854437,0.04021686454992434,0.04579327971114111,-0.04252189802482294,0.1364335420945586,,,,,,,context_descriptive_not_tested,14
n_tanker::Bab el-Mandeb Strait,register_onset,ar_lag1_7,Bab el-Mandeb Strait,n_tanker,130,20.03264417845484,1588.0,2578.388897919415,-990.3888979194146,-0.38029808097101997,0.18785168255587872,0.05394515342033177,0.08119543542570432,0.2916757214927927,-10.53198902040317,1.0,1.0,16.0,16.0,10000.0,eligible_receiver_family,14
n_tanker::Bohai Strait,register_onset,ar_lag1_7,Bohai Strait,n_tanker,130,36.98639825897715,4735.0,4820.274267501947,-85.27426750194755,-0.01773505760869605,0.021441538919584946,0.029209998636558748,-0.03383466870061096,0.07959244027614461,-1.341205010507882,0.9099090090990901,0.9991000899910009,14.0,16.0,10000.0,eligible_receiver_family,14
n_tanker::Bosporus Strait,register_onset,ar_lag1_7,Bosporus Strait,n_tanker,130,23.19260065288357,3328.0,3012.6818977595676,315.31810224043227,0.10458179743143085,-0.0050411459635824,0.026814531320833435,-0.0574996315531581,0.04699595463580087,4.088191663071962,9.999000099990002e-05,0.0006999300069993001,2.0,16.0,10000.0,eligible_receiver_family,14
n_tanker::Cape of Good Hope,register_onset,ar_lag1_7,Cape of Good Hope,n_tanker,130,10.914581066376495,2497.0,1420.144808033166,1076.855191966834,0.7589390216896315,-0.12777157023715077,0.04165701255336625,-0.20433123582584725,-0.04135728218156536,21.28598614196899,9.999000099990002e-05,9.999000099990002e-05,1.0,16.0,10000.0,eligible_receiver_family,14
n_tanker::Dover Strait,register_onset,ar_lag1_7,Dover Strait,n_tanker,130,56.255168661588684,8340.0,7338.52256014466,1001.4774398553411,0.13694159661336083,0.09406831551446483,0.02414424652846662,0.04951854261238666,0.14317026718116804,1.775714187160383,0.0433956604339566,0.3113688631136886,6.0,16.0,10000.0,eligible_receiver_family,14
n_tanker::Gibraltar Strait,register_onset,ar_lag1_7,Gibraltar Strait,n_tanker,130,41.73939064200218,6107.0,5468.770284412609,638.2297155873904,0.11762173034054466,0.15424936724524596,0.029687891611812057,0.09598426111221313,0.21086337500947894,-1.2337567579278046,0.888011198880112,0.9991000899910009,13.0,16.0,10000.0,eligible_receiver_family,14
n_tanker::Korea Strait,register_onset,ar_lag1_7,Korea Strait,n_tanker,130,63.19042437431991,8303.0,8209.874709194464,93.12529080553665,0.011336344041122449,-0.018103993528638243,0.021123559382986,-0.06271686376719715,0.01987574859278839,1.3937204917024284,0.06979302069793021,0.5281471852814719,7.0,16.0,10000.0,eligible_receiver_family,14
n_tanker::Lombok Strait,register_onset,ar_lag1_7,Lombok Strait,n_tanker,130,7.0,1000.0,910.3126531468188,89.6873468531813,0.09855752401448493,0.021730598768772983,0.030431259936779937,-0.0394456991500971,0.08101158849966804,2.524605468367648,0.0051994800519948,0.059994000599940006,5.0,16.0,10000.0,eligible_receiver_family,14
n_tanker::Luzon Strait,register_onset,ar_lag1_7,Luzon Strait,n_tanker,130,24.670293797606092,3956.0,3217.991724591361,738.0082754086392,0.23011427348560728,0.08939903537274028,0.039006645287699294,0.012949997943737692,0.1650733990398747,3.6074683448166565,9.999000099990002e-05,0.0027997200279972004,4.0,16.0,10000.0,eligible_receiver_family,14
n_tanker::Makassar Strait,register_onset,ar_lag1_7,Makassar Strait,n_tanker,130,5.390097932535364,639.0,700.3202743621121,-61.32027436211215,-0.0875112890478078,0.07117260942226208,0.03839402376043401,-0.0018931881486488962,0.14942985650335733,-4.1330364189021935,1.0,1.0,15.0,16.0,10000.0,eligible_receiver_family,14
n_tanker::Malacca Strait,register_onset,ar_lag1_7,Malacca Strait,n_tanker,130,72.74863982589771,10708.0,9562.649464909167,1145.3505350908335,0.12110726403343076,0.12329804869079135,0.03786207857575879,0.04408157001849828,0.19070485223833225,-0.05786223946942085,0.5452454754524547,0.9818018198180182,11.0,16.0,10000.0,eligible_receiver_family,14
n_tanker::Oresund Strait,register_onset,ar_lag1_7,Oresund Strait,n_tanker,130,11.856909684439609,1517.0,1541.390019669359,-24.39001966935897,-0.015823308173154325,-0.02822793484632147,0.026069417154008085,-0.07828751818801973,0.024285880692788864,0.4758306102466881,0.31116888311168883,0.9388061193880612,9.0,16.0,10000.0,eligible_receiver_family,14
n_tanker::Sunda Strait,register_onset,ar_lag1_7,Sunda Strait,n_tanker,130,10.831882480957562,1499.0,1409.248786537474,89.75121346252598,0.0637372082761653,0.03203485655717206,0.034068546822931325,-0.0346881240826692,0.09810942117441572,0.9305460512819581,0.1795820417958204,0.7852214778522147,8.0,16.0,10000.0,eligible_receiver_family,14
n_tanker::Taiwan Strait,register_onset,ar_lag1_7,Taiwan Strait,n_tanker,130,58.11697497279652,6670.0,7536.036471294507,-866.0364712945068,-0.11462776603696284,-0.09452663984028642,0.02077566958067603,-0.1325933208927798,-0.05163972529275408,-0.9675320508260769,0.8408159184081592,0.9991000899910009,12.0,16.0,10000.0,eligible_receiver_family,14
n_tanker::Tsugaru Strait,register_onset,ar_lag1_7,Tsugaru Strait,n_tanker,130,11.992927094668117,1521.0,1557.3760961405437,-36.37609614054338,-0.023331762291995278,-0.025315978218807687,0.037926898783243436,-0.09918293597404439,0.049456893214088866,0.05231685137644472,0.48405159484051596,0.9818018198180182,10.0,16.0,10000.0,eligible_receiver_family,14
n_tanker::Yucatan Channel,register_onset,ar_lag1_7,Yucatan Channel,n_tanker,130,22.01196953210011,3190.0,2860.645494895997,329.35450510400267,0.11509629746729882,0.04160828466887119,0.019108687458679743,0.005005799236348589,0.07923570613440836,3.8457907146860135,9.999000099990002e-05,0.0013998600139986002,3.0,16.0,10000.0,eligible_receiver_family,14
n_tanker::Bab el-Mandeb Strait,register_onset,chronos2_univariate,Bab el-Mandeb Strait,n_tanker,130,20.03264417845484,1588.0,2636.665120124817,-1048.665120124817,-0.4026754879850862,0.0332028613809638,0.0371811418102573,-0.042997977988597315,0.1052238269886281,-11.723102845803476,1.0,1.0,16.0,16.0,10000.0,eligible_receiver_family,14
n_tanker::Bohai Strait,register_onset,chronos2_univariate,Bohai Strait,n_tanker,130,36.98639825897715,4735.0,4746.92786026001,-11.927860260009751,-0.0024807165755474578,-0.00946718251304794,0.03729138580987774,-0.07817977222344588,0.0689930914146504,0.1873479836099282,0.4082591740825917,0.9705029497050295,10.0,16.0,10000.0,eligible_receiver_family,14
n_tanker::Bosporus Strait,register_onset,chronos2_univariate,Bosporus Strait,n_tanker,130,23.19260065288357,3328.0,3115.5349731445312,212.46502685546875,0.07046843883044579,-0.00819322513089738,0.025799827691395737,-0.05965124313215978,0.04116112164527738,3.048922066544533,0.0005999400059994001,0.0165983401659834,5.0,16.0,10000.0,eligible_receiver_family,14
n_tanker::Cape of Good Hope,register_onset,chronos2_univariate,Cape of Good Hope,n_tanker,130,10.914581066376495,2497.0,1438.275465965271,1058.724534034729,0.7461610141207133,0.010608885847267482,0.03694584995110132,-0.06169869238336193,0.08390812319975814,19.908924256634126,9.999000099990002e-05,9.999000099990002e-05,1.0,16.0,10000.0,eligible_receiver_family,14
n_tanker::Dover Strait,register_onset,chronos2_univariate,Dover Strait,n_tanker,130,56.255168661588684,8340.0,8448.483295440674,-108.48329544067383,-0.014833959400693705,0.025798800906052053,0.022334700531634468,-0.017542436375390828,0.07004787909120078,-1.8192659556457562,0.9666033396660334,1.0,13.0,16.0,10000.0,eligible_receiver_family,14
n_tanker::Gibraltar Strait,register_onset,chronos2_univariate,Gibraltar Strait,n_tanker,130,41.73939064200218,6107.0,6597.826152801514,-490.8261528015137,-0.09045617898842821,0.006271018566700359,0.026268525627298932,-0.04277265874486122,0.058776509347475595,-3.68224691889853,1.0,1.0,14.0,16.0,10000.0,eligible_receiver_family,14
n_tanker::Korea Strait,register_onset,chronos2_univariate,Korea Strait,n_tanker,130,63.19042437431991,8303.0,7685.104690551758,617.8953094482422,0.07521773890540848,-0.01789937437689478,0.020412798913879916,-0.06205426306502318,0.018618222449597353,4.56170237482657,9.999000099990002e-05,9.999000099990002e-05,3.0,16.0,10000.0,eligible_receiver_family,14
n_tanker::Lombok Strait,register_onset,chronos2_univariate,Lombok Strait,n_tanker,130,7.0,1000.0,925.9754815101624,74.02451848983765,0.0813456247141073,0.05624017110803658,0.031872145367082015,-0.006446096897125242,0.11883305219503543,0.7876926173912341,0.21077892210778923,0.9227077292270773,6.0,16.0,10000.0,eligible_receiver_family,14
n_tanker::Luzon Strait,register_onset,chronos2_univariate,Luzon Strait,n_tanker,130,24.670293797606092,3956.0,3465.135471343994,490.86452865600586,0.15305375041897476,-0.006260035079505252,0.03432206918247851,-0.0735179714854083,0.06135163121171739,4.641730213043509,9.999000099990002e-05,9.999000099990002e-05,2.0,16.0,10000.0,eligible_receiver_family,14
n_tanker::Makassar Strait,register_onset,chronos2_univariate,Makassar Strait,n_tanker,130,5.390097932535364,639.0,768.6449065208435,-129.6449065208435,-0.18501862566896007,-0.008674705412503163,0.040154468317389516,-0.08561014155416469,0.07284275471660162,-4.391638780087854,1.0,1.0,15.0,16.0,10000.0,eligible_receiver_family,14
n_tanker::Malacca Strait,register_onset,chronos2_univariate,Malacca Strait,n_tanker,130,72.74863982589771,10708.0,10782.093284606934,-74.0932846069336,-0.007834487964232193,0.023078689187495397,0.025227228481583486,-0.022316481120388382,0.07538598976113439,-1.2253893516005925,0.8944105589441056,1.0,11.0,16.0,10000.0,eligible_receiver_family,14
n_tanker::Oresund Strait,register_onset,chronos2_univariate,Oresund Strait,n_tanker,130,11.856909684439609,1517.0,1504.4222631454468,12.57773685455322,0.008159952680172115,-0.012081290005517711,0.027212944008212035,-0.06417482046960163,0.04158202461370804,0.7438093680559382,0.22547745225477453,0.9227077292270773,7.0,16.0,10000.0,eligible_receiver_family,14
n_tanker::Sunda Strait,register_onset,chronos2_univariate,Sunda Strait,n_tanker,130,10.831882480957562,1499.0,1543.3069343566895,-44.30693435668946,-0.03146475901799157,0.023445940986950815,0.03225442908191125,-0.039070973446782266,0.08665444255958955,-1.702423560668048,0.957004299570043,1.0,12.0,16.0,10000.0,eligible_receiver_family,14
n_tanker::Taiwan Strait,register_onset,chronos2_univariate,Taiwan Strait,n_tanker,130,58.11697497279652,6670.0,6697.495094299316,-27.495094299316406,-0.0036392246065518126,-0.01323791491533559,0.02224264921557104,-0.05668568155404255,0.03051048333734693,0.43154438195537353,0.33026697330266974,0.9645035496450355,8.0,16.0,10000.0,eligible_receiver_family,14
n_tanker::Tsugaru Strait,register_onset,chronos2_univariate,Tsugaru Strait,n_tanker,130,11.992927094668117,1521.0,1518.1802406311035,2.8197593688964773,0.0018086040640956055,-0.009067250554484846,0.03712244324280808,-0.08200932296574028,0.06415492822041997,0.29297248964580175,0.38606139386061394,0.9705029497050295,9.0,16.0,10000.0,eligible_receiver_family,14
n_tanker::Yucatan Channel,register_onset,chronos2_univariate,Yucatan Channel,n_tanker,130,22.01196953210011,3190.0,2903.9194927215576,286.0805072784424,0.09997375671214156,0.01329443071014573,0.024335746307652124,-0.03490870906455932,0.06059110583686486,3.561810881252506,0.00019998000199980003,0.004899510048995101,4.0,16.0,10000.0,eligible_receiver_family,14
n_tanker::Cape of Good Hope,register_onset,ar_lag1_7,Cape of Good Hope,n_tanker,130,10.914581066376495,2497.0,1420.144808033166,1076.855191966834,0.7589390216896315,-0.12777157023715074,0.04165701255336625,-0.20433123582584725,-0.04135728218156536,21.285986141968987,9.999000099990002e-05,9.999000099990002e-05,1.0,1.0,10000.0,ex_ante_designated_anchor,14
n_tanker::Cape of Good Hope,register_onset,chronos2_univariate,Cape of Good Hope,n_tanker,130,10.914581066376495,2497.0,1438.275465965271,1058.724534034729,0.7461610141207133,0.01060888584726743,0.03694584995110132,-0.06169869238336193,0.08390812319975814,19.90892425663413,9.999000099990002e-05,9.999000099990002e-05,1.0,1.0,10000.0,ex_ante_designated_anchor,14
n_dry_bulk::Cape of Good Hope,register_onset,ar_lag1_7,Cape of Good Hope,n_dry_bulk,130,27.853645266594125,5288.0,3641.7912560348805,1646.208743965119,0.4546314876614887,0.01799490318812377,0.059503875391092226,-0.09255640156471967,0.13999589596387185,7.33795205108153,9.999000099990002e-05,9.999000099990002e-05,2.0,2.0,10000.0,anchor_negative_controls,28
n_roro::Cape of Good Hope,register_onset,ar_lag1_7,Cape of Good Hope,n_roro,130,1.0761697497279652,409.0,140.29932192243464,268.7006780775654,1.9206340760152647,-0.11016148848184755,0.10471097702662338,-0.2563621776594324,0.16187931711163056,19.394294869207172,9.999000099990002e-05,9.999000099990002e-05,1.0,2.0,10000.0,anchor_negative_controls,28
n_dry_bulk::Cape of Good Hope,register_onset,chronos2_univariate,Cape of Good Hope,n_dry_bulk,130,27.853645266594125,5288.0,4227.157167434692,1060.8428325653076,0.29297168837927917,0.02380383880214305,0.042900582898373917,-0.06445569798480441,0.10213937212282803,6.274223597725022,9.999000099990002e-05,0.00019998000199980003,1.0,2.0,10000.0,anchor_negative_controls,28
n_roro::Cape of Good Hope,register_onset,chronos2_univariate,Cape of Good Hope,n_roro,130,1.0761697497279652,409.0,7196.99680185318,-6787.99680185318,-48.51963180293282,0.2699185312672989,0.1131276589549882,0.1027949818367372,0.5580455492164172,-431.2787057108001,1.0,1.0,2.0,2.0,10000.0,anchor_negative_controls,28
n_tanker::Bab el-Mandeb Strait,register_onset,ar_lag1_7,Bab el-Mandeb Strait,n_tanker,130,20.03264417845484,1588.0,2578.388897919415,-990.3888979194146,-0.38029808097101997,0.18877705690718163,0.07275184904979781,0.04555155491144244,0.3259150137356561,,,,,,,context_descriptive_not_tested,28
n_tanker::Suez Canal,register_onset,ar_lag1_7,Suez Canal,n_tanker,130,18.897170837867247,1841.0,2433.1546176869288,-592.1546176869289,-0.24104325243972707,0.22797139913119763,0.08199478584498988,0.06255193682451969,0.3841027462821534,,,,,,,context_descriptive_not_tested,28
n_tanker::Bab el-Mandeb Strait,register_onset,chronos2_univariate,Bab el-Mandeb Strait,n_tanker,130,20.03264417845484,1588.0,2636.665120124817,-1048.665120124817,-0.4026754879850862,0.03444711405919214,0.04631721550140531,-0.05782577619724755,0.1283483828087484,,,,,,,context_descriptive_not_tested,28
n_tanker::Suez Canal,register_onset,chronos2_univariate,Suez Canal,n_tanker,130,18.897170837867247,1841.0,2581.752721786499,-740.752721786499,-0.3015317958854437,0.04198789200704255,0.05729209872062233,-0.05891986863757263,0.16555502312288697,,,,,,,context_descriptive_not_tested,28
n_tanker::Bab el-Mandeb Strait,register_onset,ar_lag1_7,Bab el-Mandeb Strait,n_tanker,130,20.03264417845484,1588.0,2578.388897919415,-990.3888979194146,-0.38029808097101997,0.18877705690718163,0.07275184904979781,0.04555155491144244,0.3259150137356561,-7.822139853636932,1.0,1.0,16.0,16.0,10000.0,eligible_receiver_family,28
n_tanker::Bohai Strait,register_onset,ar_lag1_7,Bohai Strait,n_tanker,130,36.98639825897715,4735.0,4820.274267501947,-85.27426750194755,-0.01773505760869605,0.021434597522554014,0.03460484185184236,-0.04105447321363703,0.09321740995016806,-1.1319125600675062,0.8673132686731326,0.9991000899910009,14.0,16.0,10000.0,eligible_receiver_family,28
n_tanker::Bosporus Strait,register_onset,ar_lag1_7,Bosporus Strait,n_tanker,130,23.19260065288357,3328.0,3012.6818977595676,315.31810224043227,0.10458179743143085,-0.005470885953317822,0.03126749949930428,-0.06672672211854568,0.05568884433895137,3.5197148843705075,0.0004999500049995,0.0038996100389961006,2.0,16.0,10000.0,eligible_receiver_family,28
n_tanker::Cape of Good Hope,register_onset,ar_lag1_7,Cape of Good Hope,n_tanker,130,10.914581066376495,2497.0,1420.144808033166,1076.855191966834,0.7589390216896315,-0.12839663220797937,0.05280381977244766,-0.2209798373431931,-0.016400387032095842,16.804383806351275,9.999000099990002e-05,9.999000099990002e-05,1.0,16.0,10000.0,eligible_receiver_family,28
n_tanker::Dover Strait,register_onset,ar_lag1_7,Dover Strait,n_tanker,130,56.255168661588684,8340.0,7338.52256014466,1001.4774398553411,0.13694159661336083,0.09449847973636118,0.03177922018151157,0.035209274183282215,0.1596937051929483,1.3355619374729688,0.0968903109689031,0.5778422157784222,6.0,16.0,10000.0,eligible_receiver_family,28
n_tanker::Gibraltar Strait,register_onset,ar_lag1_7,Gibraltar Strait,n_tanker,130,41.73939064200218,6107.0,5468.770284412609,638.2297155873904,0.11762173034054466,0.1546039671145636,0.03868299313046582,0.07610553718914127,0.22554931158852942,-0.9560334860668419,0.8277172282771723,0.9991000899910009,13.0,16.0,10000.0,eligible_receiver_family,28
n_tanker::Korea Strait,register_onset,ar_lag1_7,Korea Strait,n_tanker,130,63.19042437431991,8303.0,8209.874709194464,93.12529080553665,0.011336344041122449,-0.01837754938683666,0.02578628138405892,-0.07691512678660015,0.023078837934475224,1.1523140147818383,0.10218978102189781,0.6903309669033096,7.0,16.0,10000.0,eligible_receiver_family,28
n_tanker::Lombok Strait,register_onset,ar_lag1_7,Lombok Strait,n_tanker,130,7.0,1000.0,910.3126531468188,89.6873468531813,0.09855752401448493,0.022625149550489592,0.03246114629062447,-0.04363702310809418,0.08341200147947259,2.339177236200262,0.0059994000599940004,0.0817918208179182,5.0,16.0,10000.0,eligible_receiver_family,28
n_tanker::Luzon Strait,register_onset,ar_lag1_7,Luzon Strait,n_tanker,130,24.670293797606092,3956.0,3217.991724591361,738.0082754086392,0.23011427348560728,0.08942637513176083,0.045550277653515284,-0.00042605374371278707,0.17781668148053562,3.0886287768432306,0.000999900009999,0.011698830116988301,4.0,16.0,10000.0,eligible_receiver_family,28
n_tanker::Makassar Strait,register_onset,ar_lag1_7,Makassar Strait,n_tanker,130,5.390097932535364,639.0,700.3202743621121,-61.32027436211215,-0.0875112890478078,0.07254270930224335,0.043301752987402534,-0.009421596335128006,0.15955142291423607,-3.6962475490683833,1.0,1.0,15.0,16.0,10000.0,eligible_receiver_family,28
n_tanker::Malacca Strait,register_onset,ar_lag1_7,Malacca Strait,n_tanker,130,72.74863982589771,10708.0,9562.649464909167,1145.3505350908335,0.12110726403343076,0.12289784954198997,0.05103723593820327,0.013336089914067243,0.20548615924499203,-0.03508390444042221,0.5471452854714528,0.9803019698030196,11.0,16.0,10000.0,eligible_receiver_family,28
n_tanker::Oresund Strait,register_onset,ar_lag1_7,Oresund Strait,n_tanker,130,11.856909684439609,1517.0,1541.390019669359,-24.39001966935897,-0.015823308173154325,-0.028265952444478062,0.026708053949768648,-0.08011125920893403,0.024198161939274827,0.46587610968306875,0.3237676232376762,0.9444055594440556,9.0,16.0,10000.0,eligible_receiver_family,28
n_tanker::Sunda Strait,register_onset,ar_lag1_7,Sunda Strait,n_tanker,130,10.831882480957562,1499.0,1409.248786537474,89.75121346252598,0.0637372082761653,0.032358076639709285,0.041894275933704914,-0.052507622830892484,0.11117647530926189,0.7490076135009838,0.23267673232676733,0.8667133286671332,8.0,16.0,10000.0,eligible_receiver_family,28
n_tanker::Taiwan Strait,register_onset,ar_lag1_7,Taiwan Strait,n_tanker,130,58.11697497279652,6670.0,7536.036471294507,-866.0364712945068,-0.11462776603696284,-0.09460351187704785,0.02364910166231914,-0.13786321970582965,-0.04517823609429298,-0.8467236703464414,0.8031196880311969,0.9991000899910009,12.0,16.0,10000.0,eligible_receiver_family,28
n_tanker::Tsugaru Strait,register_onset,ar_lag1_7,Tsugaru Strait,n_tanker,130,11.992927094668117,1521.0,1557.3760961405437,-36.37609614054338,-0.023331762291995278,-0.026394257273667655,0.04223831353518608,-0.10812955751027654,0.054258125855654774,0.07250514344331493,0.47225277472252775,0.9803019698030196,10.0,16.0,10000.0,eligible_receiver_family,28
n_tanker::Yucatan Channel,register_onset,ar_lag1_7,Yucatan Channel,n_tanker,130,22.01196953210011,3190.0,2860.645494895997,329.35450510400267,0.11509629746729882,0.041135846656609514,0.02150785693684681,-0.0012540132117033998,0.08362506538476251,3.438764309612912,0.00029997000299970003,0.004899510048995101,3.0,16.0,10000.0,eligible_receiver_family,28
n_tanker::Bab el-Mandeb Strait,register_onset,chronos2_univariate,Bab el-Mandeb Strait,n_tanker,130,20.03264417845484,1588.0,2636.665120124817,-1048.665120124817,-0.4026754879850862,0.03444711405919214,0.04631721550140531,-0.05782577619724755,0.1283483828087484,-9.43758378633568,1.0,1.0,16.0,16.0,10000.0,eligible_receiver_family,28
n_tanker::Bohai Strait,register_onset,chronos2_univariate,Bohai Strait,n_tanker,130,36.98639825897715,4735.0,4746.92786026001,-11.927860260009751,-0.0024807165755474578,-0.009124630644949233,0.04674599216442962,-0.08767175036390171,0.09530776914328606,0.1421279934765685,0.40745925407459255,0.974002599740026,10.0,16.0,10000.0,eligible_receiver_family,28
n_tanker::Bosporus Strait,register_onset,chronos2_univariate,Bosporus Strait,n_tanker,130,23.19260065288357,3328.0,3115.5349731445312,212.46502685546875,0.07046843883044579,-0.007643895832679616,0.029014648213733153,-0.06503530033317546,0.04843550766950742,2.6921689378316653,0.0023997600239976003,0.04739526047395261,5.0,16.0,10000.0,eligible_receiver_family,28
n_tanker::Cape of Good Hope,register_onset,chronos2_univariate,Cape of Good Hope,n_tanker,130,10.914581066376495,2497.0,1438.275465965271,1058.724534034729,0.7461610141207133,0.010442474579104086,0.043447342201073054,-0.07490028135619999,0.09462509114903919,16.933568367352024,9.999000099990002e-05,9.999000099990002e-05,1.0,16.0,10000.0,eligible_receiver_family,28
n_tanker::Dover Strait,register_onset,chronos2_univariate,Dover Strait,n_tanker,130,56.255168661588684,8340.0,8448.483295440674,-108.48329544067383,-0.014833959400693705,0.025845130203080685,0.028077019295671662,-0.029189612312860283,0.08116095957819162,-1.4488393221300901,0.9287071292870713,1.0,12.0,16.0,10000.0,eligible_receiver_family,28
n_tanker::Gibraltar Strait,register_onset,chronos2_univariate,Gibraltar Strait,n_tanker,130,41.73939064200218,6107.0,6597.826152801514,-490.8261528015137,-0.09045617898842821,0.006641888630450755,0.03209203874801049,-0.05276432426920267,0.07149684765374133,-3.0256123140477778,0.9999000099990001,1.0,14.0,16.0,10000.0,eligible_receiver_family,28
n_tanker::Korea Strait,register_onset,chronos2_univariate,Korea Strait,n_tanker,130,63.19042437431991,8303.0,7685.104690551758,617.8953094482422,0.07521773890540848,-0.017996789239162446,0.024108339362987966,-0.0718850490846857,0.021975114006860072,3.8664848184308123,9.999000099990002e-05,0.0012998700129987,3.0,16.0,10000.0,eligible_receiver_family,28
n_tanker::Lombok Strait,register_onset,chronos2_univariate,Lombok Strait,n_tanker,130,7.0,1000.0,925.9754815101624,74.02451848983765,0.0813456247141073,0.05609209755237282,0.03522317869641955,-0.012058372707157343,0.12505361762675607,0.7169576425622687,0.23877612238776122,0.9416058394160584,6.0,16.0,10000.0,eligible_receiver_family,28
n_tanker::Luzon Strait,register_onset,chronos2_univariate,Luzon Strait,n_tanker,130,24.670293797606092,3956.0,3465.135471343994,490.86452865600586,0.15305375041897476,-0.006528353283943455,0.038187926522417176,-0.07832802703325124,0.07145247855372709,4.178862751535879,9.999000099990002e-05,0.0004999500049995,2.0,16.0,10000.0,eligible_receiver_family,28
n_tanker::Makassar Strait,register_onset,chronos2_univariate,Makassar Strait,n_tanker,130,5.390097932535364,639.0,768.6449065208435,-129.6449065208435,-0.18501862566896007,-0.008846083918935793,0.046922974502771046,-0.09623466285543446,0.08591448162798844,-3.7545049864564826,1.0,1.0,15.0,16.0,10000.0,eligible_receiver_family,28
n_tanker::Malacca Strait,register_onset,chronos2_univariate,Malacca Strait,n_tanker,130,72.74863982589771,10708.0,10782.093284606934,-74.0932846069336,-0.007834487964232193,0.022955350663265803,0.03227770199143014,-0.032569490692741274,0.09283631986162852,-0.9539042970181962,0.834016598340166,1.0,11.0,16.0,10000.0,eligible_receiver_family,28
n_tanker::Oresund Strait,register_onset,chronos2_univariate,Oresund Strait,n_tanker,130,11.856909684439609,1517.0,1504.4222631454468,12.57773685455322,0.008159952680172115,-0.011596485513051024,0.028536878466078573,-0.06753522949889565,0.04372598033876401,0.6923125182282066,0.24877512248775122,0.9416058394160584,7.0,16.0,10000.0,eligible_receiver_family,28
n_tanker::Sunda Strait,register_onset,chronos2_univariate,Sunda Strait,n_tanker,130,10.831882480957562,1499.0,1543.3069343566895,-44.30693435668946,-0.03146475901799157,0.02308806743264673,0.03764906118792636,-0.05246895243623126,0.09556359244317261,-1.448982384403593,0.9231076892310769,1.0,13.0,16.0,10000.0,eligible_receiver_family,28
n_tanker::Taiwan Strait,register_onset,chronos2_univariate,Taiwan Strait,n_tanker,130,58.11697497279652,6670.0,6697.495094299316,-27.495094299316406,-0.0036392246065518126,-0.013284540502459094,0.025847291199951047,-0.06697831900673809,0.0352431831072301,0.37316544396441625,0.36476352364763526,0.974002599740026,8.0,16.0,10000.0,eligible_receiver_family,28
n_tanker::Tsugaru Strait,register_onset,chronos2_univariate,Tsugaru Strait,n_tanker,130,11.992927094668117,1521.0,1518.1802406311035,2.8197593688964773,0.0018086040640956055,-0.009729116502598846,0.04065751574194308,-0.0903926736697253,0.06896098945565983,0.2837782967342472,0.38676132386761325,0.974002599740026,9.0,16.0,10000.0,eligible_receiver_family,28
n_tanker::Yucatan Channel,register_onset,chronos2_univariate,Yucatan Channel,n_tanker,130,22.01196953210011,3190.0,2903.9194927215576,286.0805072784424,0.09997375671214156,0.013432994657674365,0.02900322548059834,-0.045248589500726896,0.06879409313700541,2.9838323365916146,0.0008999100089991,0.022997700229977002,4.0,16.0,10000.0,eligible_receiver_family,28
n_tanker::Cape of Good Hope,register_onset,ar_lag1_7,Cape of Good Hope,n_tanker,130,10.914581066376495,2497.0,1420.144808033166,1076.855191966834,0.7589390216896315,-0.12839663220797964,0.05280381977244766,-0.2209798373431931,-0.016400387032095842,16.804383806351282,9.999000099990002e-05,9.999000099990002e-05,1.0,1.0,10000.0,ex_ante_designated_anchor,28
n_tanker::Cape of Good Hope,register_onset,chronos2_univariate,Cape of Good Hope,n_tanker,130,10.914581066376495,2497.0,1438.275465965271,1058.724534034729,0.7461610141207133,0.010442474579104067,0.043447342201073054,-0.07490028135619999,0.09462509114903919,16.933568367352024,9.999000099990002e-05,9.999000099990002e-05,1.0,1.0,10000.0,ex_ante_designated_anchor,28
