hypothesis,model,portname,vessel_class,n_days,pre_event_mean,observed_sum,counterfactual_sum,cumulative_gap,event_statistic,historical_reference_mean,historical_reference_sd,reference_q025,reference_q975,studentized_statistic,raw_resampling_p_value,romano_wolf_p_value,stepdown_rank,family_size,n_joint_resamples,family,status,block_length_days,in_restricted_five,is_treated_anchor,is_context_corridor,volume_eligible
n_tanker::Yucatan Channel,ar_lag1_7,Yucatan Channel,n_tanker,130,23.074569789674953,4006.0,3006.9970976860895,999.0029023139101,0.33303492893486586,0.0990976212083816,0.023009699503430448,0.05426431094661914,0.14463006394679973,10.166899732506598,9.999000099990002e-05,9.999000099990002e-05,1,28,10000,all_28_corridors_retrospective,retrospective_disclosure_not_confirmatory,7,True,False,False,True
n_tanker::Panama Canal,ar_lag1_7,Panama Canal,n_tanker,130,12.354110898661569,1949.0,1609.2619872640091,339.738012735991,0.21153843851454512,-0.036064597180417844,0.030985691673888247,-0.09930521234662738,0.02241422135340987,7.99088296304255,9.999000099990002e-05,9.999000099990002e-05,2,28,10000,all_28_corridors_retrospective,retrospective_disclosure_not_confirmatory,7,True,False,False,True
n_tanker::Mindoro Strait,ar_lag1_7,Mindoro Strait,n_tanker,130,3.6390057361376673,524.0,472.45679534144136,51.543204658558594,0.1089545382530885,-0.12738907540007013,0.05385283683627742,-0.23205349241823536,-0.021076445063809422,4.388693846745473,9.999000099990002e-05,0.00029997000299970003,3,28,10000,all_28_corridors_retrospective,retrospective_disclosure_not_confirmatory,7,False,False,False,False
n_tanker::Cape of Good Hope,ar_lag1_7,Cape of Good Hope,n_tanker,130,12.949521988527724,2618.0,1689.7313649531911,928.2686350468089,0.5514124743928375,0.24882234935328976,0.07805654857713183,0.09704635943995563,0.3998332020020902,3.8765501492875045,9.999000099990002e-05,0.0024997500249975004,4,28,10000,all_28_corridors_retrospective,retrospective_disclosure_not_confirmatory,7,True,False,False,True
n_tanker::Kerch Strait,ar_lag1_7,Kerch Strait,n_tanker,130,6.964053537284895,318.0,841.8949582451032,-523.8949582451032,-0.5786803900478347,-0.8255549590890009,0.08398468255607215,-0.9896846886992492,-0.657013168674903,2.9395189876004006,0.0020997900209979003,0.0400959904009599,5,28,10000,all_28_corridors_retrospective,retrospective_disclosure_not_confirmatory,7,False,False,False,True
n_tanker::Mona Passage,ar_lag1_7,Mona Passage,n_tanker,130,2.465391969407266,366.0,320.08910066545405,45.91089933454592,0.14324730853925804,0.00722610616766149,0.05445573791214218,-0.10123937952010718,0.11201859133243187,2.4978304874143937,0.0052994700529947,0.12708729127087293,6,28,10000,all_28_corridors_retrospective,retrospective_disclosure_not_confirmatory,7,False,False,False,False
n_tanker::Lombok Strait,ar_lag1_7,Lombok Strait,n_tanker,130,7.1915869980879545,1045.0,935.0328601428947,109.96713985710528,0.11762370058914515,0.06672080003936415,0.02725396695760644,0.013402443863672254,0.11977640866918147,1.867724453800083,0.029797020297970205,0.45055494450554945,7,28,10000,all_28_corridors_retrospective,retrospective_disclosure_not_confirmatory,7,False,False,False,True
n_tanker::Tsugaru Strait,ar_lag1_7,Tsugaru Strait,n_tanker,130,12.198087954110898,1660.0,1587.6533247325808,72.34667526741923,0.0456229606448201,0.019847986831701782,0.03517398773853453,-0.04808705079705574,0.08798482725143877,0.7327850912076366,0.23677632236776322,0.9814018598140186,8,28,10000,all_28_corridors_retrospective,retrospective_disclosure_not_confirmatory,7,False,False,False,True
n_tanker::Balabac Strait,ar_lag1_7,Balabac Strait,n_tanker,130,3.5124282982791586,444.0,456.1938043632299,-12.193804363229853,-0.026704743025707522,-0.05379508172781116,0.04732596594595033,-0.14569926283224605,0.038853162862529,0.5724201959880282,0.2846715328467153,0.9925007499250075,9,28,10000,all_28_corridors_retrospective,retrospective_disclosure_not_confirmatory,7,False,False,False,False
n_tanker::Windward Passage,ar_lag1_7,Windward Passage,n_tanker,130,2.0860420650095604,236.0,270.6908890166369,-34.690889016636945,-0.12792311186421151,-0.1529541216986456,0.05718594249309687,-0.26304679261186836,-0.03922439339440181,0.4377126395609495,0.33136686331366866,0.9965003499650035,10,28,10000,all_28_corridors_retrospective,retrospective_disclosure_not_confirmatory,7,False,False,False,False
n_tanker::Sunda Strait,ar_lag1_7,Sunda Strait,n_tanker,130,11.196175908221797,1601.0,1456.9374475077525,144.06255249224762,0.09897785545650647,0.09124096980832881,0.0262489438320676,0.03939040170407314,0.14320717999492374,0.29475036015451894,0.388961103889611,0.9981001899810019,11,28,10000,all_28_corridors_retrospective,retrospective_disclosure_not_confirmatory,7,False,False,False,True
n_tanker::Bab el-Mandeb Strait,ar_lag1_7,Bab el-Mandeb Strait,n_tanker,130,17.496749521988527,1833.0,2244.1079716886843,-411.10797168868453,-0.18074037174823054,-0.129720793594925,0.08949047096420752,-0.2966721519939144,0.05182819895814708,-0.57011185217375,0.7092290770922908,1.0,12,28,10000,all_28_corridors_retrospective,retrospective_disclosure_not_confirmatory,7,False,False,True,True
n_tanker::Makassar Strait,ar_lag1_7,Makassar Strait,n_tanker,130,5.217973231357552,639.0,677.8709629140203,-38.87096291402043,-0.057303361625934225,-0.033495965212443767,0.03842440692251435,-0.10648189435381616,0.04288706552562982,-0.6195904717930931,0.7294270572942706,1.0,13,28,10000,all_28_corridors_retrospective,retrospective_disclosure_not_confirmatory,7,False,False,False,True
n_tanker::Torres Strait,ar_lag1_7,Torres Strait,n_tanker,130,2.026003824091778,273.0,263.42028454483454,9.579715455165454,0.03637215192272507,0.07213113885771036,0.05672126773667994,-0.03614745712449988,0.18654549314810126,-0.6304334927948204,0.7301269873012699,1.0,14,28,10000,all_28_corridors_retrospective,retrospective_disclosure_not_confirmatory,7,False,False,False,False
n_tanker::Suez Canal,ar_lag1_7,Suez Canal,n_tanker,130,17.593881453154875,2140.0,2298.024555629863,-158.02455562986287,-0.0690906954262288,0.00836637378794856,0.07295579641568713,-0.12764719229197508,0.15734982095317665,-1.0616986314951988,0.8576142385761424,1.0,15,28,10000,all_28_corridors_retrospective,retrospective_disclosure_not_confirmatory,7,False,False,True,True
n_tanker::Magellan Strait,ar_lag1_7,Magellan Strait,n_tanker,130,0.982791586998088,131.0,127.88381104579737,3.1161889542026184,0.024390404415563744,0.231559524694147,0.10303903449807811,0.03321297387741121,0.44105474123324173,-2.0105887180304216,0.9791020897910209,1.0,16,28,10000,all_28_corridors_retrospective,retrospective_disclosure_not_confirmatory,7,False,False,False,False
n_tanker::Luzon Strait,ar_lag1_7,Luzon Strait,n_tanker,130,24.50095602294455,2929.0,3176.8235658592794,-247.82356585927963,-0.07780656069947728,0.007747649080998288,0.04154432855877714,-0.07259615129104208,0.08950487624355692,-2.059347515014787,0.9836016398360165,1.0,17,28,10000,all_28_corridors_retrospective,retrospective_disclosure_not_confirmatory,7,False,False,False,True
n_tanker::Taiwan Strait,ar_lag1_7,Taiwan Strait,n_tanker,130,55.877629063097515,6142.0,7232.073876431918,-1090.0738764319171,-0.15006334029298699,-0.105475771752901,0.01888970245874264,-0.14360073593930953,-0.06946789027649047,-2.3604166681540137,0.9887011298870113,1.0,18,28,10000,all_28_corridors_retrospective,retrospective_disclosure_not_confirmatory,7,False,False,False,True
n_tanker::Bering Strait,ar_lag1_7,Bering Strait,n_tanker,130,0.34493307839388143,6.0,42.77026364230262,-36.77026364230262,-0.820008864272739,0.29405011557479566,0.3812982415737031,-0.3911400338113511,1.0861783189699499,-2.921752209634023,1.0,1.0,19,28,10000,all_28_corridors_retrospective,retrospective_disclosure_not_confirmatory,7,False,False,False,False
n_tanker::Gibraltar Strait,ar_lag1_7,Gibraltar Strait,n_tanker,130,43.01414913957935,5868.0,5634.049317080094,233.95068291990617,0.04183787599763344,0.12858933195328898,0.022818873114160237,0.08507359076618909,0.173940897549204,-3.8017414585570384,1.0,1.0,20,28,10000,all_28_corridors_retrospective,retrospective_disclosure_not_confirmatory,7,True,False,False,True
n_tanker::Ombai Strait,ar_lag1_7,Ombai Strait,n_tanker,130,3.7158699808795412,433.0,482.68772195025736,-49.68772195025734,-0.10285969308343264,0.0491290239157761,0.03823231986909266,-0.024580588768186903,0.12497270042232883,-3.9753987599920073,0.9999000099990001,1.0,21,28,10000,all_28_corridors_retrospective,retrospective_disclosure_not_confirmatory,7,False,False,False,False
n_tanker::Bohai Strait,ar_lag1_7,Bohai Strait,n_tanker,130,36.65353728489484,4246.0,4783.569355595401,-537.5693555954015,-0.11281718479322642,-0.02356280756056019,0.0219560578452294,-0.06833657636891739,0.018067513169887823,-4.065136731822711,0.9998000199980002,1.0,22,28,10000,all_28_corridors_retrospective,retrospective_disclosure_not_confirmatory,7,False,False,False,True
n_tanker::Dover Strait,ar_lag1_7,Dover Strait,n_tanker,130,57.932695984703635,7718.0,7560.86181492017,157.13818507982964,0.020864819931114536,0.10986640423088367,0.01745429468799746,0.0767739298986645,0.14457564072017423,-5.099122358749423,1.0,1.0,23,28,10000,all_28_corridors_retrospective,retrospective_disclosure_not_confirmatory,7,False,False,False,True
n_tanker::Bosporus Strait,ar_lag1_7,Bosporus Strait,n_tanker,130,23.35640535372849,2801.0,3034.2996861199326,-233.29968611993255,-0.07683600892235949,0.03227513831858846,0.021339037860395323,-0.010824368298156445,0.07350942211294903,-5.113217753995145,1.0,1.0,24,28,10000,all_28_corridors_retrospective,retrospective_disclosure_not_confirmatory,7,False,False,False,True
n_tanker::Oresund Strait,ar_lag1_7,Oresund Strait,n_tanker,130,11.81567877629063,1315.0,1535.9285463757512,-220.9285463757513,-0.14383010819037073,-0.010200161267320583,0.02536474438343909,-0.05909627872804769,0.0406949942343726,-5.268334066488702,1.0,1.0,25,28,10000,all_28_corridors_retrospective,retrospective_disclosure_not_confirmatory,7,False,False,False,True
n_tanker::Korea Strait,ar_lag1_7,Korea Strait,n_tanker,130,62.31242829827916,6932.0,8084.482884790485,-1152.482884790485,-0.1422710236470055,-0.04148245958387187,0.017563596721665912,-0.0768264312276923,-0.008045535067191883,-5.738492272417298,1.0,1.0,26,28,10000,all_28_corridors_retrospective,retrospective_disclosure_not_confirmatory,7,False,False,False,True
n_tanker::Malacca Strait,ar_lag1_7,Malacca Strait,n_tanker,130,75.48298279158699,9373.0,9960.4105784838,-587.4105784838002,-0.059861742929393946,0.11416087084733774,0.012849578140041158,0.08921678218234194,0.1393149888606086,-13.543060470946656,1.0,1.0,27,28,10000,all_28_corridors_retrospective,retrospective_disclosure_not_confirmatory,7,True,False,False,True
n_tanker::Strait of Hormuz,ar_lag1_7,Strait of Hormuz,n_tanker,130,54.10363288718929,529.0,7025.362323200071,-6496.362323200071,-0.9236351646656651,0.03651821898152947,0.04027652203612876,-0.04296871562494023,0.11326247705354026,-23.839034134722947,1.0,1.0,28,28,10000,all_28_corridors_retrospective,retrospective_disclosure_not_confirmatory,7,False,True,True,True
n_tanker::Yucatan Channel,ar_lag1_7,Yucatan Channel,n_tanker,130,23.074569789674953,4006.0,3006.9970976860895,999.0029023139101,0.33303492893486586,0.09907346645626476,0.027876866549994144,0.04553443044450089,0.15490553958719872,8.392674336587168,9.999000099990002e-05,9.999000099990002e-05,1,28,10000,all_28_corridors_retrospective,retrospective_disclosure_not_confirmatory,14,True,False,False,True
n_tanker::Panama Canal,ar_lag1_7,Panama Canal,n_tanker,130,12.354110898661569,1949.0,1609.2619872640091,339.738012735991,0.21153843851454512,-0.03609357752372752,0.03836108151849752,-0.11644321106059008,0.031261580514955846,6.455292870688897,9.999000099990002e-05,9.999000099990002e-05,2,28,10000,all_28_corridors_retrospective,retrospective_disclosure_not_confirmatory,14,True,False,False,True
n_tanker::Mindoro Strait,ar_lag1_7,Mindoro Strait,n_tanker,130,3.6390057361376673,524.0,472.45679534144136,51.543204658558594,0.1089545382530885,-0.1270884348645777,0.06448146323639743,-0.24773941083321357,0.002957430684462995,3.6606330140540075,0.00029997000299970003,0.0044995500449955,3,28,10000,all_28_corridors_retrospective,retrospective_disclosure_not_confirmatory,14,False,False,False,False
n_tanker::Cape of Good Hope,ar_lag1_7,Cape of Good Hope,n_tanker,130,12.949521988527724,2618.0,1689.7313649531911,928.2686350468089,0.5514124743928375,0.24796080118839964,0.1052030178999836,0.03908890282257754,0.45072119615557554,2.8844388617532726,0.0007999200079992001,0.0484951504849515,4,28,10000,all_28_corridors_retrospective,retrospective_disclosure_not_confirmatory,14,True,False,False,True
n_tanker::Mona Passage,ar_lag1_7,Mona Passage,n_tanker,130,2.465391969407266,366.0,320.08910066545405,45.91089933454592,0.14324730853925804,0.006768100356436451,0.05714495185044948,-0.10694129982353316,0.11731142878943449,2.3882985944234036,0.008999100089991,0.16678332166783322,5,28,10000,all_28_corridors_retrospective,retrospective_disclosure_not_confirmatory,14,False,False,False,False
n_tanker::Kerch Strait,ar_lag1_7,Kerch Strait,n_tanker,130,6.964053537284895,318.0,841.8949582451032,-523.8949582451032,-0.5786803900478347,-0.825541237500867,0.11313868511585874,-1.0411970100212335,-0.6011666304453599,2.1819313809439853,0.015798420157984203,0.25107489251074894,6,28,10000,all_28_corridors_retrospective,retrospective_disclosure_not_confirmatory,14,False,False,False,True
n_tanker::Lombok Strait,ar_lag1_7,Lombok Strait,n_tanker,130,7.1915869980879545,1045.0,935.0328601428947,109.96713985710528,0.11762370058914515,0.06690932519698616,0.026140523109156318,0.016063687488837956,0.11784917166703078,1.9400673498532675,0.025597440255974404,0.38146185381461856,7,28,10000,all_28_corridors_retrospective,retrospective_disclosure_not_confirmatory,14,False,False,False,True
n_tanker::Tsugaru Strait,ar_lag1_7,Tsugaru Strait,n_tanker,130,12.198087954110898,1660.0,1587.6533247325808,72.34667526741923,0.0456229606448201,0.019373552008408144,0.0393809195756023,-0.05940975541716747,0.09498211313053272,0.6665514396132658,0.253974602539746,0.9857014298570143,8,28,10000,all_28_corridors_retrospective,retrospective_disclosure_not_confirmatory,14,False,False,False,True
n_tanker::Balabac Strait,ar_lag1_7,Balabac Strait,n_tanker,130,3.5124282982791586,444.0,456.1938043632299,-12.193804363229853,-0.026704743025707522,-0.05308758918419966,0.052176651587083595,-0.15591349485575906,0.04631882296769098,0.5056446773794746,0.3103689631036896,0.9922007799220078,9,28,10000,all_28_corridors_retrospective,retrospective_disclosure_not_confirmatory,14,False,False,False,False
n_tanker::Windward Passage,ar_lag1_7,Windward Passage,n_tanker,130,2.0860420650095604,236.0,270.6908890166369,-34.690889016636945,-0.12792311186421151,-0.1544358012671178,0.05855210604358241,-0.26574386319914073,-0.037072637074322956,0.4528050516777648,0.32356764323567644,0.9937006299370063,10,28,10000,all_28_corridors_retrospective,retrospective_disclosure_not_confirmatory,14,False,False,False,False
n_tanker::Sunda Strait,ar_lag1_7,Sunda Strait,n_tanker,130,11.196175908221797,1601.0,1456.9374475077525,144.06255249224762,0.09897785545650647,0.09123994939138785,0.02846114420246176,0.034065334276787755,0.1447981848936846,0.2718761413832873,0.39886011398860116,0.998000199980002,11,28,10000,all_28_corridors_retrospective,retrospective_disclosure_not_confirmatory,14,False,False,False,True
n_tanker::Bab el-Mandeb Strait,ar_lag1_7,Bab el-Mandeb Strait,n_tanker,130,17.496749521988527,1833.0,2244.1079716886843,-411.10797168868453,-0.18074037174823054,-0.13035193302504772,0.12421727057020027,-0.3551539802366055,0.12096983444396626,-0.40564760835496105,0.646935306469353,1.0,12,28,10000,all_28_corridors_retrospective,retrospective_disclosure_not_confirmatory,14,False,False,True,True
n_tanker::Makassar Strait,ar_lag1_7,Makassar Strait,n_tanker,130,5.217973231357552,639.0,677.8709629140203,-38.87096291402043,-0.057303361625934225,-0.033453019795949224,0.041844852447405746,-0.11289240880549888,0.05047740793700029,-0.5699707475360843,0.7077292270772922,1.0,13,28,10000,all_28_corridors_retrospective,retrospective_disclosure_not_confirmatory,14,False,False,False,True
n_tanker::Torres Strait,ar_lag1_7,Torres Strait,n_tanker,130,2.026003824091778,273.0,263.42028454483454,9.579715455165454,0.03637215192272507,0.07081969101284963,0.05284918278716146,-0.03231981147684417,0.17372921067302433,-0.6518083586808617,0.7432256774322568,1.0,14,28,10000,all_28_corridors_retrospective,retrospective_disclosure_not_confirmatory,14,False,False,False,False
n_tanker::Suez Canal,ar_lag1_7,Suez Canal,n_tanker,130,17.593881453154875,2140.0,2298.024555629863,-158.02455562986287,-0.0690906954262288,0.007747836933178564,0.10111639839274766,-0.1771438842091371,0.21439052507101583,-0.7599017921994978,0.7639236076392361,1.0,15,28,10000,all_28_corridors_retrospective,retrospective_disclosure_not_confirmatory,14,False,False,True,True
n_tanker::Luzon Strait,ar_lag1_7,Luzon Strait,n_tanker,130,24.50095602294455,2929.0,3176.8235658592794,-247.82356585927963,-0.07780656069947728,0.007861300723314502,0.050762673355662875,-0.08822002463110652,0.11076089316369735,-1.6876152448191548,0.9575042495750425,1.0,16,28,10000,all_28_corridors_retrospective,retrospective_disclosure_not_confirmatory,14,False,False,False,True
n_tanker::Magellan Strait,ar_lag1_7,Magellan Strait,n_tanker,130,0.982791586998088,131.0,127.88381104579737,3.1161889542026184,0.024390404415563744,0.23262630940517393,0.10632313351555218,0.03182335160187845,0.44489316415521885,-1.9585192620301293,0.9793020697930207,1.0,17,28,10000,all_28_corridors_retrospective,retrospective_disclosure_not_confirmatory,14,False,False,False,False
n_tanker::Bering Strait,ar_lag1_7,Bering Strait,n_tanker,130,0.34493307839388143,6.0,42.77026364230262,-36.77026364230262,-0.820008864272739,0.30093182226905557,0.5149682643061665,-0.5986106386348244,1.3918559489848519,-2.176717992616641,0.9976002399760024,1.0,18,28,10000,all_28_corridors_retrospective,retrospective_disclosure_not_confirmatory,14,False,False,False,False
n_tanker::Taiwan Strait,ar_lag1_7,Taiwan Strait,n_tanker,130,55.877629063097515,6142.0,7232.073876431918,-1090.0738764319171,-0.15006334029298699,-0.10546719575244375,0.019654993838363156,-0.14410237152073826,-0.0670899264106865,-2.2689472663939108,0.9874012598740126,1.0,19,28,10000,all_28_corridors_retrospective,retrospective_disclosure_not_confirmatory,14,False,False,False,True
n_tanker::Gibraltar Strait,ar_lag1_7,Gibraltar Strait,n_tanker,130,43.01414913957935,5868.0,5634.049317080094,233.95068291990617,0.04183787599763344,0.12875049197237265,0.027684017973048217,0.07813999009308888,0.18519137070294167,-3.1394509301125657,1.0,1.0,20,28,10000,all_28_corridors_retrospective,retrospective_disclosure_not_confirmatory,14,True,False,False,True
n_tanker::Bohai Strait,ar_lag1_7,Bohai Strait,n_tanker,130,36.65353728489484,4246.0,4783.569355595401,-537.5693555954015,-0.11281718479322642,-0.023693738582142458,0.02278489475435784,-0.07000121258847808,0.018956694470813617,-3.9115144999315037,0.9997000299970003,1.0,21,28,10000,all_28_corridors_retrospective,retrospective_disclosure_not_confirmatory,14,False,False,False,True
n_tanker::Ombai Strait,ar_lag1_7,Ombai Strait,n_tanker,130,3.7158699808795412,433.0,482.68772195025736,-49.68772195025734,-0.10285969308343264,0.04932633039716156,0.03808036000709945,-0.025565016754253333,0.12365015330285106,-3.996443926796429,1.0,1.0,22,28,10000,all_28_corridors_retrospective,retrospective_disclosure_not_confirmatory,14,False,False,False,False
n_tanker::Dover Strait,ar_lag1_7,Dover Strait,n_tanker,130,57.932695984703635,7718.0,7560.86181492017,157.13818507982964,0.020864819931114536,0.10977351506568045,0.020795345450814493,0.07220647563827388,0.15313613883811572,-4.2754132334494885,1.0,1.0,23,28,10000,all_28_corridors_retrospective,retrospective_disclosure_not_confirmatory,14,False,False,False,True
n_tanker::Bosporus Strait,ar_lag1_7,Bosporus Strait,n_tanker,130,23.35640535372849,2801.0,3034.2996861199326,-233.29968611993255,-0.07683600892235949,0.03175862236167269,0.02286454503965443,-0.012114392914263424,0.0776584448193539,-4.74947702198729,1.0,1.0,24,28,10000,all_28_corridors_retrospective,retrospective_disclosure_not_confirmatory,14,False,False,False,True
n_tanker::Korea Strait,ar_lag1_7,Korea Strait,n_tanker,130,62.31242829827916,6932.0,8084.482884790485,-1152.482884790485,-0.1422710236470055,-0.04152122848379023,0.02034663350211708,-0.08315556504114463,-0.004017911008742107,-4.951669039142628,1.0,1.0,25,28,10000,all_28_corridors_retrospective,retrospective_disclosure_not_confirmatory,14,False,False,False,True
n_tanker::Oresund Strait,ar_lag1_7,Oresund Strait,n_tanker,130,11.81567877629063,1315.0,1535.9285463757512,-220.9285463757513,-0.14383010819037073,-0.010479946623058047,0.025357556338232386,-0.05854688758167591,0.040293646848695484,-5.258793859653442,1.0,1.0,26,28,10000,all_28_corridors_retrospective,retrospective_disclosure_not_confirmatory,14,False,False,False,True
n_tanker::Malacca Strait,ar_lag1_7,Malacca Strait,n_tanker,130,75.48298279158699,9373.0,9960.4105784838,-587.4105784838002,-0.059861742929393946,0.11401716326819505,0.014894656746420955,0.08572718446853861,0.14429663855550012,-11.673911601848122,1.0,1.0,27,28,10000,all_28_corridors_retrospective,retrospective_disclosure_not_confirmatory,14,True,False,False,True
n_tanker::Strait of Hormuz,ar_lag1_7,Strait of Hormuz,n_tanker,130,54.10363288718929,529.0,7025.362323200071,-6496.362323200071,-0.9236351646656651,0.03606917154534494,0.05094384136343576,-0.06627032443407259,0.1343529329569176,-18.83847606552545,1.0,1.0,28,28,10000,all_28_corridors_retrospective,retrospective_disclosure_not_confirmatory,14,False,True,True,True
n_tanker::Yucatan Channel,ar_lag1_7,Yucatan Channel,n_tanker,130,23.074569789674953,4006.0,3006.9970976860895,999.0029023139101,0.33303492893486586,0.09925006276945504,0.03501057484483129,0.03153382757519995,0.16832675258478516,6.6775500602762925,9.999000099990002e-05,9.999000099990002e-05,1,28,10000,all_28_corridors_retrospective,retrospective_disclosure_not_confirmatory,28,True,False,False,True
n_tanker::Panama Canal,ar_lag1_7,Panama Canal,n_tanker,130,12.354110898661569,1949.0,1609.2619872640091,339.738012735991,0.21153843851454512,-0.03520174659136074,0.05003802665118185,-0.14610810470285232,0.04214666589135585,4.931053473110497,9.999000099990002e-05,9.999000099990002e-05,2,28,10000,all_28_corridors_retrospective,retrospective_disclosure_not_confirmatory,28,True,False,False,True
n_tanker::Mindoro Strait,ar_lag1_7,Mindoro Strait,n_tanker,130,3.6390057361376673,524.0,472.45679534144136,51.543204658558594,0.1089545382530885,-0.12877873803480303,0.08113833472854476,-0.28441815793795205,0.0309084105822227,2.929974802702675,0.0011998800119988001,0.04179582041795821,3,28,10000,all_28_corridors_retrospective,retrospective_disclosure_not_confirmatory,28,False,False,False,False
n_tanker::Mona Passage,ar_lag1_7,Mona Passage,n_tanker,130,2.465391969407266,366.0,320.08910066545405,45.91089933454592,0.14324730853925804,0.007988681589295513,0.06294473473866492,-0.11038357437216054,0.13344590695600725,2.14884735810758,0.017798220177982202,0.27647235276472354,4,28,10000,all_28_corridors_retrospective,retrospective_disclosure_not_confirmatory,28,False,False,False,False
n_tanker::Cape of Good Hope,ar_lag1_7,Cape of Good Hope,n_tanker,130,12.949521988527724,2618.0,1689.7313649531911,928.2686350468089,0.5514124743928375,0.24916203380627575,0.14152894351843723,-0.02908247058360665,0.5193135055094178,2.1356086823836637,0.0136986301369863,0.27647235276472354,5,28,10000,all_28_corridors_retrospective,retrospective_disclosure_not_confirmatory,28,True,False,False,True
n_tanker::Lombok Strait,ar_lag1_7,Lombok Strait,n_tanker,130,7.1915869980879545,1045.0,935.0328601428947,109.96713985710528,0.11762370058914515,0.06692776176880863,0.02772827932962526,0.011082347693514027,0.12109603308438778,1.8283117469237375,0.0321967803219678,0.45685431456854314,6,28,10000,all_28_corridors_retrospective,retrospective_disclosure_not_confirmatory,28,False,False,False,True
n_tanker::Kerch Strait,ar_lag1_7,Kerch Strait,n_tanker,130,6.964053537284895,318.0,841.8949582451032,-523.8949582451032,-0.5786803900478347,-0.8246971393827899,0.14742656756969963,-1.100718979209673,-0.5270446805254487,1.6687409426299271,0.052394760523947606,0.5489451054894511,7,28,10000,all_28_corridors_retrospective,retrospective_disclosure_not_confirmatory,28,False,False,False,True
n_tanker::Tsugaru Strait,ar_lag1_7,Tsugaru Strait,n_tanker,130,12.198087954110898,1660.0,1587.6533247325808,72.34667526741923,0.0456229606448201,0.020748518603989602,0.045001337941166446,-0.07261762509779293,0.10463085029668767,0.5527489443391812,0.2966703329667033,0.9908009199080092,8,28,10000,all_28_corridors_retrospective,retrospective_disclosure_not_confirmatory,28,False,False,False,True
n_tanker::Balabac Strait,ar_lag1_7,Balabac Strait,n_tanker,130,3.5124282982791586,444.0,456.1938043632299,-12.193804363229853,-0.026704743025707522,-0.054006830931648354,0.061180535955448166,-0.17315696413482753,0.06416177025549817,0.4462544742305345,0.33526647335266474,0.9934006599340066,9,28,10000,all_28_corridors_retrospective,retrospective_disclosure_not_confirmatory,28,False,False,False,False
n_tanker::Windward Passage,ar_lag1_7,Windward Passage,n_tanker,130,2.0860420650095604,236.0,270.6908890166369,-34.690889016636945,-0.12792311186421151,-0.15496555921640273,0.06304640544260075,-0.2738875992532797,-0.027726671257310077,0.42892924921487297,0.32756724327567244,0.9934006599340066,10,28,10000,all_28_corridors_retrospective,retrospective_disclosure_not_confirmatory,28,False,False,False,False
n_tanker::Sunda Strait,ar_lag1_7,Sunda Strait,n_tanker,130,11.196175908221797,1601.0,1456.9374475077525,144.06255249224762,0.09897785545650647,0.09132454459609725,0.03164007533179364,0.02464243347756606,0.1471626921957809,0.24188661942655904,0.42645735426457354,0.9985001499850015,11,28,10000,all_28_corridors_retrospective,retrospective_disclosure_not_confirmatory,28,False,False,False,True
n_tanker::Bab el-Mandeb Strait,ar_lag1_7,Bab el-Mandeb Strait,n_tanker,130,17.496749521988527,1833.0,2244.1079716886843,-411.10797168868453,-0.18074037174823054,-0.13106435604847863,0.16804504339754214,-0.4271156818589302,0.21945075935594355,-0.2956113116781074,0.5804419558044196,1.0,12,28,10000,all_28_corridors_retrospective,retrospective_disclosure_not_confirmatory,28,False,False,True,True
n_tanker::Makassar Strait,ar_lag1_7,Makassar Strait,n_tanker,130,5.217973231357552,639.0,677.8709629140203,-38.87096291402043,-0.057303361625934225,-0.034271223798548106,0.050831269991288966,-0.1306335099652584,0.0683579977442628,-0.45310962782029984,0.6701329867013298,1.0,13,28,10000,all_28_corridors_retrospective,retrospective_disclosure_not_confirmatory,28,False,False,False,True
n_tanker::Suez Canal,ar_lag1_7,Suez Canal,n_tanker,130,17.593881453154875,2140.0,2298.024555629863,-158.02455562986287,-0.0690906954262288,0.007928127283805101,0.13673561180730703,-0.23274623167904301,0.29193177803889186,-0.5632682056417878,0.6792320767923208,1.0,14,28,10000,all_28_corridors_retrospective,retrospective_disclosure_not_confirmatory,28,False,False,True,True
n_tanker::Torres Strait,ar_lag1_7,Torres Strait,n_tanker,130,2.026003824091778,273.0,263.42028454483454,9.579715455165454,0.03637215192272507,0.07185208721609113,0.05020594201319204,-0.024700782633342095,0.17296515573522828,-0.706687970998401,0.7599240075992401,1.0,15,28,10000,all_28_corridors_retrospective,retrospective_disclosure_not_confirmatory,28,False,False,False,False
n_tanker::Luzon Strait,ar_lag1_7,Luzon Strait,n_tanker,130,24.50095602294455,2929.0,3176.8235658592794,-247.82356585927963,-0.07780656069947728,0.007778984192510975,0.06457356594236247,-0.10628469966884453,0.1452941041692802,-1.3253959827521498,0.9159084091590841,1.0,16,28,10000,all_28_corridors_retrospective,retrospective_disclosure_not_confirmatory,28,False,False,False,True
n_tanker::Bering Strait,ar_lag1_7,Bering Strait,n_tanker,130,0.34493307839388143,6.0,42.77026364230262,-36.77026364230262,-0.820008864272739,0.3076984115523369,0.6913764617214627,-0.8330593822929792,1.7850953381506591,-1.6311045259151435,0.97000299970003,1.0,17,28,10000,all_28_corridors_retrospective,retrospective_disclosure_not_confirmatory,28,False,False,False,False
n_tanker::Magellan Strait,ar_lag1_7,Magellan Strait,n_tanker,130,0.982791586998088,131.0,127.88381104579737,3.1161889542026184,0.024390404415563744,0.2322492980262781,0.11435985143226103,0.019105121599243904,0.4688347838280711,-1.8175862508341556,0.9711028897110289,1.0,18,28,10000,all_28_corridors_retrospective,retrospective_disclosure_not_confirmatory,28,False,False,False,False
n_tanker::Taiwan Strait,ar_lag1_7,Taiwan Strait,n_tanker,130,55.877629063097515,6142.0,7232.073876431918,-1090.0738764319171,-0.15006334029298699,-0.10500296186986552,0.02184611593614426,-0.14791112497347583,-0.06339452498328821,-2.0626265352995476,0.9801019898010199,1.0,19,28,10000,all_28_corridors_retrospective,retrospective_disclosure_not_confirmatory,28,False,False,False,True
n_tanker::Gibraltar Strait,ar_lag1_7,Gibraltar Strait,n_tanker,130,43.01414913957935,5868.0,5634.049317080094,233.95068291990617,0.04183787599763344,0.1286465974985929,0.03486982434154793,0.0650496127772728,0.20018367913005491,-2.4895084256999116,0.9981001899810019,1.0,20,28,10000,all_28_corridors_retrospective,retrospective_disclosure_not_confirmatory,28,True,False,False,True
n_tanker::Dover Strait,ar_lag1_7,Dover Strait,n_tanker,130,57.932695984703635,7718.0,7560.86181492017,157.13818507982964,0.020864819931114536,0.10974490356786346,0.025430574186171527,0.06696345941396945,0.16538798727872403,-3.4950089206039063,1.0,1.0,21,28,10000,all_28_corridors_retrospective,retrospective_disclosure_not_confirmatory,28,False,False,False,True
n_tanker::Ombai Strait,ar_lag1_7,Ombai Strait,n_tanker,130,3.7158699808795412,433.0,482.68772195025736,-49.68772195025734,-0.10285969308343264,0.04878834205912276,0.042280837959510376,-0.030627234724784676,0.13640381674070262,-3.5866847125352366,1.0,1.0,22,28,10000,all_28_corridors_retrospective,retrospective_disclosure_not_confirmatory,28,False,False,False,False
n_tanker::Bohai Strait,ar_lag1_7,Bohai Strait,n_tanker,130,36.65353728489484,4246.0,4783.569355595401,-537.5693555954015,-0.11281718479322642,-0.023863820926531432,0.023360637232847016,-0.07267402193760551,0.018588161598730918,-3.8078312239539036,0.9997000299970003,1.0,23,28,10000,all_28_corridors_retrospective,retrospective_disclosure_not_confirmatory,28,False,False,False,True
n_tanker::Korea Strait,ar_lag1_7,Korea Strait,n_tanker,130,62.31242829827916,6932.0,8084.482884790485,-1152.482884790485,-0.1422710236470055,-0.04103532202113838,0.024236060072034923,-0.09399988849182557,0.0014732369787969746,-4.177069264763838,0.9996000399960004,1.0,24,28,10000,all_28_corridors_retrospective,retrospective_disclosure_not_confirmatory,28,False,False,False,True
n_tanker::Bosporus Strait,ar_lag1_7,Bosporus Strait,n_tanker,130,23.35640535372849,2801.0,3034.2996861199326,-233.29968611993255,-0.07683600892235949,0.03251766328717556,0.026138332295226423,-0.014135331204153114,0.0881324000884514,-4.183651465380828,1.0,1.0,25,28,10000,all_28_corridors_retrospective,retrospective_disclosure_not_confirmatory,28,False,False,False,True
n_tanker::Oresund Strait,ar_lag1_7,Oresund Strait,n_tanker,130,11.81567877629063,1315.0,1535.9285463757512,-220.9285463757513,-0.14383010819037073,-0.010642421117349258,0.025094669501294423,-0.05587964435573087,0.0415614936431245,-5.307409490535488,1.0,1.0,26,28,10000,all_28_corridors_retrospective,retrospective_disclosure_not_confirmatory,28,False,False,False,True
n_tanker::Malacca Strait,ar_lag1_7,Malacca Strait,n_tanker,130,75.48298279158699,9373.0,9960.4105784838,-587.4105784838002,-0.059861742929393946,0.1139996295567034,0.018410048337852054,0.07941208290563112,0.1506861154415309,-9.443830309159427,1.0,1.0,27,28,10000,all_28_corridors_retrospective,retrospective_disclosure_not_confirmatory,28,True,False,False,True
n_tanker::Strait of Hormuz,ar_lag1_7,Strait of Hormuz,n_tanker,130,54.10363288718929,529.0,7025.362323200071,-6496.362323200071,-0.9236351646656651,0.03747250248330061,0.0645914557319654,-0.09510953121002146,0.15522650384383654,-14.879795729287567,1.0,1.0,28,28,10000,all_28_corridors_retrospective,retrospective_disclosure_not_confirmatory,28,False,True,True,True
n_tanker::Mindoro Strait,chronos2_univariate,Mindoro Strait,n_tanker,130,3.6390057361376673,524.0,342.666624546051,181.33337545394897,0.3833113273289331,-0.00698158501248756,0.04415561731621353,-0.09299295405863378,0.08158038388963608,8.839031952523712,9.999000099990002e-05,9.999000099990002e-05,1,28,10000,all_28_corridors_retrospective,retrospective_disclosure_not_confirmatory,7,False,False,False,False
n_tanker::Yucatan Channel,chronos2_univariate,Yucatan Channel,n_tanker,130,23.074569789674953,4006.0,3359.899965286255,646.1000347137451,0.2153886426629157,0.031610702223498266,0.022345575316140457,-0.011869782363434422,0.0748108948683715,8.224354837115007,9.999000099990002e-05,9.999000099990002e-05,2,28,10000,all_28_corridors_retrospective,retrospective_disclosure_not_confirmatory,7,True,False,False,True
n_tanker::Balabac Strait,chronos2_univariate,Balabac Strait,n_tanker,130,3.5124282982791586,444.0,330.8844828605652,113.11551713943481,0.2477258718810955,-0.017349001972218975,0.046258181333879,-0.10785671847960612,0.07296600400914818,5.730334963670014,9.999000099990002e-05,9.999000099990002e-05,3,28,10000,all_28_corridors_retrospective,retrospective_disclosure_not_confirmatory,7,False,False,False,False
n_tanker::Panama Canal,chronos2_univariate,Panama Canal,n_tanker,130,12.354110898661569,1949.0,1672.0100021362305,276.98999786376953,0.17246828272284673,0.011535037167129667,0.0325065235997784,-0.0545478874036478,0.0716470510200114,4.950798416254334,9.999000099990002e-05,0.00019998000199980003,4,28,10000,all_28_corridors_retrospective,retrospective_disclosure_not_confirmatory,7,True,False,False,True
n_tanker::Cape of Good Hope,chronos2_univariate,Cape of Good Hope,n_tanker,130,12.949521988527724,2618.0,1886.3988523483276,731.6011476516724,0.43458755780852787,-0.237055864118467,0.22016965359253202,-0.7451350677083507,0.08561208902583237,3.050572188163612,9.999000099990002e-05,0.027597240275972403,5,28,10000,all_28_corridors_retrospective,retrospective_disclosure_not_confirmatory,7,True,False,False,True
n_tanker::Mona Passage,chronos2_univariate,Mona Passage,n_tanker,130,2.465391969407266,366.0,300.89741945266724,65.10258054733276,0.20312757052329072,0.06353819553804617,0.05464077127055297,-0.043688168906539405,0.17029347348962207,2.554674316254978,0.0065993400659934,0.11358864113588642,6,28,10000,all_28_corridors_retrospective,retrospective_disclosure_not_confirmatory,7,False,False,False,False
n_tanker::Bab el-Mandeb Strait,chronos2_univariate,Bab el-Mandeb Strait,n_tanker,130,17.496749521988527,1833.0,1751.4898109436035,81.51018905639648,0.03583531063824211,-0.10064297623732729,0.06609140102830706,-0.24423630280629227,0.011772847548095839,2.064993096713376,0.0052994700529947,0.3267673232676732,7,28,10000,all_28_corridors_retrospective,retrospective_disclosure_not_confirmatory,7,False,False,True,True
n_tanker::Makassar Strait,chronos2_univariate,Makassar Strait,n_tanker,130,5.217973231357552,639.0,585.4870829582214,53.512917041778564,0.07888845058164498,-0.0021279279548662117,0.0405231284669858,-0.08153329430241514,0.07837824714262095,1.999262682853207,0.0244975502449755,0.36936306369363064,8,28,10000,all_28_corridors_retrospective,retrospective_disclosure_not_confirmatory,7,False,False,False,True
n_tanker::Luzon Strait,chronos2_univariate,Luzon Strait,n_tanker,130,24.50095602294455,2929.0,2899.2894496917725,29.71055030822754,0.009327909264628233,-0.04304139955099239,0.03911046006826266,-0.12127553787212096,0.03178390296831337,1.3390102986315227,0.08789121087891211,0.8203179682031797,9,28,10000,all_28_corridors_retrospective,retrospective_disclosure_not_confirmatory,7,False,False,False,True
n_tanker::Magellan Strait,chronos2_univariate,Magellan Strait,n_tanker,130,0.982791586998088,131.0,101.74560415744781,29.254395842552185,0.22897409496639917,0.1262752577439449,0.11841262716645605,-0.10644096045421736,0.35951538025746343,0.8672963321562619,0.18818118188181182,0.9794020597940206,10,28,10000,all_28_corridors_retrospective,retrospective_disclosure_not_confirmatory,7,False,False,False,False
n_tanker::Windward Passage,chronos2_univariate,Windward Passage,n_tanker,130,2.0860420650095604,236.0,207.00449883937836,28.995501160621643,0.1069212938518305,0.0692857426740973,0.057148320127147836,-0.04260668420381037,0.17956687413577857,0.6585591858868085,0.26077392260773924,0.9919008099190081,11,28,10000,all_28_corridors_retrospective,retrospective_disclosure_not_confirmatory,7,False,False,False,False
n_tanker::Bosporus Strait,chronos2_univariate,Bosporus Strait,n_tanker,130,23.35640535372849,2801.0,2794.8756370544434,6.124362945556626,0.002017026313900181,-0.004064390205025584,0.02265199820156358,-0.04970947522902344,0.03892307019627393,0.26847152577056044,0.39766023397660233,0.9994000599940006,12,28,10000,all_28_corridors_retrospective,retrospective_disclosure_not_confirmatory,7,False,False,False,True
n_tanker::Lombok Strait,chronos2_univariate,Lombok Strait,n_tanker,130,7.1915869980879545,1045.0,1021.3696870803833,23.6303129196167,0.025275594648515476,0.022485703850673586,0.028422472158143156,-0.03214031876924009,0.07882879680195742,0.09815792174300976,0.45995400459954006,1.0,13,28,10000,all_28_corridors_retrospective,retrospective_disclosure_not_confirmatory,7,False,False,False,True
n_tanker::Korea Strait,chronos2_univariate,Korea Strait,n_tanker,130,62.31242829827916,6932.0,7124.606220245361,-192.60622024536136,-0.023776738445942074,-0.02249136303140664,0.01974679747142388,-0.06192959815121385,0.015388070515913364,-0.06509285449428108,0.5285471452854714,1.0,14,28,10000,all_28_corridors_retrospective,retrospective_disclosure_not_confirmatory,7,False,False,False,True
n_tanker::Torres Strait,chronos2_univariate,Torres Strait,n_tanker,130,2.026003824091778,273.0,253.2579971551895,19.742002844810486,0.07495620617240094,0.10010891917512926,0.057119523260077534,-0.010348352608985315,0.2124718767232295,-0.44035229230122575,0.6685331466853315,1.0,15,28,10000,all_28_corridors_retrospective,retrospective_disclosure_not_confirmatory,7,False,False,False,False
n_tanker::Ombai Strait,chronos2_univariate,Ombai Strait,n_tanker,130,3.7158699808795412,433.0,454.2079322338104,-21.207932233810425,-0.043903027043337414,-0.012418615048311944,0.03846412759320833,-0.08822291845900057,0.0640549924611562,-0.8185396098931598,0.793920607939206,1.0,16,28,10000,all_28_corridors_retrospective,retrospective_disclosure_not_confirmatory,7,False,False,False,False
n_tanker::Taiwan Strait,chronos2_univariate,Taiwan Strait,n_tanker,130,55.877629063097515,6142.0,6252.531162261963,-110.53116226196289,-0.015216102113912324,0.004312680048289901,0.020284012061117785,-0.03631614203291303,0.0432784017673046,-0.9627672328018749,0.8355164483551645,1.0,17,28,10000,all_28_corridors_retrospective,retrospective_disclosure_not_confirmatory,7,False,False,False,True
n_tanker::Sunda Strait,chronos2_univariate,Sunda Strait,n_tanker,130,11.196175908221797,1601.0,1611.1769018173218,-10.176901817321774,-0.006992017700950685,0.026112690528733384,0.02717393225921981,-0.02808125843751559,0.07929412469748533,-1.2182524013782368,0.8888111188881112,1.0,18,28,10000,all_28_corridors_retrospective,retrospective_disclosure_not_confirmatory,7,False,False,False,True
n_tanker::Bering Strait,chronos2_univariate,Bering Strait,n_tanker,130,0.34493307839388143,6.0,0.497477144002908,5.502522855997093,0.12271104612342144,0.5288406989672468,0.2149824589629804,0.15283849392775353,0.987119246082202,-1.8891292564188236,0.9834016598340166,1.0,19,28,10000,all_28_corridors_retrospective,retrospective_disclosure_not_confirmatory,7,False,False,False,False
n_tanker::Kerch Strait,chronos2_univariate,Kerch Strait,n_tanker,130,6.964053537284895,318.0,380.18611454963684,-62.18611454963684,-0.06868912261283347,0.0755747288237991,0.07027231405050571,-0.06325383904793289,0.21107127956701832,-2.052925869681025,0.9794020597940206,1.0,20,28,10000,all_28_corridors_retrospective,retrospective_disclosure_not_confirmatory,7,False,False,False,True
n_tanker::Suez Canal,chronos2_univariate,Suez Canal,n_tanker,130,17.593881453154875,2140.0,2383.4510135650635,-243.45101356506348,-0.1064404184677984,-0.03586187265030481,0.03328321764227254,-0.1043629342124687,0.028136400184783847,-2.120544551193055,0.9783021697830216,1.0,21,28,10000,all_28_corridors_retrospective,retrospective_disclosure_not_confirmatory,7,False,False,True,True
n_tanker::Dover Strait,chronos2_univariate,Dover Strait,n_tanker,130,57.932695984703635,7718.0,7993.505474090576,-275.5054740905762,-0.03658163739142026,0.003653839008275115,0.018580892266797166,-0.03273584407211474,0.04006522922348728,-2.1654221886638636,0.9838016198380162,1.0,22,28,10000,all_28_corridors_retrospective,retrospective_disclosure_not_confirmatory,7,False,False,False,True
n_tanker::Tsugaru Strait,chronos2_univariate,Tsugaru Strait,n_tanker,130,12.198087954110898,1660.0,1725.5817155838013,-65.58171558380127,-0.04135686979449889,0.034941359797346104,0.03474141320745869,-0.03193288077671607,0.10401601607456845,-2.196175185397018,0.9869013098690131,1.0,23,28,10000,all_28_corridors_retrospective,retrospective_disclosure_not_confirmatory,7,False,False,False,True
n_tanker::Bohai Strait,chronos2_univariate,Bohai Strait,n_tanker,130,36.65353728489484,4246.0,4869.049671173096,-623.0496711730957,-0.13075654174937384,-0.024598430803186605,0.02402887688502693,-0.07251422149516928,0.02186938346393342,-4.417938942969796,0.9999000099990001,1.0,24,28,10000,all_28_corridors_retrospective,retrospective_disclosure_not_confirmatory,7,False,False,False,True
n_tanker::Oresund Strait,chronos2_univariate,Oresund Strait,n_tanker,130,11.81567877629063,1315.0,1493.1225719451904,-178.12257194519043,-0.1159623290620436,0.0022635065370944923,0.0251820328146043,-0.0466606016298533,0.05141188855279515,-4.694848762589695,1.0,1.0,25,28,10000,all_28_corridors_retrospective,retrospective_disclosure_not_confirmatory,7,False,False,False,True
n_tanker::Gibraltar Strait,chronos2_univariate,Gibraltar Strait,n_tanker,130,43.01414913957935,5868.0,6530.495822906494,-662.4958229064941,-0.11847547415453016,-0.0030634844949264874,0.020858738950279527,-0.04398868196482608,0.03754470782295598,-5.533028143969223,1.0,1.0,26,28,10000,all_28_corridors_retrospective,retrospective_disclosure_not_confirmatory,7,True,False,False,True
n_tanker::Malacca Strait,chronos2_univariate,Malacca Strait,n_tanker,130,75.48298279158699,9373.0,11042.626625061035,-1669.6266250610352,-0.17014804206531953,0.0009962203660704328,0.010979671210056535,-0.020433807730389875,0.022736784350513007,-15.587375901988302,1.0,1.0,27,28,10000,all_28_corridors_retrospective,retrospective_disclosure_not_confirmatory,7,True,False,False,True
n_tanker::Strait of Hormuz,chronos2_univariate,Strait of Hormuz,n_tanker,130,54.10363288718929,529.0,7571.26872253418,-7042.26872253418,-1.0012506549901987,-0.03411950389037193,0.03182879165177839,-0.0971215097073989,0.027696169081759835,-30.385418387247814,1.0,1.0,28,28,10000,all_28_corridors_retrospective,retrospective_disclosure_not_confirmatory,7,False,True,True,True
n_tanker::Mindoro Strait,chronos2_univariate,Mindoro Strait,n_tanker,130,3.6390057361376673,524.0,342.666624546051,181.33337545394897,0.3833113273289331,-0.006304259672810398,0.04619452599429824,-0.09557439811279834,0.08332793773727253,8.434237144241582,9.999000099990002e-05,9.999000099990002e-05,1,28,10000,all_28_corridors_retrospective,retrospective_disclosure_not_confirmatory,14,False,False,False,False
n_tanker::Yucatan Channel,chronos2_univariate,Yucatan Channel,n_tanker,130,23.074569789674953,4006.0,3359.899965286255,646.1000347137451,0.2153886426629157,0.031675312001281285,0.026410239679271134,-0.018936541785135146,0.08384537650629999,6.956140227906652,9.999000099990002e-05,9.999000099990002e-05,2,28,10000,all_28_corridors_retrospective,retrospective_disclosure_not_confirmatory,14,True,False,False,True
n_tanker::Balabac Strait,chronos2_univariate,Balabac Strait,n_tanker,130,3.5124282982791586,444.0,330.8844828605652,113.11551713943481,0.2477258718810955,-0.017139729541458332,0.050582267279979505,-0.11607981531542952,0.08196211413077527,5.236333119598769,9.999000099990002e-05,9.999000099990002e-05,3,28,10000,all_28_corridors_retrospective,retrospective_disclosure_not_confirmatory,14,False,False,False,False
n_tanker::Panama Canal,chronos2_univariate,Panama Canal,n_tanker,130,12.354110898661569,1949.0,1672.0100021362305,276.98999786376953,0.17246828272284673,0.011731156221432634,0.04054771918244371,-0.07547739412220811,0.08398237644884375,3.964147176273476,9.999000099990002e-05,0.0011998800119988001,4,28,10000,all_28_corridors_retrospective,retrospective_disclosure_not_confirmatory,14,True,False,False,True
n_tanker::Mona Passage,chronos2_univariate,Mona Passage,n_tanker,130,2.465391969407266,366.0,300.89741945266724,65.10258054733276,0.20312757052329072,0.06356562880480988,0.05700351517154536,-0.04584479242272731,0.17692926290071911,2.448304131744957,0.007999200079992,0.14278572142785723,5,28,10000,all_28_corridors_retrospective,retrospective_disclosure_not_confirmatory,14,False,False,False,False
n_tanker::Cape of Good Hope,chronos2_univariate,Cape of Good Hope,n_tanker,130,12.949521988527724,2618.0,1886.3988523483276,731.6011476516724,0.43458755780852787,-0.23683487145678392,0.30253537557458177,-0.9673685267488866,0.1280523693889026,2.2193187424450174,9.999000099990002e-05,0.2303769623037696,6,28,10000,all_28_corridors_retrospective,retrospective_disclosure_not_confirmatory,14,True,False,False,True
n_tanker::Makassar Strait,chronos2_univariate,Makassar Strait,n_tanker,130,5.217973231357552,639.0,585.4870829582214,53.512917041778564,0.07888845058164498,-0.002007854213731065,0.04616196897294544,-0.0941182883948018,0.08658103683710086,1.7524448500623462,0.03569643035696431,0.5363463653634637,7,28,10000,all_28_corridors_retrospective,retrospective_disclosure_not_confirmatory,14,False,False,False,True
n_tanker::Bab el-Mandeb Strait,chronos2_univariate,Bab el-Mandeb Strait,n_tanker,130,17.496749521988527,1833.0,1751.4898109436035,81.51018905639648,0.03583531063824211,-0.1008742046399579,0.08980004891950732,-0.30299892793238814,0.033141493657029376,1.5223768463727698,0.0198980101989801,0.6895310468953104,8,28,10000,all_28_corridors_retrospective,retrospective_disclosure_not_confirmatory,14,False,False,True,True
n_tanker::Luzon Strait,chronos2_univariate,Luzon Strait,n_tanker,130,24.50095602294455,2929.0,2899.2894496917725,29.71055030822754,0.009327909264628233,-0.042659988621589685,0.04694337403124092,-0.13736963596015497,0.04670549369731677,1.1074597631525134,0.13388661133886612,0.9173082691730827,9,28,10000,all_28_corridors_retrospective,retrospective_disclosure_not_confirmatory,14,False,False,False,True
n_tanker::Magellan Strait,chronos2_univariate,Magellan Strait,n_tanker,130,0.982791586998088,131.0,101.74560415744781,29.254395842552185,0.22897409496639917,0.12695590289060482,0.13200418453785775,-0.1335214559062624,0.3875911412107323,0.772840591629399,0.21577842215778423,0.9843015698430156,10,28,10000,all_28_corridors_retrospective,retrospective_disclosure_not_confirmatory,14,False,False,False,False
n_tanker::Windward Passage,chronos2_univariate,Windward Passage,n_tanker,130,2.0860420650095604,236.0,207.00449883937836,28.995501160621643,0.1069212938518305,0.06796083576309078,0.05851279099561879,-0.04791026172794778,0.18233023407325533,0.665845149852054,0.25347465253474655,0.9899010098990101,11,28,10000,all_28_corridors_retrospective,retrospective_disclosure_not_confirmatory,14,False,False,False,False
n_tanker::Bosporus Strait,chronos2_univariate,Bosporus Strait,n_tanker,130,23.35640535372849,2801.0,2794.8756370544434,6.124362945556626,0.002017026313900181,-0.004365374052727357,0.025112850076576692,-0.0544395596855945,0.044421436356264575,0.2541487862654245,0.39706029397060294,0.9996000399960004,12,28,10000,all_28_corridors_retrospective,retrospective_disclosure_not_confirmatory,14,False,False,False,True
n_tanker::Lombok Strait,chronos2_univariate,Lombok Strait,n_tanker,130,7.1915869980879545,1045.0,1021.3696870803833,23.6303129196167,0.025275594648515476,0.02245453440664742,0.028374055087535606,-0.0340818045533085,0.07643974353239356,0.09942393616862033,0.4677532246775322,1.0,13,28,10000,all_28_corridors_retrospective,retrospective_disclosure_not_confirmatory,14,False,False,False,True
n_tanker::Korea Strait,chronos2_univariate,Korea Strait,n_tanker,130,62.31242829827916,6932.0,7124.606220245361,-192.60622024536136,-0.023776738445942074,-0.022441766489428836,0.02397125113954805,-0.07112633125130086,0.02260126733644324,-0.0556905415049774,0.5348465153484652,1.0,14,28,10000,all_28_corridors_retrospective,retrospective_disclosure_not_confirmatory,14,False,False,False,True
n_tanker::Torres Strait,chronos2_univariate,Torres Strait,n_tanker,130,2.026003824091778,273.0,253.2579971551895,19.742002844810486,0.07495620617240094,0.10239800477289655,0.05382480502584189,-0.00331865487006925,0.2103426235959708,-0.5098355412029919,0.6968303169683032,1.0,15,28,10000,all_28_corridors_retrospective,retrospective_disclosure_not_confirmatory,14,False,False,False,False
n_tanker::Ombai Strait,chronos2_univariate,Ombai Strait,n_tanker,130,3.7158699808795412,433.0,454.2079322338104,-21.207932233810425,-0.043903027043337414,-0.011746120878612442,0.03952079658970712,-0.08826935893522693,0.06690219180403761,-0.8136704960319545,0.7937206279372063,1.0,16,28,10000,all_28_corridors_retrospective,retrospective_disclosure_not_confirmatory,14,False,False,False,False
n_tanker::Taiwan Strait,chronos2_univariate,Taiwan Strait,n_tanker,130,55.877629063097515,6142.0,6252.531162261963,-110.53116226196289,-0.015216102113912324,0.004779758067749668,0.022222809332228508,-0.04070822408627609,0.046901222485044435,-0.8997899357694216,0.8209179082091791,1.0,17,28,10000,all_28_corridors_retrospective,retrospective_disclosure_not_confirmatory,14,False,False,False,True
n_tanker::Sunda Strait,chronos2_univariate,Sunda Strait,n_tanker,130,11.196175908221797,1601.0,1611.1769018173218,-10.176901817321774,-0.006992017700950685,0.025862494450303978,0.03046799928779805,-0.03542906919473296,0.08333642526167447,-1.0783285059486127,0.8568143185681432,1.0,18,28,10000,all_28_corridors_retrospective,retrospective_disclosure_not_confirmatory,14,False,False,False,True
n_tanker::Bering Strait,chronos2_univariate,Bering Strait,n_tanker,130,0.34493307839388143,6.0,0.497477144002908,5.502522855997093,0.12271104612342144,0.5289971250757568,0.26492451964570046,0.09394667904519673,1.120919699420885,-1.533591830215211,0.9603039696030397,1.0,19,28,10000,all_28_corridors_retrospective,retrospective_disclosure_not_confirmatory,14,False,False,False,False
n_tanker::Kerch Strait,chronos2_univariate,Kerch Strait,n_tanker,130,6.964053537284895,318.0,380.18611454963684,-62.18611454963684,-0.06868912261283347,0.07580749572438582,0.09383080886295482,-0.1154777985916574,0.2535620115064907,-1.5399698679808327,0.9353064693530647,1.0,20,28,10000,all_28_corridors_retrospective,retrospective_disclosure_not_confirmatory,14,False,False,False,True
n_tanker::Suez Canal,chronos2_univariate,Suez Canal,n_tanker,130,17.593881453154875,2140.0,2383.4510135650635,-243.45101356506348,-0.1064404184677984,-0.03601094475401187,0.04225955482729007,-0.12153501289850216,0.04303046539560385,-1.6665928924623954,0.9472052794720528,1.0,21,28,10000,all_28_corridors_retrospective,retrospective_disclosure_not_confirmatory,14,False,False,True,True
n_tanker::Dover Strait,chronos2_univariate,Dover Strait,n_tanker,130,57.932695984703635,7718.0,7993.505474090576,-275.5054740905762,-0.03658163739142026,0.0037611785566501682,0.0225497257296626,-0.038734562484934024,0.04957898776732087,-1.78906016116206,0.9673032696730327,1.0,22,28,10000,all_28_corridors_retrospective,retrospective_disclosure_not_confirmatory,14,False,False,False,True
n_tanker::Tsugaru Strait,chronos2_univariate,Tsugaru Strait,n_tanker,130,12.198087954110898,1660.0,1725.5817155838013,-65.58171558380127,-0.04135686979449889,0.03489626467537652,0.03750706477414896,-0.03948313961268832,0.10758119819829347,-2.03303390785278,0.9766023397660234,1.0,23,28,10000,all_28_corridors_retrospective,retrospective_disclosure_not_confirmatory,14,False,False,False,True
n_tanker::Bohai Strait,chronos2_univariate,Bohai Strait,n_tanker,130,36.65353728489484,4246.0,4869.049671173096,-623.0496711730957,-0.13075654174937384,-0.02436319008121039,0.02633347790815987,-0.07604378321076442,0.02665321472021219,-4.040231679203896,0.9999000099990001,1.0,24,28,10000,all_28_corridors_retrospective,retrospective_disclosure_not_confirmatory,14,False,False,False,True
n_tanker::Oresund Strait,chronos2_univariate,Oresund Strait,n_tanker,130,11.81567877629063,1315.0,1493.1225719451904,-178.12257194519043,-0.1159623290620436,0.0017849369876017445,0.025672724304395027,-0.04749412440784511,0.0534895582891297,-4.586473358010068,1.0,1.0,25,28,10000,all_28_corridors_retrospective,retrospective_disclosure_not_confirmatory,14,False,False,False,True
n_tanker::Gibraltar Strait,chronos2_univariate,Gibraltar Strait,n_tanker,130,43.01414913957935,5868.0,6530.495822906494,-662.4958229064941,-0.11847547415453016,-0.003480040760590522,0.024293605946978995,-0.04892011889742778,0.04486559949774521,-4.7335679044485275,1.0,1.0,26,28,10000,all_28_corridors_retrospective,retrospective_disclosure_not_confirmatory,14,True,False,False,True
n_tanker::Malacca Strait,chronos2_univariate,Malacca Strait,n_tanker,130,75.48298279158699,9373.0,11042.626625061035,-1669.6266250610352,-0.17014804206531953,0.001150855908520764,0.012110358227717161,-0.022416695851860485,0.02524016542862285,-14.144825012837845,1.0,1.0,27,28,10000,all_28_corridors_retrospective,retrospective_disclosure_not_confirmatory,14,True,False,False,True
n_tanker::Strait of Hormuz,chronos2_univariate,Strait of Hormuz,n_tanker,130,54.10363288718929,529.0,7571.26872253418,-7042.26872253418,-1.0012506549901987,-0.033482476768553655,0.036243755992509494,-0.10627128714117041,0.03454014695916275,-26.701652511446493,1.0,1.0,28,28,10000,all_28_corridors_retrospective,retrospective_disclosure_not_confirmatory,14,False,True,True,True
n_tanker::Mindoro Strait,chronos2_univariate,Mindoro Strait,n_tanker,130,3.6390057361376673,524.0,342.666624546051,181.33337545394897,0.3833113273289331,-0.006573785298521359,0.05169263625249917,-0.10986482414059551,0.09060828505433174,7.542372393681214,9.999000099990002e-05,9.999000099990002e-05,1,28,10000,all_28_corridors_retrospective,retrospective_disclosure_not_confirmatory,28,False,False,False,False
n_tanker::Yucatan Channel,chronos2_univariate,Yucatan Channel,n_tanker,130,23.074569789674953,4006.0,3359.899965286255,646.1000347137451,0.2153886426629157,0.031531392275312944,0.032609861725176555,-0.030679434202973324,0.09555600593141178,5.638087396293837,9.999000099990002e-05,9.999000099990002e-05,2,28,10000,all_28_corridors_retrospective,retrospective_disclosure_not_confirmatory,28,True,False,False,True
n_tanker::Balabac Strait,chronos2_univariate,Balabac Strait,n_tanker,130,3.5124282982791586,444.0,330.8844828605652,113.11551713943481,0.2477258718810955,-0.017747365013212873,0.05872513679337906,-0.1323907476262498,0.09557101586147457,4.52060653052815,9.999000099990002e-05,0.0005999400059994001,3,28,10000,all_28_corridors_retrospective,retrospective_disclosure_not_confirmatory,28,False,False,False,False
n_tanker::Panama Canal,chronos2_univariate,Panama Canal,n_tanker,130,12.354110898661569,1949.0,1672.0100021362305,276.98999786376953,0.17246828272284673,0.012119576237811042,0.05201608118878527,-0.1054098668828202,0.1008881536512579,3.0826756422321,0.00019998000199980003,0.0225977402259774,4,28,10000,all_28_corridors_retrospective,retrospective_disclosure_not_confirmatory,28,True,False,False,True
n_tanker::Mona Passage,chronos2_univariate,Mona Passage,n_tanker,130,2.465391969407266,366.0,300.89741945266724,65.10258054733276,0.20312757052329072,0.06384558001475552,0.06385775931831246,-0.056032767639486315,0.19257195489840342,2.1811286834267825,0.0170982901709829,0.24797520247975202,5,28,10000,all_28_corridors_retrospective,retrospective_disclosure_not_confirmatory,28,False,False,False,False
n_tanker::Cape of Good Hope,chronos2_univariate,Cape of Good Hope,n_tanker,130,12.949521988527724,2618.0,1886.3988523483276,731.6011476516724,0.43458755780852787,-0.23702681710010148,0.4018233170146863,-1.2703011036015863,0.17112098930170277,1.6714171290465019,9.999000099990002e-05,0.5689431056894311,6,28,10000,all_28_corridors_retrospective,retrospective_disclosure_not_confirmatory,28,True,False,False,True
n_tanker::Makassar Strait,chronos2_univariate,Makassar Strait,n_tanker,130,5.217973231357552,639.0,585.4870829582214,53.512917041778564,0.07888845058164498,-0.002240574359965237,0.05633618057079383,-0.11910725166836818,0.10204984519679705,1.4400874201910248,0.06369363063693631,0.7438256174382561,7,28,10000,all_28_corridors_retrospective,retrospective_disclosure_not_confirmatory,28,False,False,False,True
n_tanker::Bab el-Mandeb Strait,chronos2_univariate,Bab el-Mandeb Strait,n_tanker,130,17.496749521988527,1833.0,1751.4898109436035,81.51018905639648,0.03583531063824211,-0.10123903618635148,0.11958902885665348,-0.3845427623931109,0.046693692129341574,1.1462117230577984,0.0514948505149485,0.8916108389161084,8,28,10000,all_28_corridors_retrospective,retrospective_disclosure_not_confirmatory,28,False,False,True,True
n_tanker::Luzon Strait,chronos2_univariate,Luzon Strait,n_tanker,130,24.50095602294455,2929.0,2899.2894496917725,29.71055030822754,0.009327909264628233,-0.042459954385278276,0.05832704704951099,-0.15671960716212294,0.07387359644041307,0.8878876313753088,0.18648135186481352,0.9671032896710329,9,28,10000,all_28_corridors_retrospective,retrospective_disclosure_not_confirmatory,28,False,False,False,True
n_tanker::Magellan Strait,chronos2_univariate,Magellan Strait,n_tanker,130,0.982791586998088,131.0,101.74560415744781,29.254395842552185,0.22897409496639917,0.12622782043890132,0.155237223634351,-0.17553291281922173,0.43026998541245626,0.6618662207558451,0.26047395260473954,0.9916008399160084,10,28,10000,all_28_corridors_retrospective,retrospective_disclosure_not_confirmatory,28,False,False,False,False
n_tanker::Windward Passage,chronos2_univariate,Windward Passage,n_tanker,130,2.0860420650095604,236.0,207.00449883937836,28.995501160621643,0.1069212938518305,0.06831205229272469,0.06238122533211973,-0.05480858666551118,0.19003041347085708,0.6189240649498132,0.2676732326767323,0.9923007699230078,11,28,10000,all_28_corridors_retrospective,retrospective_disclosure_not_confirmatory,28,False,False,False,False
n_tanker::Bosporus Strait,chronos2_univariate,Bosporus Strait,n_tanker,130,23.35640535372849,2801.0,2794.8756370544434,6.124362945556626,0.002017026313900181,-0.003557692659929431,0.029663151599186664,-0.06085167349444302,0.05512490451251603,0.1879341429783363,0.42415758424157585,0.9995000499950005,12,28,10000,all_28_corridors_retrospective,retrospective_disclosure_not_confirmatory,28,False,False,False,True
n_tanker::Lombok Strait,chronos2_univariate,Lombok Strait,n_tanker,130,7.1915869980879545,1045.0,1021.3696870803833,23.6303129196167,0.025275594648515476,0.022499717570718548,0.03153358571537137,-0.042629065653134825,0.08118469548736995,0.0880292239154965,0.4791520847915208,1.0,13,28,10000,all_28_corridors_retrospective,retrospective_disclosure_not_confirmatory,28,False,False,False,True
n_tanker::Korea Strait,chronos2_univariate,Korea Strait,n_tanker,130,62.31242829827916,6932.0,7124.606220245361,-192.60622024536136,-0.023776738445942074,-0.02220799616364414,0.02991161023704266,-0.08368130992592826,0.034950471567844255,-0.052445932193753854,0.5375462453754625,1.0,14,28,10000,all_28_corridors_retrospective,retrospective_disclosure_not_confirmatory,28,False,False,False,True
n_tanker::Torres Strait,chronos2_univariate,Torres Strait,n_tanker,130,2.026003824091778,273.0,253.2579971551895,19.742002844810486,0.07495620617240094,0.10163758045331259,0.05244139616547512,0.0007858145507454697,0.20735605026971993,-0.5087845906451548,0.6944305569443056,1.0,15,28,10000,all_28_corridors_retrospective,retrospective_disclosure_not_confirmatory,28,False,False,False,False
n_tanker::Ombai Strait,chronos2_univariate,Ombai Strait,n_tanker,130,3.7158699808795412,433.0,454.2079322338104,-21.207932233810425,-0.043903027043337414,-0.01115552432306995,0.044510463671349206,-0.09449967186496595,0.07901528719140684,-0.7357259399062742,0.7612238776122388,1.0,16,28,10000,all_28_corridors_retrospective,retrospective_disclosure_not_confirmatory,28,False,False,False,False
n_tanker::Taiwan Strait,chronos2_univariate,Taiwan Strait,n_tanker,130,55.877629063097515,6142.0,6252.531162261963,-110.53116226196289,-0.015216102113912324,0.004421948628001768,0.02480114613027013,-0.046938896975927645,0.05077561284959617,-0.7918202908350913,0.787921207879212,1.0,17,28,10000,all_28_corridors_retrospective,retrospective_disclosure_not_confirmatory,28,False,False,False,True
n_tanker::Sunda Strait,chronos2_univariate,Sunda Strait,n_tanker,130,11.196175908221797,1601.0,1611.1769018173218,-10.176901817321774,-0.006992017700950685,0.025994941999932474,0.034758745610885516,-0.045395668592360904,0.09127522125885054,-0.9490261838031496,0.8274172582741726,1.0,18,28,10000,all_28_corridors_retrospective,retrospective_disclosure_not_confirmatory,28,False,False,False,True
n_tanker::Kerch Strait,chronos2_univariate,Kerch Strait,n_tanker,130,6.964053537284895,318.0,380.18611454963684,-62.18611454963684,-0.06868912261283347,0.07619638632927497,0.12622619951357872,-0.1842057588702988,0.3129722876005332,-1.1478243779851935,0.8733126687331267,1.0,19,28,10000,all_28_corridors_retrospective,retrospective_disclosure_not_confirmatory,28,False,False,False,True
n_tanker::Bering Strait,chronos2_univariate,Bering Strait,n_tanker,130,0.34493307839388143,6.0,0.497477144002908,5.502522855997093,0.12271104612342144,0.5253371715782871,0.32377869568110973,0.025807695018399898,1.251465295592878,-1.2435225999286035,0.9088091190880911,1.0,20,28,10000,all_28_corridors_retrospective,retrospective_disclosure_not_confirmatory,28,False,False,False,False
n_tanker::Suez Canal,chronos2_univariate,Suez Canal,n_tanker,130,17.593881453154875,2140.0,2383.4510135650635,-243.45101356506348,-0.1064404184677984,-0.03578368157218344,0.05401751234230099,-0.1462760421398612,0.06110921191619165,-1.3080338918214833,0.8999100089991001,1.0,21,28,10000,all_28_corridors_retrospective,retrospective_disclosure_not_confirmatory,28,False,False,True,True
n_tanker::Dover Strait,chronos2_univariate,Dover Strait,n_tanker,130,57.932695984703635,7718.0,7993.505474090576,-275.5054740905762,-0.03658163739142026,0.003932291418889118,0.02734891721613813,-0.04764745684961349,0.06034520926613567,-1.4813723150400557,0.9395060493950604,1.0,22,28,10000,all_28_corridors_retrospective,retrospective_disclosure_not_confirmatory,28,False,False,False,True
n_tanker::Tsugaru Strait,chronos2_univariate,Tsugaru Strait,n_tanker,130,12.198087954110898,1660.0,1725.5817155838013,-65.58171558380127,-0.04135686979449889,0.034256631172276855,0.04270814210374146,-0.05375892043653016,0.11179005249961667,-1.7704703890678402,0.9548045195480452,1.0,23,28,10000,all_28_corridors_retrospective,retrospective_disclosure_not_confirmatory,28,False,False,False,True
n_tanker::Bohai Strait,chronos2_univariate,Bohai Strait,n_tanker,130,36.65353728489484,4246.0,4869.049671173096,-623.0496711730957,-0.13075654174937384,-0.024451758452672452,0.02990736129693085,-0.0842805541601416,0.0333347068189458,-3.5544688226176144,1.0,1.0,24,28,10000,all_28_corridors_retrospective,retrospective_disclosure_not_confirmatory,28,False,False,False,True
n_tanker::Gibraltar Strait,chronos2_univariate,Gibraltar Strait,n_tanker,130,43.01414913957935,5868.0,6530.495822906494,-662.4958229064941,-0.11847547415453016,-0.0033889549924191274,0.030177807637772128,-0.058680825488772036,0.058085056644209654,-3.813614313654207,1.0,1.0,25,28,10000,all_28_corridors_retrospective,retrospective_disclosure_not_confirmatory,28,True,False,False,True
n_tanker::Oresund Strait,chronos2_univariate,Oresund Strait,n_tanker,130,11.81567877629063,1315.0,1493.1225719451904,-178.12257194519043,-0.1159623290620436,0.002060926630730284,0.02589040542090567,-0.045095914087631396,0.05609532457226575,-4.558571168509934,1.0,1.0,26,28,10000,all_28_corridors_retrospective,retrospective_disclosure_not_confirmatory,28,False,False,False,True
n_tanker::Malacca Strait,chronos2_univariate,Malacca Strait,n_tanker,130,75.48298279158699,9373.0,11042.626625061035,-1669.6266250610352,-0.17014804206531953,0.001197998625267143,0.013967197274564363,-0.025583709147160547,0.028949724046577432,-12.267746873069848,1.0,1.0,27,28,10000,all_28_corridors_retrospective,retrospective_disclosure_not_confirmatory,28,True,False,False,True
n_tanker::Strait of Hormuz,chronos2_univariate,Strait of Hormuz,n_tanker,130,54.10363288718929,529.0,7571.26872253418,-7042.26872253418,-1.0012506549901987,-0.034007449679255015,0.04215658700645212,-0.119048768125291,0.044777293680770186,-22.944058663072177,1.0,1.0,28,28,10000,all_28_corridors_retrospective,retrospective_disclosure_not_confirmatory,28,False,True,True,True
