model,portname,fold,origin,scored_end,regime,n_days,pre_event_mean,mean_residual,scaled_mean_residual,residual_lead_slope,scaled_residual_lead_slope
ar_lag1_7,Cape of Good Hope,fold_01,2023-01-01,2023-05-10,pre_diversion,130,12.949521988527724,-2.67574638553896,-0.2066289696182967,-0.0026114723240700686,-0.00020166553841783746
ar_lag1_7,Cape of Good Hope,fold_02,2023-05-11,2023-09-17,pre_diversion,130,12.949521988527724,-1.8938388916736553,-0.14624778376772904,-0.007795287336207837,-0.0006019749102023888
ar_lag1_7,Cape of Good Hope,fold_03,2023-09-18,2024-01-25,straddles_onset,130,12.949521988527724,0.2071862846017237,0.015999531471916472,0.03817125505129123,0.0029476960682493156
ar_lag1_7,Cape of Good Hope,fold_04,2024-01-26,2024-06-03,post_diversion,130,12.949521988527724,8.56777022689397,0.6616283006032464,0.01646545184260663,0.0012715103968465977
ar_lag1_7,Cape of Good Hope,fold_05,2024-06-04,2024-10-11,post_diversion,130,12.949521988527724,7.7688989745897565,0.5999371236615838,-0.015462224578435917,-0.0011940382503797633
ar_lag1_7,Cape of Good Hope,fold_06,2024-10-12,2025-02-18,post_diversion,130,12.949521988527724,4.437241748807019,0.3426567986631532,-0.02009986209008484,-0.0015521701965440704
ar_lag1_7,Cape of Good Hope,fold_07,2025-02-19,2025-06-28,post_diversion,130,12.949521988527724,3.8200493119371646,0.2949953917466168,0.018267765913928175,0.001410690366031426
ar_lag1_7,Cape of Good Hope,fold_08,2025-06-29,2025-11-05,post_diversion,130,12.949521988527724,5.550105696339755,0.428595410800238,0.006383390706340073,0.0004929441188636356
ar_lag1_7,Gibraltar Strait,fold_01,2023-01-01,2023-05-10,pre_diversion,130,43.01414913957935,10.941254266847956,0.25436407521032167,0.032989653609309263,0.0007669488823842368
ar_lag1_7,Gibraltar Strait,fold_02,2023-05-11,2023-09-17,pre_diversion,130,43.01414913957935,8.571846953300907,0.19927970504509052,0.02606709682371532,0.0006060121458901474
ar_lag1_7,Gibraltar Strait,fold_03,2023-09-18,2024-01-25,straddles_onset,130,43.01414913957935,8.032200775374422,0.1867339221173531,0.011723101328277355,0.0002725405840351815
ar_lag1_7,Gibraltar Strait,fold_04,2024-01-26,2024-06-03,post_diversion,130,43.01414913957935,4.8029699524913685,0.11166023386644021,-0.006714657793624733,-0.00015610346660202234
ar_lag1_7,Gibraltar Strait,fold_05,2024-06-04,2024-10-11,post_diversion,130,43.01414913957935,1.9180581982645888,0.04459133184386746,-0.00907678005784027,-0.00021101847274454852
ar_lag1_7,Gibraltar Strait,fold_06,2024-10-12,2025-02-18,post_diversion,130,43.01414913957935,2.6556304117629685,0.061738531736279245,0.043200813797386606,0.0010043396106058388
ar_lag1_7,Gibraltar Strait,fold_07,2025-02-19,2025-06-28,post_diversion,130,43.01414913957935,3.2759840135141136,0.07616061410127316,-0.029304085725517213,-0.0006812661952332596
ar_lag1_7,Gibraltar Strait,fold_08,2025-06-29,2025-11-05,post_diversion,130,43.01414913957935,4.103974884263566,0.09540988177974453,-0.008076370681538788,-0.0001877607913463837
ar_lag1_7,Malacca Strait,fold_01,2023-01-01,2023-05-10,pre_diversion,130,75.48298279158699,12.637053604108702,0.1674159278919907,0.03986694270350667,0.0005281580195841183
ar_lag1_7,Malacca Strait,fold_02,2023-05-11,2023-09-17,pre_diversion,130,75.48298279158699,10.882075597164912,0.1441659456835585,0.030991597690891493,0.000410577279073101
ar_lag1_7,Malacca Strait,fold_03,2023-09-18,2024-01-25,straddles_onset,130,75.48298279158699,10.945220650093226,0.1450024925527073,0.03664140338095338,0.00048542601293489524
ar_lag1_7,Malacca Strait,fold_04,2024-01-26,2024-06-03,post_diversion,130,75.48298279158699,8.801968179472194,0.11660864282185233,0.015255481940302951,0.00020210491657999586
ar_lag1_7,Malacca Strait,fold_05,2024-06-04,2024-10-11,post_diversion,130,75.48298279158699,6.1590171790034764,0.08159477740842448,0.01174249700057316,0.00015556482489563104
ar_lag1_7,Malacca Strait,fold_06,2024-10-12,2025-02-18,post_diversion,130,75.48298279158699,5.8018130728212345,0.0768625305764663,0.004214772315617914,5.583738426520784e-05
ar_lag1_7,Malacca Strait,fold_07,2025-02-19,2025-06-28,post_diversion,130,75.48298279158699,6.109327069090557,0.0809364818817345,0.08443895321380003,0.0011186488674797207
ar_lag1_7,Malacca Strait,fold_08,2025-06-29,2025-11-05,post_diversion,130,75.48298279158699,7.5595226081629106,0.10014870012536736,0.03404377594683007,0.0004510125949954437
ar_lag1_7,Panama Canal,fold_01,2023-01-01,2023-05-10,pre_diversion,130,12.354110898661569,0.16911014186574425,0.013688572431713031,0.0071455345643832565,0.0005783932670668673
ar_lag1_7,Panama Canal,fold_02,2023-05-11,2023-09-17,pre_diversion,130,12.354110898661569,0.5469266602991373,0.04427082327376475,0.007389535685402721,0.0005981438685485085
ar_lag1_7,Panama Canal,fold_03,2023-09-18,2024-01-25,straddles_onset,130,12.354110898661569,-2.1295271823691797,-0.17237397331441232,-0.0440279976191768,-0.0035638337700163226
ar_lag1_7,Panama Canal,fold_04,2024-01-26,2024-06-03,post_diversion,130,12.354110898661569,-2.581154727626523,-0.20893083677160149,0.022650621453900097,0.001833448124247779
ar_lag1_7,Panama Canal,fold_05,2024-06-04,2024-10-11,post_diversion,130,12.354110898661569,-0.3506388857112053,-0.0283823650756764,0.003702068921150612,0.00029966291799693093
ar_lag1_7,Panama Canal,fold_06,2024-10-12,2025-02-18,post_diversion,130,12.354110898661569,0.21393224751919665,0.017316685051157656,0.0023168225642244155,0.0001875345448352271
ar_lag1_7,Panama Canal,fold_07,2025-02-19,2025-06-28,post_diversion,130,12.354110898661569,0.035007417985260476,0.0028336655120242723,-0.014998355383679805,-0.0012140376192757594
ar_lag1_7,Panama Canal,fold_08,2025-06-29,2025-11-05,post_diversion,130,12.354110898661569,0.5316141127030635,0.043031353455039646,-4.43190616386155e-05,-3.5873938644517895e-06
ar_lag1_7,Yucatan Channel,fold_01,2023-01-01,2023-05-10,pre_diversion,130,23.074569789674953,-0.1191055063590789,-0.0051617649839077115,0.00898671462729808,0.0003894640164133987
ar_lag1_7,Yucatan Channel,fold_02,2023-05-11,2023-09-17,pre_diversion,130,23.074569789674953,1.4950580032415581,0.06479245406822463,0.030988970375689068,0.001342992335638497
ar_lag1_7,Yucatan Channel,fold_03,2023-09-18,2024-01-25,straddles_onset,130,23.074569789674953,0.8122474733058626,0.035200980157355496,-0.022076677453127927,-0.000956753588663068
ar_lag1_7,Yucatan Channel,fold_04,2024-01-26,2024-06-03,post_diversion,130,23.074569789674953,3.0661833167740675,0.13288149442101735,0.024908101331307858,0.0010794611365822016
ar_lag1_7,Yucatan Channel,fold_05,2024-06-04,2024-10-11,post_diversion,130,23.074569789674953,3.51287949136794,0.15224030278301562,-0.009075237056641901,-0.00039330037956775886
ar_lag1_7,Yucatan Channel,fold_06,2024-10-12,2025-02-18,post_diversion,130,23.074569789674953,4.608813435321389,0.1997356170594205,-0.03460642441728158,-0.0014997646644214673
ar_lag1_7,Yucatan Channel,fold_07,2025-02-19,2025-06-28,post_diversion,130,23.074569789674953,1.9556295774671495,0.08475259106855479,-0.0148605413679737,-0.000644022467306119
ar_lag1_7,Yucatan Channel,fold_08,2025-06-29,2025-11-05,post_diversion,130,23.074569789674953,2.9852445602634123,0.1293737906047203,0.018786440867342085,0.000814162129070261
chronos2_univariate,Cape of Good Hope,fold_01,2023-01-01,2023-05-10,pre_diversion,130,12.949521988527724,0.3501865093524639,0.027042427485949067,0.00013887737512597887,1.0724517495627521e-05
chronos2_univariate,Cape of Good Hope,fold_02,2023-05-11,2023-09-17,pre_diversion,130,12.949521988527724,1.25537428855896,0.09694367789568793,-0.003359556900720579,-0.0002594348195784282
chronos2_univariate,Cape of Good Hope,fold_03,2023-09-18,2024-01-25,straddles_onset,130,12.949521988527724,2.7845584355867827,0.21503175468976277,0.04241055556033467,0.0032750672648694788
chronos2_univariate,Cape of Good Hope,fold_04,2024-01-26,2024-06-03,post_diversion,130,12.949521988527724,-28.158231339087852,-2.174461062271941,-0.5650939773719807,-0.04363821134653544
chronos2_univariate,Cape of Good Hope,fold_05,2024-06-04,2024-10-11,post_diversion,130,12.949521988527724,-1.4128825994638297,-0.10910693079756414,-0.04102773201845068,-0.0031682815825015073
chronos2_univariate,Cape of Good Hope,fold_06,2024-10-12,2025-02-18,post_diversion,130,12.949521988527724,-3.5409304252037637,-0.27344101414251076,-0.05151131067381621,-0.003977854218823772
chronos2_univariate,Cape of Good Hope,fold_07,2025-02-19,2025-06-28,post_diversion,130,12.949521988527724,1.4457526793846718,0.11164525460210013,0.018421575910418757,0.0014225680242667528
chronos2_univariate,Cape of Good Hope,fold_08,2025-06-29,2025-11-05,post_diversion,130,12.949521988527724,3.0694673464848443,0.23703325491119712,0.014389158276849104,0.001111172928977362
chronos2_univariate,Gibraltar Strait,fold_01,2023-01-01,2023-05-10,pre_diversion,130,43.01414913957935,4.13199944129357,0.09606140128182897,0.02736346502892336,0.0006361503267245833
chronos2_univariate,Gibraltar Strait,fold_02,2023-05-11,2023-09-17,pre_diversion,130,43.01414913957935,-2.3476209787222055,-0.054577877876980915,0.007552883088443008,0.00017559066585123365
chronos2_univariate,Gibraltar Strait,fold_03,2023-09-18,2024-01-25,straddles_onset,130,43.01414913957935,-1.4320718618539663,-0.03329304171999183,-0.017510012673648608,-0.00040707564891797005
chronos2_univariate,Gibraltar Strait,fold_04,2024-01-26,2024-06-03,post_diversion,130,43.01414913957935,-3.3659668849064754,-0.07825255066615487,-0.008278721225935823,-0.0001924650700185112
chronos2_univariate,Gibraltar Strait,fold_05,2024-06-04,2024-10-11,post_diversion,130,43.01414913957935,-2.0578829545241137,-0.04784200072972171,-0.01461317699497856,-0.00033972953754261956
chronos2_univariate,Gibraltar Strait,fold_06,2024-10-12,2025-02-18,post_diversion,130,43.01414913957935,2.4095868037297175,0.05601846954848963,0.047885133357044724,0.0011132414406631456
chronos2_univariate,Gibraltar Strait,fold_07,2025-02-19,2025-06-28,post_diversion,130,43.01414913957935,-1.216430165217473,-0.02827976815884934,-0.038789446033639846,-0.0009017834087051101
chronos2_univariate,Gibraltar Strait,fold_08,2025-06-29,2025-11-05,post_diversion,130,43.01414913957935,2.7525935833270734,0.06399274746537488,-0.006352592159560309,-0.00014768610530796223
chronos2_univariate,Malacca Strait,fold_01,2023-01-01,2023-05-10,pre_diversion,130,75.48298279158699,0.19160103431114783,0.0025383341678503844,0.05156503443550023,0.0006831345626321414
chronos2_univariate,Malacca Strait,fold_02,2023-05-11,2023-09-17,pre_diversion,130,75.48298279158699,1.3043050912710337,0.017279458800300695,-0.007442461164940928,-9.859786788619637e-05
chronos2_univariate,Malacca Strait,fold_03,2023-09-18,2024-01-25,straddles_onset,130,75.48298279158699,-0.2433545626126803,-0.003223965900825577,-0.004123814089806252,-5.4632367949639034e-05
chronos2_univariate,Malacca Strait,fold_04,2024-01-26,2024-06-03,post_diversion,130,75.48298279158699,0.22697924100435696,0.0030070253269012985,0.019927532622840503,0.00026400033339781507
chronos2_univariate,Malacca Strait,fold_05,2024-06-04,2024-10-11,post_diversion,130,75.48298279158699,-1.6844728323129508,-0.022315928306170418,-0.019801528226995706,-0.0002623310247512198
chronos2_univariate,Malacca Strait,fold_06,2024-10-12,2025-02-18,post_diversion,130,75.48298279158699,-2.4338502737192007,-0.03224369498538771,-0.022472688553316328,-0.00029771860785317343
chronos2_univariate,Malacca Strait,fold_07,2025-02-19,2025-06-28,post_diversion,130,75.48298279158699,1.8478014432466947,0.024479708868270143,0.0798933418958528,0.0010584285217827582
chronos2_univariate,Malacca Strait,fold_08,2025-06-29,2025-11-05,post_diversion,130,75.48298279158699,1.4278448838454025,0.01891611633562186,0.017243461388534557,0.0002284417063398883
chronos2_univariate,Panama Canal,fold_01,2023-01-01,2023-05-10,pre_diversion,130,12.354110898661569,-0.234718183370737,-0.018999196728610078,0.006795762393942399,0.0005500810580127336
chronos2_univariate,Panama Canal,fold_02,2023-05-11,2023-09-17,pre_diversion,130,12.354110898661569,0.3953620984004093,0.03200247283220053,0.00910269684851406,0.0007368152126188407
chronos2_univariate,Panama Canal,fold_03,2023-09-18,2024-01-25,straddles_onset,130,12.354110898661569,-2.8165603124178373,-0.22798567501308253,-0.046901530732676014,-0.0037964310922413104
chronos2_univariate,Panama Canal,fold_04,2024-01-26,2024-06-03,post_diversion,130,12.354110898661569,1.9555289892049936,0.15828973895781148,0.02393583213391391,0.0019374791379367568
chronos2_univariate,Panama Canal,fold_05,2024-06-04,2024-10-11,post_diversion,130,12.354110898661569,0.8542171551631046,0.06914436515667426,0.003616654896498802,0.00029274910401610744
chronos2_univariate,Panama Canal,fold_06,2024-10-12,2025-02-18,post_diversion,130,12.354110898661569,0.44431480994591344,0.03596493617311223,0.004628095283149386,0.0003746198590180042
chronos2_univariate,Panama Canal,fold_07,2025-02-19,2025-06-28,post_diversion,130,12.354110898661569,-0.05036015877356896,-0.0040763887572860405,-0.013334883128177674,-0.0010793883297277476
chronos2_univariate,Panama Canal,fold_08,2025-06-29,2025-11-05,post_diversion,130,12.354110898661569,0.5439850440392128,0.04403271498057764,0.003965111832644179,0.0003209548518035203
chronos2_univariate,Yucatan Channel,fold_01,2023-01-01,2023-05-10,pre_diversion,130,23.074569789674953,-0.6643812766441933,-0.028792791488640463,0.004938864399623044,0.00021403928414011038
chronos2_univariate,Yucatan Channel,fold_02,2023-05-11,2023-09-17,pre_diversion,130,23.074569789674953,1.2271844277015098,0.053183415287362416,0.030717162691074735,0.001331212801411343
chronos2_univariate,Yucatan Channel,fold_03,2023-09-18,2024-01-25,straddles_onset,130,23.074569789674953,-0.16242423424353983,-0.007039101301737763,-0.01978669944244027,-0.0008575110878684339
chronos2_univariate,Yucatan Channel,fold_04,2024-01-26,2024-06-03,post_diversion,130,23.074569789674953,2.871981224646935,0.12446521217188822,0.020204042107211547,0.0008755977810798507
chronos2_univariate,Yucatan Channel,fold_05,2024-06-04,2024-10-11,post_diversion,130,23.074569789674953,1.0183628228994517,0.044133556212828405,0.0030464242948907176,0.00013202518281636106
chronos2_univariate,Yucatan Channel,fold_06,2024-10-12,2025-02-18,post_diversion,130,23.074569789674953,1.6250458350548378,0.0704258345818429,-0.03906907006837933,-0.001693165698190453
chronos2_univariate,Yucatan Channel,fold_07,2025-02-19,2025-06-28,post_diversion,130,23.074569789674953,-1.5313960295457107,-0.06636726246705392,-0.019215221936635437,-0.0008327445370285327
chronos2_univariate,Yucatan Channel,fold_08,2025-06-29,2025-11-05,post_diversion,130,23.074569789674953,1.4654408528254583,0.06350891332679107,0.017323976015669887,0.0007507821889455876
